nuts2;year;edu_index;edu_index_im
AT11;2009;0.763;0.763
AT11;2010;0.779;0.779
AT11;2011;0.779;0.779
AT11;2012;0.779;0.779
AT11;2013;0.777;0.777
AT11;2014;0.795;0.795
AT11;2015;0.812;0.812
AT11;2016;0.811;0.811
AT11;2017;0.816;0.816
AT11;2018;0.817;0.817
AT11;2019;0.813;0.813
AT11;2020;NA;0.830280147
AT12;2009;0.752;0.752
AT12;2010;0.77;0.77
AT12;2011;0.767;0.767
AT12;2012;0.768;0.768
AT12;2013;0.764;0.764
AT12;2014;0.787;0.787
AT12;2015;0.799;0.799
AT12;2016;0.799;0.799
AT12;2017;0.805;0.805
AT12;2018;0.807;0.807
AT12;2019;0.8;0.8
AT12;2020;NA;0.811267597
AT13;2009;0.901;0.901
AT13;2010;0.907;0.907
AT13;2011;0.905;0.905
AT13;2012;0.905;0.905
AT13;2013;0.913;0.913
AT13;2014;0.928;0.928
AT13;2015;0.933;0.933
AT13;2016;0.933;0.933
AT13;2017;0.936;0.936
AT13;2018;0.935;0.935
AT13;2019;0.93;0.93
AT13;2020;NA;0.947668653
AT21;2009;0.802;0.802
AT21;2010;0.819;0.819
AT21;2011;0.819;0.819
AT21;2012;0.822;0.822
AT21;2013;0.815;0.815
AT21;2014;0.837;0.837
AT21;2015;0.842;0.842
AT21;2016;0.847;0.847
AT21;2017;0.847;0.847
AT21;2018;0.849;0.849
AT21;2019;0.841;0.841
AT21;2020;NA;0.865126082
AT22;2009;0.82;0.82
AT22;2010;0.837;0.837
AT22;2011;0.841;0.841
AT22;2012;0.844;0.844
AT22;2013;0.836;0.836
AT22;2014;0.851;0.851
AT22;2015;0.862;0.862
AT22;2016;0.864;0.864
AT22;2017;0.866;0.866
AT22;2018;0.868;0.868
AT22;2019;0.867;0.867
AT22;2020;NA;0.87735675
AT31;2009;0.783;0.783
AT31;2010;0.804;0.804
AT31;2011;0.804;0.804
AT31;2012;0.807;0.807
AT31;2013;0.801;0.801
AT31;2014;0.818;0.818
AT31;2015;0.827;0.827
AT31;2016;0.833;0.833
AT31;2017;0.834;0.834
AT31;2018;0.832;0.832
AT31;2019;0.834;0.834
AT31;2020;NA;0.84831978
AT32;2009;0.838;0.838
AT32;2010;0.858;0.858
AT32;2011;0.859;0.859
AT32;2012;0.862;0.862
AT32;2013;0.857;0.857
AT32;2014;0.869;0.869
AT32;2015;0.88;0.88
AT32;2016;0.885;0.885
AT32;2017;0.884;0.884
AT32;2018;0.883;0.883
AT32;2019;0.879;0.879
AT32;2020;NA;0.891778274
AT33;2009;0.826;0.826
AT33;2010;0.846;0.846
AT33;2011;0.849;0.849
AT33;2012;0.853;0.853
AT33;2013;0.846;0.846
AT33;2014;0.861;0.861
AT33;2015;0.868;0.868
AT33;2016;0.875;0.875
AT33;2017;0.879;0.879
AT33;2018;0.88;0.88
AT33;2019;0.874;0.874
AT33;2020;NA;0.890675015
AT34;2009;0.763;0.763
AT34;2010;0.778;0.778
AT34;2011;0.78;0.78
AT34;2012;0.786;0.786
AT34;2013;0.782;0.782
AT34;2014;0.795;0.795
AT34;2015;0.806;0.806
AT34;2016;0.806;0.806
AT34;2017;0.809;0.809
AT34;2018;0.807;0.807
AT34;2019;0.804;0.804
AT34;2020;NA;0.812999317
BE10;2009;0.883;0.883
BE10;2010;0.879;0.879
BE10;2011;0.882;0.882
BE10;2012;0.882;0.882
BE10;2013;0.885;0.885
BE10;2014;0.888;0.888
BE10;2015;0.896;0.896
BE10;2016;0.9;0.9
BE10;2017;0.906;0.906
BE10;2018;0.906;0.906
BE10;2019;0.907;0.907
BE10;2020;NA;0.913666568
BE21;2009;0.87;0.87
BE21;2010;0.873;0.873
BE21;2011;0.873;0.873
BE21;2012;0.876;0.876
BE21;2013;0.881;0.881
BE21;2014;0.888;0.888
BE21;2015;0.894;0.894
BE21;2016;0.89;0.89
BE21;2017;0.898;0.898
BE21;2018;0.9;0.9
BE21;2019;0.903;0.903
BE21;2020;NA;0.910465434
BE22;2009;0.861;0.861
BE22;2010;0.86;0.86
BE22;2011;0.864;0.864
BE22;2012;0.865;0.865
BE22;2013;0.869;0.869
BE22;2014;0.875;0.875
BE22;2015;0.883;0.883
BE22;2016;0.886;0.886
BE22;2017;0.893;0.893
BE22;2018;0.894;0.894
BE22;2019;0.898;0.898
BE22;2020;NA;0.904853315
BE23;2009;0.872;0.872
BE23;2010;0.87;0.87
BE23;2011;0.876;0.876
BE23;2012;0.873;0.873
BE23;2013;0.885;0.885
BE23;2014;0.884;0.884
BE23;2015;0.892;0.892
BE23;2016;0.898;0.898
BE23;2017;0.906;0.906
BE23;2018;0.907;0.907
BE23;2019;0.908;0.908
BE23;2020;NA;0.919986019
BE24;2009;0.888;0.888
BE24;2010;0.888;0.888
BE24;2011;0.888;0.888
BE24;2012;0.892;0.892
BE24;2013;0.903;0.903
BE24;2014;0.905;0.905
BE24;2015;0.91;0.91
BE24;2016;0.918;0.918
BE24;2017;0.926;0.926
BE24;2018;0.907;0.907
BE24;2019;0.912;0.912
BE24;2020;NA;0.927520441
BE25;2009;0.861;0.861
BE25;2010;0.863;0.863
BE25;2011;0.87;0.87
BE25;2012;0.869;0.869
BE25;2013;0.877;0.877
BE25;2014;0.877;0.877
BE25;2015;0.884;0.884
BE25;2016;0.891;0.891
BE25;2017;0.896;0.896
BE25;2018;0.896;0.896
BE25;2019;0.901;0.901
BE25;2020;NA;0.902811247
BE31;2009;0.838;0.838
BE31;2010;0.839;0.839
BE31;2011;0.855;0.855
BE31;2012;0.848;0.848
BE31;2013;0.858;0.858
BE31;2014;0.872;0.872
BE31;2015;0.884;0.884
BE31;2016;0.877;0.877
BE31;2017;0.881;0.881
BE31;2018;0.906;0.906
BE31;2019;0.904;0.904
BE31;2020;NA;0.916596212
BE32;2009;0.844;0.844
BE32;2010;0.852;0.852
BE32;2011;0.851;0.851
BE32;2012;0.853;0.853
BE32;2013;0.862;0.862
BE32;2014;0.864;0.864
BE32;2015;0.867;0.867
BE32;2016;0.875;0.875
BE32;2017;0.878;0.878
BE32;2018;0.879;0.879
BE32;2019;0.883;0.883
BE32;2020;NA;0.889773485
BE33;2009;0.83;0.83
BE33;2010;0.83;0.83
BE33;2011;0.836;0.836
BE33;2012;0.837;0.837
BE33;2013;0.848;0.848
BE33;2014;0.861;0.861
BE33;2015;0.87;0.87
BE33;2016;0.872;0.872
BE33;2017;0.871;0.871
BE33;2018;0.886;0.886
BE33;2019;0.894;0.894
BE33;2020;NA;0.903018717
BE34;2009;0.847;0.847
BE34;2010;0.847;0.847
BE34;2011;0.849;0.849
BE34;2012;0.858;0.858
BE34;2013;0.86;0.86
BE34;2014;0.881;0.881
BE34;2015;0.89;0.89
BE34;2016;0.889;0.889
BE34;2017;0.89;0.89
BE34;2018;0.899;0.899
BE34;2019;0.905;0.905
BE34;2020;NA;0.919416438
BE35;2009;0.868;0.868
BE35;2010;0.868;0.868
BE35;2011;0.87;0.87
BE35;2012;0.874;0.874
BE35;2013;0.876;0.876
BE35;2014;0.883;0.883
BE35;2015;0.889;0.889
BE35;2016;0.891;0.891
BE35;2017;0.901;0.901
BE35;2018;0.898;0.898
BE35;2019;0.897;0.897
BE35;2020;NA;0.903891142
BG31;2009;0.692;0.692
BG31;2010;0.701;0.701
BG31;2011;0.705;0.705
BG31;2012;0.708;0.708
BG31;2013;0.72;0.72
BG31;2014;0.727;0.727
BG31;2015;0.732;0.732
BG31;2016;0.725;0.725
BG31;2017;0.722;0.722
BG31;2018;0.719;0.719
BG31;2019;0.715;0.715
BG31;2020;NA;0.732068885
BG32;2009;0.761;0.761
BG32;2010;0.767;0.767
BG32;2011;0.774;0.774
BG32;2012;0.779;0.779
BG32;2013;0.793;0.793
BG32;2014;0.799;0.799
BG32;2015;0.807;0.807
BG32;2016;0.795;0.795
BG32;2017;0.783;0.783
BG32;2018;0.773;0.773
BG32;2019;0.77;0.77
BG32;2020;NA;0.781925201
BG33;2009;0.748;0.748
BG33;2010;0.757;0.757
BG33;2011;0.763;0.763
BG33;2012;0.766;0.766
BG33;2013;0.783;0.783
BG33;2014;0.787;0.787
BG33;2015;0.786;0.786
BG33;2016;0.775;0.775
BG33;2017;0.767;0.767
BG33;2018;0.757;0.757
BG33;2019;0.75;0.75
BG33;2020;NA;0.774894733
BG34;2009;0.69;0.69
BG34;2010;0.699;0.699
BG34;2011;0.707;0.707
BG34;2012;0.711;0.711
BG34;2013;0.723;0.723
BG34;2014;0.729;0.729
BG34;2015;0.732;0.732
BG34;2016;0.727;0.727
BG34;2017;0.721;0.721
BG34;2018;0.713;0.713
BG34;2019;0.711;0.711
BG34;2020;NA;0.75175209
BG41;2009;0.816;0.816
BG41;2010;0.825;0.825
BG41;2011;0.83;0.83
BG41;2012;0.833;0.833
BG41;2013;0.848;0.848
BG41;2014;0.861;0.861
BG41;2015;0.866;0.866
BG41;2016;0.867;0.867
BG41;2017;0.864;0.864
BG41;2018;0.862;0.862
BG41;2019;0.867;0.867
BG41;2020;NA;0.882895078
BG42;2009;0.721;0.721
BG42;2010;0.731;0.731
BG42;2011;0.736;0.736
BG42;2012;0.739;0.739
BG42;2013;0.753;0.753
BG42;2014;0.76;0.76
BG42;2015;0.766;0.766
BG42;2016;0.759;0.759
BG42;2017;0.757;0.757
BG42;2018;0.75;0.75
BG42;2019;0.752;0.752
BG42;2020;NA;0.765960076
CH01;2009;0.89;0.89
CH01;2010;0.895;0.895
CH01;2011;0.899;0.899
CH01;2012;0.903;0.903
CH01;2013;0.902;0.902
CH01;2014;0.887;0.887
CH01;2015;0.899;0.899
CH01;2016;0.891;0.891
CH01;2017;0.898;0.898
CH01;2018;0.912;0.912
CH01;2019;0.911;0.911
CH01;2020;NA;0.901427406
CH02;2009;0.857;0.857
CH02;2010;0.865;0.865
CH02;2011;0.866;0.866
CH02;2012;0.873;0.873
CH02;2013;0.875;0.875
CH02;2014;0.862;0.862
CH02;2015;0.875;0.875
CH02;2016;0.869;0.869
CH02;2017;0.871;0.871
CH02;2018;0.882;0.882
CH02;2019;0.882;0.882
CH02;2020;NA;0.876205098
CH03;2009;0.853;0.853
CH03;2010;0.858;0.858
CH03;2011;0.859;0.859
CH03;2012;0.866;0.866
CH03;2013;0.873;0.873
CH03;2014;0.857;0.857
CH03;2015;0.867;0.867
CH03;2016;0.865;0.865
CH03;2017;0.866;0.866
CH03;2018;0.879;0.879
CH03;2019;0.88;0.88
CH03;2020;NA;0.882902126
CH04;2009;0.924;0.924
CH04;2010;0.929;0.929
CH04;2011;0.935;0.935
CH04;2012;0.943;0.943
CH04;2013;0.946;0.946
CH04;2014;0.932;0.932
CH04;2015;0.944;0.944
CH04;2016;0.944;0.944
CH04;2017;0.944;0.944
CH04;2018;0.958;0.958
CH04;2019;0.96;0.96
CH04;2020;NA;0.955590322
CH05;2009;0.832;0.832
CH05;2010;0.837;0.837
CH05;2011;0.839;0.839
CH05;2012;0.844;0.844
CH05;2013;0.846;0.846
CH05;2014;0.834;0.834
CH05;2015;0.845;0.845
CH05;2016;0.843;0.843
CH05;2017;0.845;0.845
CH05;2018;0.859;0.859
CH05;2019;0.859;0.859
CH05;2020;NA;0.855121501
CH06;2009;0.85;0.85
CH06;2010;0.851;0.851
CH06;2011;0.853;0.853
CH06;2012;0.86;0.86
CH06;2013;0.864;0.864
CH06;2014;0.849;0.849
CH06;2015;0.859;0.859
CH06;2016;0.862;0.862
CH06;2017;0.863;0.863
CH06;2018;0.873;0.873
CH06;2019;0.87;0.87
CH06;2020;NA;0.87214881
CH07;2009;0.845;0.845
CH07;2010;0.848;0.848
CH07;2011;0.852;0.852
CH07;2012;0.858;0.858
CH07;2013;0.861;0.861
CH07;2014;0.853;0.853
CH07;2015;0.87;0.87
CH07;2016;0.863;0.863
CH07;2017;0.867;0.867
CH07;2018;0.88;0.88
CH07;2019;0.877;0.877
CH07;2020;NA;0.876695174
CY00;2009;0.851306736;0.851306736
CY00;2010;0.861940275;0.861940275
CY00;2011;0.878471335;0.878471335
CY00;2012;0.879869498;0.879869498
CY00;2013;0.87881103;0.87881103
CY00;2014;0.881733956;0.881733956
CY00;2015;0.886137629;0.886137629
CY00;2016;0.892246657;0.892246657
CY00;2017;0.897486975;0.897486975
CY00;2018;0.90437117;0.90437117
CY00;2019;0.90471053;0.90471053
CY00;2020;NA;0.908379863
CZ01;2009;0.941;0.941
CZ01;2010;0.95;0.95
CZ01;2011;0.956;0.956
CZ01;2012;0.95;0.95
CZ01;2013;0.956;0.956
CZ01;2014;0.965;0.965
CZ01;2015;0.96;0.96
CZ01;2016;0.96;0.96
CZ01;2017;0.966;0.966
CZ01;2018;0.966;0.966
CZ01;2019;0.965;0.965
CZ01;2020;NA;0.977119863
CZ02;2009;0.748;0.748
CZ02;2010;0.756;0.756
CZ02;2011;0.761;0.761
CZ02;2012;0.759;0.759
CZ02;2013;0.777;0.777
CZ02;2014;0.786;0.786
CZ02;2015;0.785;0.785
CZ02;2016;0.779;0.779
CZ02;2017;0.779;0.779
CZ02;2018;0.78;0.78
CZ02;2019;0.78;0.78
CZ02;2020;NA;0.794424114
CZ03;2009;0.839;0.839
CZ03;2010;0.846;0.846
CZ03;2011;0.851;0.851
CZ03;2012;0.85;0.85
CZ03;2013;0.87;0.87
CZ03;2014;0.875;0.875
CZ03;2015;0.877;0.877
CZ03;2016;0.874;0.874
CZ03;2017;0.874;0.874
CZ03;2018;0.872;0.872
CZ03;2019;0.873;0.873
CZ03;2020;NA;0.883831976
CZ04;2009;0.777;0.777
CZ04;2010;0.785;0.785
CZ04;2011;0.79;0.79
CZ04;2012;0.788;0.788
CZ04;2013;0.806;0.806
CZ04;2014;0.816;0.816
CZ04;2015;0.814;0.814
CZ04;2016;0.809;0.809
CZ04;2017;0.805;0.805
CZ04;2018;0.802;0.802
CZ04;2019;0.803;0.803
CZ04;2020;NA;0.821559741
CZ05;2009;0.817;0.817
CZ05;2010;0.825;0.825
CZ05;2011;0.83;0.83
CZ05;2012;0.825;0.825
CZ05;2013;0.846;0.846
CZ05;2014;0.855;0.855
CZ05;2015;0.857;0.857
CZ05;2016;0.851;0.851
CZ05;2017;0.852;0.852
CZ05;2018;0.852;0.852
CZ05;2019;0.852;0.852
CZ05;2020;NA;0.869218856
CZ06;2009;0.881;0.881
CZ06;2010;0.889;0.889
CZ06;2011;0.896;0.896
CZ06;2012;0.894;0.894
CZ06;2013;0.916;0.916
CZ06;2014;0.924;0.924
CZ06;2015;0.928;0.928
CZ06;2016;0.927;0.927
CZ06;2017;0.927;0.927
CZ06;2018;0.927;0.927
CZ06;2019;0.928;0.928
CZ06;2020;NA;0.944053682
CZ07;2009;0.832;0.832
CZ07;2010;0.839;0.839
CZ07;2011;0.846;0.846
CZ07;2012;0.841;0.841
CZ07;2013;0.86;0.86
CZ07;2014;0.872;0.872
CZ07;2015;0.88;0.88
CZ07;2016;0.875;0.875
CZ07;2017;0.877;0.877
CZ07;2018;0.879;0.879
CZ07;2019;0.88;0.88
CZ07;2020;NA;0.895193095
CZ08;2009;0.83;0.83
CZ08;2010;0.839;0.839
CZ08;2011;0.843;0.843
CZ08;2012;0.84;0.84
CZ08;2013;0.86;0.86
CZ08;2014;0.864;0.864
CZ08;2015;0.867;0.867
CZ08;2016;0.861;0.861
CZ08;2017;0.862;0.862
CZ08;2018;0.858;0.858
CZ08;2019;0.856;0.856
CZ08;2020;NA;0.868204763
DE11;2009;0.847258628;0.847258628
DE11;2010;0.854206295;0.854206295
DE11;2011;0.851949764;0.851949764
DE11;2012;0.854332645;0.854332645
DE11;2013;0.857500998;0.857500998
DE11;2014;0.838600471;0.838600471
DE11;2015;0.849429544;0.849429544
DE11;2016;0.851899602;0.851899602
DE11;2017;0.850414735;0.850414735
DE11;2018;0.850722043;0.850722043
DE11;2019;0.856492;0.856492
DE11;2020;NA;0.849818441
DE12;2009;0.842818424;0.842818424
DE12;2010;0.847790291;0.847790291
DE12;2011;0.852408207;0.852408207
DE12;2012;0.853651121;0.853651121
DE12;2013;0.847614125;0.847614125
DE12;2014;0.834214366;0.834214366
DE12;2015;0.843176423;0.843176423
DE12;2016;0.847281937;0.847281937
DE12;2017;0.843796824;0.843796824
DE12;2018;0.839298466;0.839298466
DE12;2019;0.84878726;0.84878726
DE12;2020;NA;0.845220845
DE13;2009;0.820954268;0.820954268
DE13;2010;0.816187578;0.816187578
DE13;2011;0.838160972;0.838160972
DE13;2012;0.841803552;0.841803552
DE13;2013;0.837287506;0.837287506
DE13;2014;0.819856633;0.819856633
DE13;2015;0.824307506;0.824307506
DE13;2016;0.830373816;0.830373816
DE13;2017;0.829749573;0.829749573
DE13;2018;0.826295423;0.826295423
DE13;2019;0.836176067;0.836176067
DE13;2020;NA;0.839058053
DE14;2009;0.842818424;0.842818424
DE14;2010;0.852335106;0.852335106
DE14;2011;0.850118404;0.850118404
DE14;2012;0.854717814;0.854717814
DE14;2013;0.860819903;0.860819903
DE14;2014;0.837142831;0.837142831
DE14;2015;0.839995087;0.839995087
DE14;2016;0.839961759;0.839961759
DE14;2017;0.84100892;0.84100892
DE14;2018;0.834658497;0.834658497
DE14;2019;0.842179163;0.842179163
DE14;2020;NA;0.830120484
DE21;2009;0.850044467;0.850044467
DE21;2010;0.856581326;0.856581326
DE21;2011;0.85965257;0.85965257
DE21;2012;0.868357918;0.868357918
DE21;2013;0.874476323;0.874476323
DE21;2014;0.867903732;0.867903732
DE21;2015;0.871944249;0.871944249
DE21;2016;0.877266338;0.877266338
DE21;2017;0.884954641;0.884954641
DE21;2018;0.893186711;0.893186711
DE21;2019;0.8887293;0.8887293
DE21;2020;NA;0.894718887
DE22;2009;0.777323773;0.777323773
DE22;2010;0.773471306;0.773471306
DE22;2011;0.776798308;0.776798308
DE22;2012;0.779035494;0.779035494
DE22;2013;0.789476981;0.789476981
DE22;2014;0.790122907;0.790122907
DE22;2015;0.788339801;0.788339801
DE22;2016;0.792208683;0.792208683
DE22;2017;0.79196224;0.79196224
DE22;2018;0.786148715;0.786148715
DE22;2019;0.794332879;0.794332879
DE22;2020;NA;0.801654849
DE23;2009;0.777238071;0.777238071
DE23;2010;0.773060033;0.773060033
DE23;2011;0.779008535;0.779008535
DE23;2012;0.80256451;0.80256451
DE23;2013;0.809111912;0.809111912
DE23;2014;0.810826881;0.810826881
DE23;2015;0.80953697;0.80953697
DE23;2016;0.807721832;0.807721832
DE23;2017;0.804485851;0.804485851
DE23;2018;0.798148218;0.798148218
DE23;2019;0.809344695;0.809344695
DE23;2020;NA;0.814582583
DE24;2009;0.794485912;0.794485912
DE24;2010;0.780989035;0.780989035
DE24;2011;0.811666164;0.811666164
DE24;2012;0.80256451;0.80256451
DE24;2013;0.803843028;0.803843028
DE24;2014;0.806797781;0.806797781
DE24;2015;0.801365551;0.801365551
DE24;2016;0.799139586;0.799139586
DE24;2017;0.806698104;0.806698104
DE24;2018;0.797246436;0.797246436
DE24;2019;0.809344695;0.809344695
DE24;2020;NA;0.80125075
DE25;2009;0.814174499;0.814174499
DE25;2010;0.827653165;0.827653165
DE25;2011;0.836731818;0.836731818
DE25;2012;0.844661628;0.844661628
DE25;2013;0.830159832;0.830159832
DE25;2014;0.823845851;0.823845851
DE25;2015;0.828124391;0.828124391
DE25;2016;0.832517025;0.832517025
DE25;2017;0.836521054;0.836521054
DE25;2018;0.835430476;0.835430476
DE25;2019;0.836176067;0.836176067
DE25;2020;NA;0.835607351
DE26;2009;0.805973623;0.805973623
DE26;2010;0.833725405;0.833725405
DE26;2011;0.816953132;0.816953132
DE26;2012;0.830505526;0.830505526
DE26;2013;0.825429335;0.825429335
DE26;2014;0.813341078;0.813341078
DE26;2015;0.819933911;0.819933911
DE26;2016;0.82067864;0.82067864
DE26;2017;0.822964485;0.822964485
DE26;2018;0.811804504;0.811804504
DE26;2019;0.823874913;0.823874913
DE26;2020;NA;0.815917658
DE27;2009;0.783066894;0.783066894
DE27;2010;0.783080244;0.783080244
DE27;2011;0.809910395;0.809910395
DE27;2012;0.790174352;0.790174352
DE27;2013;0.804687003;0.804687003
DE27;2014;0.810826881;0.810826881
DE27;2015;0.812817996;0.812817996
DE27;2016;0.805569894;0.805569894
DE27;2017;0.812829458;0.812829458
DE27;2018;0.807556532;0.807556532
DE27;2019;0.81883991;0.81883991
DE27;2020;NA;0.822942959
DE30;2009;0.855453081;0.855453081
DE30;2010;0.86325737;0.86325737
DE30;2011;0.871661468;0.871661468
DE30;2012;0.872425632;0.872425632
DE30;2013;0.874251868;0.874251868
DE30;2014;0.863435768;0.863435768
DE30;2015;0.869710869;0.869710869
DE30;2016;0.880369342;0.880369342
DE30;2017;0.889310764;0.889310764
DE30;2018;0.898347064;0.898347064
DE30;2019;0.89915759;0.89915759
DE30;2020;NA;0.897413092
DE40;2009;0.848527112;0.848527112
DE40;2010;0.854206295;0.854206295
DE40;2011;0.852750036;0.852750036
DE40;2012;0.848373228;0.848373228
DE40;2013;0.839810681;0.839810681
DE40;2014;0.823348208;0.823348208
DE40;2015;0.824307506;0.824307506
DE40;2016;0.82067864;0.82067864
DE40;2017;0.818449177;0.818449177
DE40;2018;0.817030649;0.817030649
DE40;2019;0.823874913;0.823874913
DE40;2020;NA;0.813357495
DE50;2009;0.781787186;0.781787186
DE50;2010;0.79963083;0.79963083
DE50;2011;0.845567034;0.845567034
DE50;2012;0.819887475;0.819887475
DE50;2013;0.807304522;0.807304522
DE50;2014;0.817354899;0.817354899
DE50;2015;0.816102204;0.816102204
DE50;2016;0.822838089;0.822838089
DE50;2017;0.826922174;0.826922174
DE50;2018;0.818396265;0.818396265
DE50;2019;0.823874913;0.823874913
DE50;2020;NA;0.82683452
DE60;2009;0.843991935;0.843991935
DE60;2010;0.854467346;0.854467346
DE60;2011;0.847522205;0.847522205
DE60;2012;0.853789607;0.853789607
DE60;2013;0.851836216;0.851836216
DE60;2014;0.851956224;0.851956224
DE60;2015;0.861828472;0.861828472
DE60;2016;0.868077891;0.868077891
DE60;2017;0.866804057;0.866804057
DE60;2018;0.877042253;0.877042253
DE60;2019;0.87222313;0.87222313
DE60;2020;NA;0.87186745
DE71;2009;0.840744508;0.840744508
DE71;2010;0.853204253;0.853204253
DE71;2011;0.851399071;0.851399071
DE71;2012;0.854550139;0.854550139
DE71;2013;0.857500998;0.857500998
DE71;2014;0.844382731;0.844382731
DE71;2015;0.84891484;0.84891484
DE71;2016;0.852914772;0.852914772
DE71;2017;0.860076614;0.860076614
DE71;2018;0.859240148;0.859240148
DE71;2019;0.85940237;0.85940237
DE71;2020;NA;0.857622346
DE72;2009;0.796890537;0.796890537
DE72;2010;0.80284624;0.80284624
DE72;2011;0.823918868;0.823918868
DE72;2012;0.845504432;0.845504432
DE72;2013;0.834682101;0.834682101
DE72;2014;0.813843453;0.813843453
DE72;2015;0.821575035;0.821575035
DE72;2016;0.825534264;0.825534264
DE72;2017;0.828053239;0.828053239
DE72;2018;0.812436574;0.812436574
DE72;2019;0.823874913;0.823874913
DE72;2020;NA;0.830714422
DE73;2009;0.778342354;0.778342354
DE73;2010;0.774306614;0.774306614
DE73;2011;0.787857818;0.787857818
DE73;2012;0.783943422;0.783943422
DE73;2013;0.805545841;0.805545841
DE73;2014;0.797208711;0.797208711
DE73;2015;0.799194113;0.799194113
DE73;2016;0.803958718;0.803958718
DE73;2017;0.811151156;0.811151156
DE73;2018;0.800532067;0.800532067
DE73;2019;0.807845392;0.807845392
DE73;2020;NA;0.815901986
DE80;2009;0.811429133;0.811429133
DE80;2010;0.821187128;0.821187128
DE80;2011;0.830585723;0.830585723
DE80;2012;0.811934971;0.811934971
DE80;2013;0.805545841;0.805545841
DE80;2014;0.805285446;0.805285446
DE80;2015;0.812270858;0.812270858
DE80;2016;0.813115217;0.813115217
DE80;2017;0.816197217;0.816197217
DE80;2018;0.801030623;0.801030623
DE80;2019;0.808842109;0.808842109
DE80;2020;NA;0.803478219
DE91;2009;0.777840475;0.777840475
DE91;2010;0.773471306;0.773471306
DE91;2011;0.779008535;0.779008535
DE91;2012;0.790174352;0.790174352
DE91;2013;0.800633655;0.800633655
DE91;2014;0.811330008;0.811330008
DE91;2015;0.816102204;0.816102204
DE91;2016;0.809338125;0.809338125
DE91;2017;0.820140936;0.820140936
DE91;2018;0.819087662;0.819087662
DE91;2019;0.826166479;0.826166479
DE91;2020;NA;0.842183469
DE92;2009;0.789016691;0.789016691
DE92;2010;0.80284624;0.80284624
DE92;2011;0.809910395;0.809910395
DE92;2012;0.810345572;0.810345572
DE92;2013;0.811898659;0.811898659
DE92;2014;0.810826881;0.810826881
DE92;2015;0.815007294;0.815007294
DE92;2016;0.810956047;0.810956047
DE92;2017;0.811710131;0.811710131
DE92;2018;0.811804504;0.811804504
DE92;2019;0.821056066;0.821056066
DE92;2020;NA;0.816322252
DE93;2009;0.779702347;0.779702347
DE93;2010;0.775477117;0.775477117
DE93;2011;0.775538728;0.775538728
DE93;2012;0.779247836;0.779247836
DE93;2013;0.789476981;0.789476981
DE93;2014;0.792655842;0.792655842
DE93;2015;0.798651531;0.798651531
DE93;2016;0.795403915;0.795403915
DE93;2017;0.797369999;0.797369999
DE93;2018;0.792463065;0.792463065
DE93;2019;0.799416754;0.799416754
DE93;2020;NA;0.806117495
DE94;2009;0.778186855;0.778186855
DE94;2010;0.77963462;0.77963462
DE94;2011;0.778889948;0.778889948
DE94;2012;0.781272053;0.781272053
DE94;2013;0.789142696;0.789142696
DE94;2014;0.787587182;0.787587182
DE94;2015;0.786707208;0.786707208
DE94;2016;0.782114283;0.782114283
DE94;2017;0.783926025;0.783926025
DE94;2018;0.786148715;0.786148715
DE94;2019;0.794332879;0.794332879
DE94;2020;NA;0.789022316
DEA1;2009;0.778638713;0.778638713
DEA1;2010;0.773213594;0.773213594
DEA1;2011;0.781307441;0.781307441
DEA1;2012;0.786803465;0.786803465
DEA1;2013;0.7935756;0.7935756
DEA1;2014;0.803772519;0.803772519
DEA1;2015;0.808444505;0.808444505
DEA1;2016;0.816896834;0.816896834
DEA1;2017;0.813950505;0.813950505
DEA1;2018;0.803095812;0.803095812
DEA1;2019;0.811382567;0.811382567
DEA1;2020;NA;0.820806593
DEA2;2009;0.824880603;0.824880603
DEA2;2010;0.822830701;0.822830701
DEA2;2011;0.838160972;0.838160972
DEA2;2012;0.841803552;0.841803552
DEA2;2013;0.833795538;0.833795538
DEA2;2014;0.826329295;0.826329295
DEA2;2015;0.82866861;0.82866861
DEA2;2016;0.837314725;0.837314725
DEA2;2017;0.837645652;0.837645652
DEA2;2018;0.833887638;0.833887638
DEA2;2019;0.836176067;0.836176067
DEA2;2020;NA;0.8361128
DEA3;2009;0.777549675;0.777549675
DEA3;2010;0.773925395;0.773925395
DEA3;2011;0.775782476;0.775782476
DEA3;2012;0.778636118;0.778636118
DEA3;2013;0.79408922;0.79408922
DEA3;2014;0.798219432;0.798219432
DEA3;2015;0.804627766;0.804627766
DEA3;2016;0.806107506;0.806107506
DEA3;2017;0.801187961;0.801187961
DEA3;2018;0.795950455;0.795950455
DEA3;2019;0.807351315;0.807351315
DEA3;2020;NA;0.807678074
DEA4;2009;0.778790255;0.778790255
DEA4;2010;0.77963462;0.77963462
DEA4;2011;0.778889948;0.778889948
DEA4;2012;0.77886562;0.77886562
DEA4;2013;0.789476981;0.789476981
DEA4;2014;0.793162111;0.793162111
DEA4;2015;0.793227522;0.793227522
DEA4;2016;0.798071257;0.798071257
DEA4;2017;0.795742404;0.795742404
DEA4;2018;0.792463065;0.792463065
DEA4;2019;0.799416754;0.799416754
DEA4;2020;NA;0.802142976
DEA5;2009;0.780183523;0.780183523
DEA5;2010;0.782225857;0.782225857
DEA5;2011;0.78011948;0.78011948
DEA5;2012;0.783662922;0.783662922
DEA5;2013;0.789170443;0.789170443
DEA5;2014;0.789108962;0.789108962
DEA5;2015;0.793227522;0.793227522
DEA5;2016;0.79647029;0.79647029
DEA5;2017;0.793579491;0.793579491
DEA5;2018;0.78976944;0.78976944
DEA5;2019;0.795571364;0.795571364
DEA5;2020;NA;0.79537694
DEB1;2009;0.781385021;0.781385021
DEB1;2010;0.777878642;0.777878642
DEB1;2011;0.775600793;0.775600793
DEB1;2012;0.778741852;0.778741852
DEB1;2013;0.789141998;0.789141998
DEB1;2014;0.794174344;0.794174344
DEB1;2015;0.794312437;0.794312437
DEB1;2016;0.799139586;0.799139586
DEB1;2017;0.803934459;0.803934459
DEB1;2018;0.801030623;0.801030623
DEB1;2019;0.810869025;0.810869025
DEB1;2020;NA;0.816515919
DEB2;2009;0.800677301;0.800677301
DEB2;2010;0.780036037;0.780036037
DEB2;2011;0.815191;0.815191
DEB2;2012;0.826081073;0.826081073
DEB2;2013;0.816685325;0.816685325
DEB2;2014;0.813341078;0.813341078
DEB2;2015;0.810630111;0.810630111
DEB2;2016;0.814735609;0.814735609
DEB2;2017;0.821834575;0.821834575
DEB2;2018;0.818396265;0.818396265
DEB2;2019;0.827323275;0.827323275
DEB2;2020;NA;0.82910986
DEB3;2009;0.795674833;0.795674833
DEB3;2010;0.807794495;0.807794495
DEB3;2011;0.832179735;0.832179735
DEB3;2012;0.83192274;0.83192274
DEB3;2013;0.828289273;0.828289273
DEB3;2014;0.818356299;0.818356299
DEB3;2015;0.824853469;0.824853469
DEB3;2016;0.823377645;0.823377645
DEB3;2017;0.819576785;0.819576785
DEB3;2018;0.819087662;0.819087662
DEB3;2019;0.831421131;0.831421131
DEB3;2020;NA;0.830230272
DEC0;2009;0.781149546;0.781149546
DEC0;2010;0.775477117;0.775477117
DEC0;2011;0.777097922;0.777097922
DEC0;2012;0.779035494;0.779035494
DEC0;2013;0.78912329;0.78912329
DEC0;2014;0.78403211;0.78403211
DEC0;2015;0.780697442;0.780697442
DEC0;2016;0.798071257;0.798071257
DEC0;2017;0.796826925;0.796826925
DEC0;2018;0.796374824;0.796374824
DEC0;2019;0.803975292;0.803975292
DEC0;2020;NA;0.801511838
DED2;2009;0.850668845;0.850668845
DED2;2010;0.855412436;0.855412436
DED2;2011;0.848029669;0.848029669
DED2;2012;0.855956003;0.855956003
DED2;2013;0.865522057;0.865522057
DED2;2014;0.839569663;0.839569663
DED2;2015;0.842648454;0.842648454
DED2;2016;0.843117037;0.843117037
DED2;2017;0.844352511;0.844352511
DED2;2018;0.846975361;0.846975361
DED2;2019;0.839773591;0.839773591
DED2;2020;NA;0.839133365
DED4;2009;0.842818424;0.842818424
DED4;2010;0.846925252;0.846925252
DED4;2011;0.847507237;0.847507237
DED4;2012;0.823016598;0.823016598
DED4;2013;0.837287506;0.837287506
DED4;2014;0.808813148;0.808813148
DED4;2015;0.813912522;0.813912522
DED4;2016;0.802886007;0.802886007
DED4;2017;0.803383769;0.803383769
DED4;2018;0.797246436;0.797246436
DED4;2019;0.8054042;0.8054042
DED4;2020;NA;0.791675613
DED5;2009;0.852968438;0.852968438
DED5;2010;0.860270367;0.860270367
DED5;2011;0.848029669;0.848029669
DED5;2012;0.859507139;0.859507139
DED5;2013;0.869938841;0.869938841
DED5;2014;0.834703618;0.834703618
DED5;2015;0.840527477;0.840527477
DED5;2016;0.842592907;0.842592907
DED5;2017;0.848771385;0.848771385
DED5;2018;0.852193714;0.852193714
DED5;2019;0.856492;0.856492
DED5;2020;NA;0.846708948
DEE0;2009;0.788032653;0.788032653
DEE0;2010;0.787924671;0.787924671
DEE0;2011;0.796481436;0.796481436
DEE0;2012;0.79813363;0.79813363
DEE0;2013;0.800633655;0.800633655
DEE0;2014;0.803268073;0.803268073
DEE0;2015;0.800822493;0.800822493
DEE0;2016;0.797537405;0.797537405
DEE0;2017;0.792500881;0.792500881
DEE0;2018;0.786148715;0.786148715
DEE0;2019;0.795571364;0.795571364
DEE0;2020;NA;0.787799377
DEF0;2009;0.777853054;0.777853054
DEF0;2010;0.772950909;0.772950909
DEF0;2011;0.783214334;0.783214334
DEF0;2012;0.786803465;0.786803465
DEF0;2013;0.794631129;0.794631129
DEF0;2014;0.801754299;0.801754299
DEF0;2015;0.802995736;0.802995736
DEF0;2016;0.803958718;0.803958718
DEF0;2017;0.803383769;0.803383769
DEF0;2018;0.795950455;0.795950455
DEF0;2019;0.802574152;0.802574152
DEF0;2020;NA;0.812289806
DEG0;2009;0.829832769;0.829832769
DEG0;2010;0.837912748;0.837912748
DEG0;2011;0.852990824;0.852990824
DEG0;2012;0.85237147;0.85237147
DEG0;2013;0.839810681;0.839810681
DEG0;2014;0.819856633;0.819856633
DEG0;2015;0.817197143;0.817197143
DEG0;2016;0.819058121;0.819058121
DEG0;2017;0.817885755;0.817885755
DEG0;2018;0.817710577;0.817710577
DEG0;2019;0.821056066;0.821056066
DEG0;2020;NA;0.809057983
DK01;2009;0.902;0.902
DK01;2010;0.907;0.907
DK01;2011;0.95;0.95
DK01;2012;0.952;0.952
DK01;2013;0.952;0.952
DK01;2014;0.952;0.952
DK01;2015;0.94;0.94
DK01;2016;0.942;0.942
DK01;2017;0.943;0.943
DK01;2018;0.944;0.944
DK01;2019;0.946;0.946
DK01;2020;NA;0.947657435
DK02;2009;0.871;0.871
DK02;2010;0.871;0.871
DK02;2011;0.91;0.91
DK02;2012;0.912;0.912
DK02;2013;0.914;0.914
DK02;2014;0.913;0.913
DK02;2015;0.903;0.903
DK02;2016;0.899;0.899
DK02;2017;0.904;0.904
DK02;2018;0.903;0.903
DK02;2019;0.899;0.899
DK02;2020;NA;0.909259548
DK03;2009;0.874;0.874
DK03;2010;0.88;0.88
DK03;2011;0.909;0.909
DK03;2012;0.914;0.914
DK03;2013;0.911;0.911
DK03;2014;0.913;0.913
DK03;2015;0.902;0.902
DK03;2016;0.901;0.901
DK03;2017;0.907;0.907
DK03;2018;0.906;0.906
DK03;2019;0.906;0.906
DK03;2020;NA;0.91715632
DK04;2009;0.898;0.898
DK04;2010;0.899;0.899
DK04;2011;0.915;0.915
DK04;2012;0.919;0.919
DK04;2013;0.922;0.922
DK04;2014;0.922;0.922
DK04;2015;0.913;0.913
DK04;2016;0.915;0.915
DK04;2017;0.918;0.918
DK04;2018;0.917;0.917
DK04;2019;0.918;0.918
DK04;2020;NA;0.922503744
DK05;2009;0.882;0.882
DK05;2010;0.878;0.878
DK05;2011;0.911;0.911
DK05;2012;0.915;0.915
DK05;2013;0.91;0.91
DK05;2014;0.909;0.909
DK05;2015;0.902;0.902
DK05;2016;0.902;0.902
DK05;2017;0.904;0.904
DK05;2018;0.905;0.905
DK05;2019;0.901;0.901
DK05;2020;NA;0.90193993
EE00;2009;0.8486;0.8486
EE00;2010;0.863;0.863
EE00;2011;0.8594;0.8594
EE00;2012;0.8592;0.8592
EE00;2013;0.8586;0.8586
EE00;2014;0.8492;0.8492
EE00;2015;0.8564;0.8564
EE00;2016;0.8634;0.8634
EE00;2017;0.8602;0.8602
EE00;2018;0.8634;0.8634
EE00;2019;0.8608;0.8608
EE00;2020;NA;0.860945028
EL30;2009;0.803;0.803
EL30;2010;0.806;0.806
EL30;2011;0.808;0.808
EL30;2012;0.819;0.819
EL30;2013;0.826;0.826
EL30;2014;0.847;0.847
EL30;2015;0.859;0.859
EL30;2016;0.849;0.849
EL30;2017;0.855;0.855
EL30;2018;0.854;0.854
EL30;2019;0.874;0.874
EL30;2020;NA;0.88067508
EL41;2009;0.799;0.799
EL41;2010;0.793;0.793
EL41;2011;0.796;0.796
EL41;2012;0.803;0.803
EL41;2013;0.822;0.822
EL41;2014;0.838;0.838
EL41;2015;0.833;0.833
EL41;2016;0.833;0.833
EL41;2017;0.811;0.811
EL41;2018;0.778;0.778
EL41;2019;0.802;0.802
EL41;2020;NA;0.816855839
EL42;2009;0.679;0.679
EL42;2010;0.677;0.677
EL42;2011;0.684;0.684
EL42;2012;0.693;0.693
EL42;2013;0.699;0.699
EL42;2014;0.717;0.717
EL42;2015;0.714;0.714
EL42;2016;0.697;0.697
EL42;2017;0.702;0.702
EL42;2018;0.707;0.707
EL42;2019;0.727;0.727
EL42;2020;NA;0.719713125
EL43;2009;0.82;0.82
EL43;2010;0.817;0.817
EL43;2011;0.819;0.819
EL43;2012;0.829;0.829
EL43;2013;0.833;0.833
EL43;2014;0.835;0.835
EL43;2015;0.84;0.84
EL43;2016;0.835;0.835
EL43;2017;0.842;0.842
EL43;2018;0.837;0.837
EL43;2019;0.841;0.841
EL43;2020;NA;0.842549634
EL51;2009;0.772;0.772
EL51;2010;0.769;0.769
EL51;2011;0.769;0.769
EL51;2012;0.775;0.775
EL51;2013;0.779;0.779
EL51;2014;0.796;0.796
EL51;2015;0.796;0.796
EL51;2016;0.784;0.784
EL51;2017;0.79;0.79
EL51;2018;0.791;0.791
EL51;2019;0.809;0.809
EL51;2020;NA;0.806975593
EL52;2009;0.8;0.8
EL52;2010;0.802;0.802
EL52;2011;0.806;0.806
EL52;2012;0.813;0.813
EL52;2013;0.817;0.817
EL52;2014;0.841;0.841
EL52;2015;0.841;0.841
EL52;2016;0.834;0.834
EL52;2017;0.844;0.844
EL52;2018;0.844;0.844
EL52;2019;0.854;0.854
EL52;2020;NA;0.855401922
EL53;2009;0.82;0.82
EL53;2010;0.827;0.827
EL53;2011;0.826;0.826
EL53;2012;0.821;0.821
EL53;2013;0.827;0.827
EL53;2014;0.832;0.832
EL53;2015;0.832;0.832
EL53;2016;0.822;0.822
EL53;2017;0.834;0.834
EL53;2018;0.836;0.836
EL53;2019;0.844;0.844
EL53;2020;NA;0.833582573
EL54;2009;0.822;0.822
EL54;2010;0.826;0.826
EL54;2011;0.831;0.831
EL54;2012;0.831;0.831
EL54;2013;0.838;0.838
EL54;2014;0.838;0.838
EL54;2015;0.843;0.843
EL54;2016;0.835;0.835
EL54;2017;0.843;0.843
EL54;2018;0.851;0.851
EL54;2019;0.849;0.849
EL54;2020;NA;0.85517023
EL61;2009;0.775;0.775
EL61;2010;0.774;0.774
EL61;2011;0.775;0.775
EL61;2012;0.781;0.781
EL61;2013;0.787;0.787
EL61;2014;0.81;0.81
EL61;2015;0.803;0.803
EL61;2016;0.792;0.792
EL61;2017;0.804;0.804
EL61;2018;0.812;0.812
EL61;2019;0.828;0.828
EL61;2020;NA;0.823381045
EL62;2009;0.775;0.775
EL62;2010;0.779;0.779
EL62;2011;0.784;0.784
EL62;2012;0.789;0.789
EL62;2013;0.799;0.799
EL62;2014;0.818;0.818
EL62;2015;0.83;0.83
EL62;2016;0.822;0.822
EL62;2017;0.826;0.826
EL62;2018;0.833;0.833
EL62;2019;0.835;0.835
EL62;2020;NA;0.849584487
EL63;2009;0.809;0.809
EL63;2010;0.81;0.81
EL63;2011;0.812;0.812
EL63;2012;0.818;0.818
EL63;2013;0.824;0.824
EL63;2014;0.834;0.834
EL63;2015;0.836;0.836
EL63;2016;0.823;0.823
EL63;2017;0.83;0.83
EL63;2018;0.825;0.825
EL63;2019;0.824;0.824
EL63;2020;NA;0.842636989
EL64;2009;0.742;0.742
EL64;2010;0.742;0.742
EL64;2011;0.747;0.747
EL64;2012;0.754;0.754
EL64;2013;0.758;0.758
EL64;2014;0.769;0.769
EL64;2015;0.756;0.756
EL64;2016;0.738;0.738
EL64;2017;0.735;0.735
EL64;2018;0.734;0.734
EL64;2019;0.753;0.753
EL64;2020;NA;0.737896849
EL65;2009;0.726;0.726
EL65;2010;0.727;0.727
EL65;2011;0.73;0.73
EL65;2012;0.739;0.739
EL65;2013;0.744;0.744
EL65;2014;0.765;0.765
EL65;2015;0.758;0.758
EL65;2016;0.743;0.743
EL65;2017;0.748;0.748
EL65;2018;0.743;0.743
EL65;2019;0.761;0.761
EL65;2020;NA;0.755807037
ES11;2009;0.77;0.77
ES11;2010;0.784;0.784
ES11;2011;0.8;0.8
ES11;2012;0.808;0.808
ES11;2013;0.809;0.809
ES11;2014;0.82;0.82
ES11;2015;0.832;0.832
ES11;2016;0.835;0.835
ES11;2017;0.839;0.839
ES11;2018;0.842;0.842
ES11;2019;0.84;0.84
ES11;2020;NA;0.851635887
ES12;2009;0.776;0.776
ES12;2010;0.789;0.789
ES12;2011;0.806;0.806
ES12;2012;0.816;0.816
ES12;2013;0.821;0.821
ES12;2014;0.831;0.831
ES12;2015;0.845;0.845
ES12;2016;0.849;0.849
ES12;2017;0.853;0.853
ES12;2018;0.858;0.858
ES12;2019;0.849;0.849
ES12;2020;NA;0.872325957
ES13;2009;0.762;0.762
ES13;2010;0.78;0.78
ES13;2011;0.791;0.791
ES13;2012;0.802;0.802
ES13;2013;0.804;0.804
ES13;2014;0.817;0.817
ES13;2015;0.831;0.831
ES13;2016;0.836;0.836
ES13;2017;0.845;0.845
ES13;2018;0.852;0.852
ES13;2019;0.843;0.843
ES13;2020;NA;0.86331191
ES21;2009;0.822;0.822
ES21;2010;0.837;0.837
ES21;2011;0.845;0.845
ES21;2012;0.85;0.85
ES21;2013;0.846;0.846
ES21;2014;0.854;0.854
ES21;2015;0.863;0.863
ES21;2016;0.866;0.866
ES21;2017;0.87;0.87
ES21;2018;0.872;0.872
ES21;2019;0.87;0.87
ES21;2020;NA;0.879539517
ES22;2009;0.775;0.775
ES22;2010;0.793;0.793
ES22;2011;0.806;0.806
ES22;2012;0.814;0.814
ES22;2013;0.816;0.816
ES22;2014;0.828;0.828
ES22;2015;0.837;0.837
ES22;2016;0.847;0.847
ES22;2017;0.852;0.852
ES22;2018;0.854;0.854
ES22;2019;0.849;0.849
ES22;2020;NA;0.863997252
ES23;2009;0.769;0.769
ES23;2010;0.779;0.779
ES23;2011;0.788;0.788
ES23;2012;0.8;0.8
ES23;2013;0.8;0.8
ES23;2014;0.827;0.827
ES23;2015;0.845;0.845
ES23;2016;0.841;0.841
ES23;2017;0.844;0.844
ES23;2018;0.847;0.847
ES23;2019;0.843;0.843
ES23;2020;NA;0.861026157
ES24;2009;0.765;0.765
ES24;2010;0.78;0.78
ES24;2011;0.795;0.795
ES24;2012;0.802;0.802
ES24;2013;0.802;0.802
ES24;2014;0.815;0.815
ES24;2015;0.825;0.825
ES24;2016;0.831;0.831
ES24;2017;0.838;0.838
ES24;2018;0.842;0.842
ES24;2019;0.833;0.833
ES24;2020;NA;0.852798736
ES30;2009;0.821;0.821
ES30;2010;0.84;0.84
ES30;2011;0.845;0.845
ES30;2012;0.849;0.849
ES30;2013;0.847;0.847
ES30;2014;0.858;0.858
ES30;2015;0.863;0.863
ES30;2016;0.864;0.864
ES30;2017;0.868;0.868
ES30;2018;0.869;0.869
ES30;2019;0.87;0.87
ES30;2020;NA;0.880371266
ES41;2009;0.792;0.792
ES41;2010;0.807;0.807
ES41;2011;0.819;0.819
ES41;2012;0.824;0.824
ES41;2013;0.818;0.818
ES41;2014;0.827;0.827
ES41;2015;0.833;0.833
ES41;2016;0.835;0.835
ES41;2017;0.839;0.839
ES41;2018;0.842;0.842
ES41;2019;0.843;0.843
ES41;2020;NA;0.848521897
ES42;2009;0.719;0.719
ES42;2010;0.732;0.732
ES42;2011;0.747;0.747
ES42;2012;0.753;0.753
ES42;2013;0.755;0.755
ES42;2014;0.765;0.765
ES42;2015;0.774;0.774
ES42;2016;0.773;0.773
ES42;2017;0.775;0.775
ES42;2018;0.776;0.776
ES42;2019;0.769;0.769
ES42;2020;NA;0.788054982
ES43;2009;0.734;0.734
ES43;2010;0.748;0.748
ES43;2011;0.762;0.762
ES43;2012;0.767;0.767
ES43;2013;0.769;0.769
ES43;2014;0.78;0.78
ES43;2015;0.786;0.786
ES43;2016;0.783;0.783
ES43;2017;0.79;0.79
ES43;2018;0.793;0.793
ES43;2019;0.782;0.782
ES43;2020;NA;0.798376186
ES51;2009;0.761;0.761
ES51;2010;0.775;0.775
ES51;2011;0.789;0.789
ES51;2012;0.798;0.798
ES51;2013;0.801;0.801
ES51;2014;0.815;0.815
ES51;2015;0.83;0.83
ES51;2016;0.838;0.838
ES51;2017;0.842;0.842
ES51;2018;0.845;0.845
ES51;2019;0.836;0.836
ES51;2020;NA;0.858910836
ES52;2009;0.761;0.761
ES52;2010;0.776;0.776
ES52;2011;0.792;0.792
ES52;2012;0.8;0.8
ES52;2013;0.801;0.801
ES52;2014;0.814;0.814
ES52;2015;0.825;0.825
ES52;2016;0.825;0.825
ES52;2017;0.83;0.83
ES52;2018;0.836;0.836
ES52;2019;0.829;0.829
ES52;2020;NA;0.852797714
ES53;2009;0.683;0.683
ES53;2010;0.695;0.695
ES53;2011;0.708;0.708
ES53;2012;0.718;0.718
ES53;2013;0.721;0.721
ES53;2014;0.726;0.726
ES53;2015;0.742;0.742
ES53;2016;0.744;0.744
ES53;2017;0.747;0.747
ES53;2018;0.749;0.749
ES53;2019;0.744;0.744
ES53;2020;NA;0.760765978
ES61;2009;0.752;0.752
ES61;2010;0.765;0.765
ES61;2011;0.778;0.778
ES61;2012;0.787;0.787
ES61;2013;0.789;0.789
ES61;2014;0.789;0.789
ES61;2015;0.801;0.801
ES61;2016;0.805;0.805
ES61;2017;0.811;0.811
ES61;2018;0.815;0.815
ES61;2019;0.807;0.807
ES61;2020;NA;0.825948074
ES62;2009;0.745;0.745
ES62;2010;0.756;0.756
ES62;2011;0.771;0.771
ES62;2012;0.78;0.78
ES62;2013;0.784;0.784
ES62;2014;0.789;0.789
ES62;2015;0.803;0.803
ES62;2016;0.807;0.807
ES62;2017;0.82;0.82
ES62;2018;0.824;0.824
ES62;2019;0.811;0.811
ES62;2020;NA;0.836234284
ES63;2009;0.713;0.713
ES63;2010;0.719;0.719
ES63;2011;0.726;0.726
ES63;2012;0.741;0.741
ES63;2013;0.742;0.742
ES63;2014;0.754;0.754
ES63;2015;0.773;0.773
ES63;2016;0.772;0.772
ES63;2017;0.778;0.778
ES63;2018;0.775;0.775
ES63;2019;0.767;0.767
ES63;2020;NA;0.791327945
ES64;2009;0.69;0.69
ES64;2010;0.696;0.696
ES64;2011;0.722;0.722
ES64;2012;0.722;0.722
ES64;2013;0.726;0.726
ES64;2014;0.745;0.745
ES64;2015;0.75;0.75
ES64;2016;0.758;0.758
ES64;2017;0.774;0.774
ES64;2018;0.771;0.771
ES64;2019;0.768;0.768
ES64;2020;NA;0.793454917
ES70;2009;0.72;0.72
ES70;2010;0.732;0.732
ES70;2011;0.744;0.744
ES70;2012;0.754;0.754
ES70;2013;0.757;0.757
ES70;2014;0.769;0.769
ES70;2015;0.782;0.782
ES70;2016;0.783;0.783
ES70;2017;0.784;0.784
ES70;2018;0.786;0.786
ES70;2019;0.778;0.778
ES70;2020;NA;0.800414244
FI19;2009;0.896;0.896
FI19;2010;0.9;0.9
FI19;2011;0.904;0.904
FI19;2012;0.904;0.904
FI19;2013;0.924;0.924
FI19;2014;0.915;0.915
FI19;2015;0.92;0.92
FI19;2016;0.921;0.921
FI19;2017;0.924;0.924
FI19;2018;0.923;0.923
FI19;2019;0.924;0.924
FI19;2020;NA;0.940238142
FI1B;2009;0.899;0.899
FI1B;2010;0.902;0.902
FI1B;2011;0.911;0.911
FI1B;2012;0.909;0.909
FI1B;2013;0.943;0.943
FI1B;2014;0.935;0.935
FI1B;2015;0.938;0.938
FI1B;2016;0.938;0.938
FI1B;2017;0.94;0.94
FI1B;2018;0.939;0.939
FI1B;2019;0.939;0.939
FI1B;2020;NA;0.961274023
FI1C;2009;0.884;0.884
FI1C;2010;0.885;0.885
FI1C;2011;0.891;0.891
FI1C;2012;0.892;0.892
FI1C;2013;0.918;0.918
FI1C;2014;0.913;0.913
FI1C;2015;0.916;0.916
FI1C;2016;0.915;0.915
FI1C;2017;0.92;0.92
FI1C;2018;0.921;0.921
FI1C;2019;0.921;0.921
FI1C;2020;NA;0.933598764
FI1D;2009;0.893;0.893
FI1D;2010;0.896;0.896
FI1D;2011;0.901;0.901
FI1D;2012;0.902;0.902
FI1D;2013;0.918;0.918
FI1D;2014;0.913;0.913
FI1D;2015;0.915;0.915
FI1D;2016;0.915;0.915
FI1D;2017;0.92;0.92
FI1D;2018;0.92;0.92
FI1D;2019;0.918;0.918
FI1D;2020;NA;0.928810463
FI20;2009;0.825;0.825
FI20;2010;0.825;0.825
FI20;2011;0.823;0.823
FI20;2012;0.835;0.835
FI20;2013;0.888;0.888
FI20;2014;0.875;0.875
FI20;2015;0.862;0.862
FI20;2016;0.864;0.864
FI20;2017;0.869;0.869
FI20;2018;0.875;0.875
FI20;2019;0.879;0.879
FI20;2020;NA;0.890314994
FR10;2009;0.811;0.811
FR10;2010;0.816;0.816
FR10;2011;0.819;0.819
FR10;2012;0.824;0.824
FR10;2013;0.832;0.832
FR10;2014;0.845;0.845
FR10;2015;0.848;0.848
FR10;2016;0.849;0.849
FR10;2017;0.849;0.849
FR10;2018;0.85;0.85
FR10;2019;0.859;0.859
FR10;2020;NA;0.869944444
FRB0;2009;0.749;0.749
FRB0;2010;0.756;0.756
FRB0;2011;0.761;0.761
FRB0;2012;0.768;0.768
FRB0;2013;0.772;0.772
FRB0;2014;0.777;0.777
FRB0;2015;0.78;0.78
FRB0;2016;0.781;0.781
FRB0;2017;0.781;0.781
FRB0;2018;0.781;0.781
FRB0;2019;0.786;0.786
FRB0;2020;NA;0.792621173
FRC1;2009;0.753;0.753
FRC1;2010;0.755;0.755
FRC1;2011;0.758;0.758
FRC1;2012;0.768;0.768
FRC1;2013;0.777;0.777
FRC1;2014;0.785;0.785
FRC1;2015;0.779;0.779
FRC1;2016;0.781;0.781
FRC1;2017;0.784;0.784
FRC1;2018;0.78;0.78
FRC1;2019;0.789;0.789
FRC1;2020;NA;0.794312394
FRC2;2009;0.759;0.759
FRC2;2010;0.761;0.761
FRC2;2011;0.765;0.765
FRC2;2012;0.774;0.774
FRC2;2013;0.788;0.788
FRC2;2014;0.794;0.794
FRC2;2015;0.787;0.787
FRC2;2016;0.794;0.794
FRC2;2017;0.796;0.796
FRC2;2018;0.784;0.784
FRC2;2019;0.785;0.785
FRC2;2020;NA;0.805626011
FRD1;2009;0.757;0.757
FRD1;2010;0.761;0.761
FRD1;2011;0.761;0.761
FRD1;2012;0.766;0.766
FRD1;2013;0.775;0.775
FRD1;2014;0.777;0.777
FRD1;2015;0.78;0.78
FRD1;2016;0.777;0.777
FRD1;2017;0.775;0.775
FRD1;2018;0.78;0.78
FRD1;2019;0.781;0.781
FRD1;2020;NA;0.785899839
FRD2;2009;0.744;0.744
FRD2;2010;0.753;0.753
FRD2;2011;0.759;0.759
FRD2;2012;0.769;0.769
FRD2;2013;0.775;0.775
FRD2;2014;0.781;0.781
FRD2;2015;0.786;0.786
FRD2;2016;0.785;0.785
FRD2;2017;0.784;0.784
FRD2;2018;0.789;0.789
FRD2;2019;0.797;0.797
FRD2;2020;NA;0.806104926
FRE1;2009;0.765;0.765
FRE1;2010;0.774;0.774
FRE1;2011;0.773;0.773
FRE1;2012;0.779;0.779
FRE1;2013;0.789;0.789
FRE1;2014;0.798;0.798
FRE1;2015;0.795;0.795
FRE1;2016;0.797;0.797
FRE1;2017;0.799;0.799
FRE1;2018;0.804;0.804
FRE1;2019;0.811;0.811
FRE1;2020;NA;0.811349107
FRE2;2009;0.733;0.733
FRE2;2010;0.733;0.733
FRE2;2011;0.733;0.733
FRE2;2012;0.737;0.737
FRE2;2013;0.746;0.746
FRE2;2014;0.755;0.755
FRE2;2015;0.76;0.76
FRE2;2016;0.756;0.756
FRE2;2017;0.755;0.755
FRE2;2018;0.759;0.759
FRE2;2019;0.762;0.762
FRE2;2020;NA;0.767891053
FRF1;2009;0.778;0.778
FRF1;2010;0.785;0.785
FRF1;2011;0.784;0.784
FRF1;2012;0.786;0.786
FRF1;2013;0.795;0.795
FRF1;2014;0.805;0.805
FRF1;2015;0.811;0.811
FRF1;2016;0.814;0.814
FRF1;2017;0.81;0.81
FRF1;2018;0.806;0.806
FRF1;2019;0.814;0.814
FRF1;2020;NA;0.817061197
FRF2;2009;0.746;0.746
FRF2;2010;0.755;0.755
FRF2;2011;0.757;0.757
FRF2;2012;0.763;0.763
FRF2;2013;0.772;0.772
FRF2;2014;0.778;0.778
FRF2;2015;0.779;0.779
FRF2;2016;0.773;0.773
FRF2;2017;0.778;0.778
FRF2;2018;0.77;0.77
FRF2;2019;0.774;0.774
FRF2;2020;NA;0.788997294
FRF3;2009;0.757;0.757
FRF3;2010;0.765;0.765
FRF3;2011;0.769;0.769
FRF3;2012;0.774;0.774
FRF3;2013;0.786;0.786
FRF3;2014;0.797;0.797
FRF3;2015;0.801;0.801
FRF3;2016;0.801;0.801
FRF3;2017;0.8;0.8
FRF3;2018;0.787;0.787
FRF3;2019;0.8;0.8
FRF3;2020;NA;0.810006784
FRG0;2009;0.772;0.772
FRG0;2010;0.777;0.777
FRG0;2011;0.78;0.78
FRG0;2012;0.785;0.785
FRG0;2013;0.793;0.793
FRG0;2014;0.804;0.804
FRG0;2015;0.806;0.806
FRG0;2016;0.803;0.803
FRG0;2017;0.804;0.804
FRG0;2018;0.803;0.803
FRG0;2019;0.808;0.808
FRG0;2020;NA;0.817113234
FRH0;2009;0.789;0.789
FRH0;2010;0.794;0.794
FRH0;2011;0.798;0.798
FRH0;2012;0.808;0.808
FRH0;2013;0.818;0.818
FRH0;2014;0.825;0.825
FRH0;2015;0.821;0.821
FRH0;2016;0.819;0.819
FRH0;2017;0.819;0.819
FRH0;2018;0.821;0.821
FRH0;2019;0.825;0.825
FRH0;2020;NA;0.829143045
FRI1;2009;0.772;0.772
FRI1;2010;0.782;0.782
FRI1;2011;0.778;0.778
FRI1;2012;0.783;0.783
FRI1;2013;0.795;0.795
FRI1;2014;0.811;0.811
FRI1;2015;0.813;0.813
FRI1;2016;0.808;0.808
FRI1;2017;0.809;0.809
FRI1;2018;0.815;0.815
FRI1;2019;0.821;0.821
FRI1;2020;NA;0.825455144
FRI2;2009;0.765;0.765
FRI2;2010;0.764;0.764
FRI2;2011;0.769;0.769
FRI2;2012;0.782;0.782
FRI2;2013;0.787;0.787
FRI2;2014;0.799;0.799
FRI2;2015;0.799;0.799
FRI2;2016;0.799;0.799
FRI2;2017;0.796;0.796
FRI2;2018;0.796;0.796
FRI2;2019;0.799;0.799
FRI2;2020;NA;0.817356823
FRI3;2009;0.755;0.755
FRI3;2010;0.766;0.766
FRI3;2011;0.767;0.767
FRI3;2012;0.774;0.774
FRI3;2013;0.78;0.78
FRI3;2014;0.792;0.792
FRI3;2015;0.79;0.79
FRI3;2016;0.79;0.79
FRI3;2017;0.793;0.793
FRI3;2018;0.793;0.793
FRI3;2019;0.795;0.795
FRI3;2020;NA;0.803480071
FRJ1;2009;0.769;0.769
FRJ1;2010;0.775;0.775
FRJ1;2011;0.777;0.777
FRJ1;2012;0.781;0.781
FRJ1;2013;0.792;0.792
FRJ1;2014;0.809;0.809
FRJ1;2015;0.807;0.807
FRJ1;2016;0.806;0.806
FRJ1;2017;0.807;0.807
FRJ1;2018;0.804;0.804
FRJ1;2019;0.811;0.811
FRJ1;2020;NA;0.820985466
FRJ2;2009;0.8;0.8
FRJ2;2010;0.806;0.806
FRJ2;2011;0.809;0.809
FRJ2;2012;0.812;0.812
FRJ2;2013;0.827;0.827
FRJ2;2014;0.836;0.836
FRJ2;2015;0.833;0.833
FRJ2;2016;0.827;0.827
FRJ2;2017;0.826;0.826
FRJ2;2018;0.83;0.83
FRJ2;2019;0.833;0.833
FRJ2;2020;NA;0.840612631
FRK1;2009;0.7805;0.7805
FRK1;2010;0.7835;0.7835
FRK1;2011;0.7855;0.7855
FRK1;2012;0.794;0.794
FRK1;2013;0.803;0.803
FRK1;2014;0.811;0.811
FRK1;2015;0.812;0.812
FRK1;2016;0.8115;0.8115
FRK1;2017;0.807;0.807
FRK1;2018;0.8075;0.8075
FRK1;2019;0.8135;0.8135
FRK1;2020;NA;0.820215138
FRK2;2009;0.834338124;0.834338124
FRK2;2010;0.842862215;0.842862215
FRK2;2011;0.852986382;0.852986382
FRK2;2012;0.854602651;0.854602651
FRK2;2013;0.866741357;0.866741357
FRK2;2014;0.867903732;0.867903732
FRK2;2015;0.873703167;0.873703167
FRK2;2016;0.876818342;0.876818342
FRK2;2017;0.883612976;0.883612976
FRK2;2018;0.893551483;0.893551483
FRK2;2019;0.894177162;0.894177162
FRK2;2020;NA;0.904291603
FRL0;2009;0.77;0.77
FRL0;2010;0.778;0.778
FRL0;2011;0.786;0.786
FRL0;2012;0.791;0.791
FRL0;2013;0.8;0.8
FRL0;2014;0.814;0.814
FRL0;2015;0.815;0.815
FRL0;2016;0.813;0.813
FRL0;2017;0.812;0.812
FRL0;2018;0.805;0.805
FRL0;2019;0.812;0.812
FRL0;2020;NA;0.826574971
FRM0;2009;0.676;0.676
FRM0;2010;0.693;0.693
FRM0;2011;0.694;0.694
FRM0;2012;0.71;0.71
FRM0;2013;0.719;0.719
FRM0;2014;0.734;0.734
FRM0;2015;0.73;0.73
FRM0;2016;0.748;0.748
FRM0;2017;0.738;0.738
FRM0;2018;0.714;0.714
FRM0;2019;0.719;0.719
FRM0;2020;NA;0.742189082
FRY1;2009;0.73;0.73
FRY1;2010;0.735;0.735
FRY1;2011;0.736;0.736
FRY1;2012;0.739;0.739
FRY1;2013;0.744;0.744
FRY1;2014;0.749;0.749
FRY1;2015;0.752;0.752
FRY1;2016;0.754;0.754
FRY1;2017;0.754;0.754
FRY1;2018;0.763;0.763
FRY1;2019;0.771;0.771
FRY1;2020;NA;0.768667132
FRY2;2009;0.745;0.745
FRY2;2010;0.75;0.75
FRY2;2011;0.75;0.75
FRY2;2012;0.754;0.754
FRY2;2013;0.759;0.759
FRY2;2014;0.763;0.763
FRY2;2015;0.771;0.771
FRY2;2016;0.771;0.771
FRY2;2017;0.768;0.768
FRY2;2018;0.743;0.743
FRY2;2019;0.742;0.742
FRY2;2020;NA;0.756066186
FRY3;2009;0.677;0.677
FRY3;2010;0.681;0.681
FRY3;2011;0.682;0.682
FRY3;2012;0.685;0.685
FRY3;2013;0.689;0.689
FRY3;2014;0.684;0.684
FRY3;2015;0.679;0.679
FRY3;2016;0.67;0.67
FRY3;2017;0.669;0.669
FRY3;2018;0.671;0.671
FRY3;2019;0.675;0.675
FRY3;2020;NA;0.673785505
FRY4;2009;0.722;0.722
FRY4;2010;0.727;0.727
FRY4;2011;0.727;0.727
FRY4;2012;0.731;0.731
FRY4;2013;0.735;0.735
FRY4;2014;0.742;0.742
FRY4;2015;0.746;0.746
FRY4;2016;0.744;0.744
FRY4;2017;0.742;0.742
FRY4;2018;0.741;0.741
FRY4;2019;0.744;0.744
FRY4;2020;NA;0.744825687
FRY5;2009;0.732;0.732
FRY5;2010;0.737;0.737
FRY5;2011;0.737;0.737
FRY5;2012;0.741;0.741
FRY5;2013;0.745;0.745
FRY5;2014;0.75;0.75
FRY5;2015;0.749;0.749
FRY5;2016;0.758;0.758
FRY5;2017;0.754;0.754
FRY5;2018;0.744;0.744
FRY5;2019;0.747;0.747
FRY5;2020;NA;0.765744831
HR02;2009;0.69825;0.69825
HR02;2010;0.7045;0.7045
HR02;2011;0.71925;0.71925
HR02;2012;0.724875;0.724875
HR02;2013;0.732625;0.732625
HR02;2014;0.746;0.746
HR02;2015;0.74875;0.74875
HR02;2016;0.749125;0.749125
HR02;2017;0.749125;0.749125
HR02;2018;0.749125;0.749125
HR02;2019;0.749125;0.749125
HR02;2020;NA;0.766303277
HR03;2009;0.746;0.746
HR03;2010;0.752714286;0.752714286
HR03;2011;0.768428571;0.768428571
HR03;2012;0.774428571;0.774428571
HR03;2013;0.782714286;0.782714286
HR03;2014;0.797;0.797
HR03;2015;0.8;0.8
HR03;2016;0.800428571;0.800428571
HR03;2017;0.800428571;0.800428571
HR03;2018;0.800428571;0.800428571
HR03;2019;0.800428571;0.800428571
HR03;2020;NA;0.818315051
HR05;2009;0.78;0.78
HR05;2010;0.787;0.787
HR05;2011;0.8035;0.8035
HR05;2012;0.81;0.81
HR05;2013;0.8185;0.8185
HR05;2014;0.8335;0.8335
HR05;2015;0.8365;0.8365
HR05;2016;0.8365;0.8365
HR05;2017;0.8365;0.8365
HR05;2018;0.8365;0.8365
HR05;2019;0.8365;0.8365
HR05;2020;NA;0.852872308
HR06;2009;0.7085;0.7085
HR06;2010;0.71475;0.71475
HR06;2011;0.7295;0.7295
HR06;2012;0.73525;0.73525
HR06;2013;0.74275;0.74275
HR06;2014;0.75675;0.75675
HR06;2015;0.7595;0.7595
HR06;2016;0.76;0.76
HR06;2017;0.76;0.76
HR06;2018;0.76;0.76
HR06;2019;0.76;0.76
HR06;2020;NA;0.774284
HU11;2009;0.914;0.914
HU11;2010;0.922;0.922
HU11;2011;0.904;0.904
HU11;2012;0.906;0.906
HU11;2013;0.926;0.926
HU11;2014;0.919;0.919
HU11;2015;0.923;0.923
HU11;2016;0.912;0.912
HU11;2017;0.911;0.911
HU11;2018;0.918;0.918
HU11;2019;0.922;0.922
HU11;2020;NA;0.921419412
HU12;2009;NA;0.810776318
HU12;2010;NA;0.811234863
HU12;2011;NA;0.815600755
HU12;2012;NA;0.809693462
HU12;2013;0.789224194;0.789224194
HU12;2014;0.808813148;0.808813148
HU12;2015;0.816102204;0.816102204
HU12;2016;0.815275865;0.815275865
HU12;2017;0.818449177;0.818449177
HU12;2018;0.805833261;0.805833261
HU12;2019;0.817745415;0.817745415
HU12;2020;NA;0.811044225
HU21;2009;0.793;0.793
HU21;2010;0.795;0.795
HU21;2011;0.779;0.779
HU21;2012;0.786;0.786
HU21;2013;0.805;0.805
HU21;2014;0.786;0.786
HU21;2015;0.789;0.789
HU21;2016;0.78;0.78
HU21;2017;0.781;0.781
HU21;2018;0.78;0.78
HU21;2019;0.782;0.782
HU21;2020;NA;0.775583509
HU22;2009;0.818;0.818
HU22;2010;0.822;0.822
HU22;2011;0.805;0.805
HU22;2012;0.807;0.807
HU22;2013;0.823;0.823
HU22;2014;0.813;0.813
HU22;2015;0.813;0.813
HU22;2016;0.808;0.808
HU22;2017;0.811;0.811
HU22;2018;0.806;0.806
HU22;2019;0.812;0.812
HU22;2020;NA;0.799887203
HU23;2009;0.805;0.805
HU23;2010;0.813;0.813
HU23;2011;0.796;0.796
HU23;2012;0.797;0.797
HU23;2013;0.814;0.814
HU23;2014;0.8;0.8
HU23;2015;0.798;0.798
HU23;2016;0.795;0.795
HU23;2017;0.794;0.794
HU23;2018;0.797;0.797
HU23;2019;0.802;0.802
HU23;2020;NA;0.796953263
HU31;2009;0.788;0.788
HU31;2010;0.794;0.794
HU31;2011;0.773;0.773
HU31;2012;0.773;0.773
HU31;2013;0.791;0.791
HU31;2014;0.778;0.778
HU31;2015;0.779;0.779
HU31;2016;0.774;0.774
HU31;2017;0.773;0.773
HU31;2018;0.775;0.775
HU31;2019;0.775;0.775
HU31;2020;NA;0.765230428
HU32;2009;0.806;0.806
HU32;2010;0.813;0.813
HU32;2011;0.792;0.792
HU32;2012;0.797;0.797
HU32;2013;0.814;0.814
HU32;2014;0.8;0.8
HU32;2015;0.795;0.795
HU32;2016;0.789;0.789
HU32;2017;0.789;0.789
HU32;2018;0.794;0.794
HU32;2019;0.799;0.799
HU32;2020;NA;0.790390196
HU33;2009;0.815;0.815
HU33;2010;0.822;0.822
HU33;2011;0.8;0.8
HU33;2012;0.805;0.805
HU33;2013;0.821;0.821
HU33;2014;0.809;0.809
HU33;2015;0.811;0.811
HU33;2016;0.811;0.811
HU33;2017;0.813;0.813
HU33;2018;0.82;0.82
HU33;2019;0.825;0.825
HU33;2020;NA;0.81829154
IE04;2009;0.856;0.856
IE04;2010;0.8375;0.8375
IE04;2011;0.842;0.842
IE04;2012;0.858;0.858
IE04;2013;0.872;0.872
IE04;2014;0.894;0.894
IE04;2015;0.9005;0.9005
IE04;2016;0.9085;0.9085
IE04;2017;0.9085;0.9085
IE04;2018;0.9085;0.9085
IE04;2019;0.9135;0.9135
IE04;2020;NA;0.936455252
IE05;2009;0.866333333;0.866333333
IE05;2010;0.847;0.847
IE05;2011;0.851333333;0.851333333
IE05;2012;0.866;0.866
IE05;2013;0.88;0.88
IE05;2014;0.901666667;0.901666667
IE05;2015;0.905;0.905
IE05;2016;0.911666667;0.911666667
IE05;2017;0.911666667;0.911666667
IE05;2018;0.911666667;0.911666667
IE05;2019;0.917666667;0.917666667
IE05;2020;NA;0.939750478
IE06;2009;0.879;0.879
IE06;2010;0.858666667;0.858666667
IE06;2011;0.859;0.859
IE06;2012;0.873333333;0.873333333
IE06;2013;0.889;0.889
IE06;2014;0.908333333;0.908333333
IE06;2015;0.911;0.911
IE06;2016;0.917666667;0.917666667
IE06;2017;0.917666667;0.917666667
IE06;2018;0.917666667;0.917666667
IE06;2019;0.924333333;0.924333333
IE06;2020;NA;0.934052735
IS00;2009;0.849561963;0.849561963
IS00;2010;0.855123972;0.855123972
IS00;2011;0.848029669;0.848029669
IS00;2012;0.86220944;0.86220944
IS00;2013;0.872282346;0.872282346
IS00;2014;0.868788773;0.868788773
IS00;2015;0.88008093;0.88008093
IS00;2016;0.886410014;0.886410014
IS00;2017;0.897486975;0.897486975
IS00;2018;0.903518432;0.903518432
IS00;2019;0.90634287;0.90634287
IS00;2020;NA;0.91299486
ITC1;2009;0.773;0.773
ITC1;2010;0.781;0.781
ITC1;2011;0.789;0.789
ITC1;2012;0.789;0.789
ITC1;2013;0.787;0.787
ITC1;2014;0.792;0.792
ITC1;2015;0.789;0.789
ITC1;2016;0.791;0.791
ITC1;2017;0.795;0.795
ITC1;2018;0.803;0.803
ITC1;2019;0.806;0.806
ITC1;2020;NA;0.802449895
ITC2;2009;0.718;0.718
ITC2;2010;0.724;0.724
ITC2;2011;0.735;0.735
ITC2;2012;0.738;0.738
ITC2;2013;0.738;0.738
ITC2;2014;0.744;0.744
ITC2;2015;0.736;0.736
ITC2;2016;0.741;0.741
ITC2;2017;0.735;0.735
ITC2;2018;0.742;0.742
ITC2;2019;0.746;0.746
ITC2;2020;NA;0.746853508
ITC3;2009;0.79;0.79
ITC3;2010;0.794;0.794
ITC3;2011;0.801;0.801
ITC3;2012;0.801;0.801
ITC3;2013;0.799;0.799
ITC3;2014;0.794;0.794
ITC3;2015;0.79;0.79
ITC3;2016;0.788;0.788
ITC3;2017;0.786;0.786
ITC3;2018;0.796;0.796
ITC3;2019;0.8;0.8
ITC3;2020;NA;0.789452528
ITC4;2009;0.778;0.778
ITC4;2010;0.784;0.784
ITC4;2011;0.793;0.793
ITC4;2012;0.794;0.794
ITC4;2013;0.792;0.792
ITC4;2014;0.793;0.793
ITC4;2015;0.792;0.792
ITC4;2016;0.792;0.792
ITC4;2017;0.794;0.794
ITC4;2018;0.8;0.8
ITC4;2019;0.802;0.802
ITC4;2020;NA;0.798088973
ITF1;2009;0.799;0.799
ITF1;2010;0.807;0.807
ITF1;2011;0.819;0.819
ITF1;2012;0.82;0.82
ITF1;2013;0.816;0.816
ITF1;2014;0.811;0.811
ITF1;2015;0.808;0.808
ITF1;2016;0.804;0.804
ITF1;2017;0.801;0.801
ITF1;2018;0.802;0.802
ITF1;2019;0.808;0.808
ITF1;2020;NA;0.800135136
ITF2;2009;0.76;0.76
ITF2;2010;0.764;0.764
ITF2;2011;0.772;0.772
ITF2;2012;0.775;0.775
ITF2;2013;0.774;0.774
ITF2;2014;0.778;0.778
ITF2;2015;0.776;0.776
ITF2;2016;0.776;0.776
ITF2;2017;0.778;0.778
ITF2;2018;0.783;0.783
ITF2;2019;0.785;0.785
ITF2;2020;NA;0.780587558
ITF3;2009;0.748;0.748
ITF3;2010;0.754;0.754
ITF3;2011;0.762;0.762
ITF3;2012;0.765;0.765
ITF3;2013;0.763;0.763
ITF3;2014;0.765;0.765
ITF3;2015;0.763;0.763
ITF3;2016;0.765;0.765
ITF3;2017;0.764;0.764
ITF3;2018;0.769;0.769
ITF3;2019;0.772;0.772
ITF3;2020;NA;0.771933244
ITF4;2009;0.735;0.735
ITF4;2010;0.741;0.741
ITF4;2011;0.751;0.751
ITF4;2012;0.75;0.75
ITF4;2013;0.748;0.748
ITF4;2014;0.754;0.754
ITF4;2015;0.746;0.746
ITF4;2016;0.745;0.745
ITF4;2017;0.742;0.742
ITF4;2018;0.747;0.747
ITF4;2019;0.751;0.751
ITF4;2020;NA;0.74786564
ITF5;2009;0.736;0.736
ITF5;2010;0.74;0.74
ITF5;2011;0.748;0.748
ITF5;2012;0.75;0.75
ITF5;2013;0.75;0.75
ITF5;2014;0.753;0.753
ITF5;2015;0.748;0.748
ITF5;2016;0.75;0.75
ITF5;2017;0.746;0.746
ITF5;2018;0.749;0.749
ITF5;2019;0.754;0.754
ITF5;2020;NA;0.75029584
ITF6;2009;0.749;0.749
ITF6;2010;0.753;0.753
ITF6;2011;0.762;0.762
ITF6;2012;0.762;0.762
ITF6;2013;0.758;0.758
ITF6;2014;0.761;0.761
ITF6;2015;0.758;0.758
ITF6;2016;0.753;0.753
ITF6;2017;0.749;0.749
ITF6;2018;0.748;0.748
ITF6;2019;0.752;0.752
ITF6;2020;NA;0.756220934
ITG1;2009;0.742;0.742
ITG1;2010;0.747;0.747
ITG1;2011;0.755;0.755
ITG1;2012;0.756;0.756
ITG1;2013;0.752;0.752
ITG1;2014;0.754;0.754
ITG1;2015;0.747;0.747
ITG1;2016;0.745;0.745
ITG1;2017;0.744;0.744
ITG1;2018;0.75;0.75
ITG1;2019;0.753;0.753
ITG1;2020;NA;0.750282209
ITG2;2009;0.751;0.751
ITG2;2010;0.758;0.758
ITG2;2011;0.768;0.768
ITG2;2012;0.768;0.768
ITG2;2013;0.764;0.764
ITG2;2014;0.764;0.764
ITG2;2015;0.764;0.764
ITG2;2016;0.762;0.762
ITG2;2017;0.766;0.766
ITG2;2018;0.767;0.767
ITG2;2019;0.774;0.774
ITG2;2020;NA;0.768903612
ITH1;2009;0.714;0.714
ITH1;2010;0.721;0.721
ITH1;2011;0.73;0.73
ITH1;2012;0.733;0.733
ITH1;2013;0.734;0.734
ITH1;2014;0.745;0.745
ITH1;2015;0.728;0.728
ITH1;2016;0.735;0.735
ITH1;2017;0.731;0.731
ITH1;2018;0.766;0.766
ITH1;2019;0.767;0.767
ITH1;2020;NA;0.764246276
ITH2;2009;0.799;0.799
ITH2;2010;0.806;0.806
ITH2;2011;0.815;0.815
ITH2;2012;0.813;0.813
ITH2;2013;0.81;0.81
ITH2;2014;0.819;0.819
ITH2;2015;0.818;0.818
ITH2;2016;0.815;0.815
ITH2;2017;0.811;0.811
ITH2;2018;0.814;0.814
ITH2;2019;0.816;0.816
ITH2;2020;NA;0.819015066
ITH3;2009;0.765;0.765
ITH3;2010;0.773;0.773
ITH3;2011;0.781;0.781
ITH3;2012;0.78;0.78
ITH3;2013;0.779;0.779
ITH3;2014;0.783;0.783
ITH3;2015;0.779;0.779
ITH3;2016;0.781;0.781
ITH3;2017;0.782;0.782
ITH3;2018;0.786;0.786
ITH3;2019;0.79;0.79
ITH3;2020;NA;0.785609888
ITH4;2009;0.783;0.783
ITH4;2010;0.789;0.789
ITH4;2011;0.796;0.796
ITH4;2012;0.804;0.804
ITH4;2013;0.801;0.801
ITH4;2014;0.805;0.805
ITH4;2015;0.8;0.8
ITH4;2016;0.8;0.8
ITH4;2017;0.802;0.802
ITH4;2018;0.806;0.806
ITH4;2019;0.809;0.809
ITH4;2020;NA;0.803709164
ITH5;2009;0.808;0.808
ITH5;2010;0.813;0.813
ITH5;2011;0.824;0.824
ITH5;2012;0.824;0.824
ITH5;2013;0.82;0.82
ITH5;2014;0.822;0.822
ITH5;2015;0.823;0.823
ITH5;2016;0.825;0.825
ITH5;2017;0.826;0.826
ITH5;2018;0.833;0.833
ITH5;2019;0.838;0.838
ITH5;2020;NA;0.834876937
ITI1;2009;0.79;0.79
ITI1;2010;0.796;0.796
ITI1;2011;0.806;0.806
ITI1;2012;0.806;0.806
ITI1;2013;0.804;0.804
ITI1;2014;0.806;0.806
ITI1;2015;0.81;0.81
ITI1;2016;0.814;0.814
ITI1;2017;0.811;0.811
ITI1;2018;0.816;0.816
ITI1;2019;0.817;0.817
ITI1;2020;NA;0.820015978
ITI2;2009;0.788;0.788
ITI2;2010;0.796;0.796
ITI2;2011;0.806;0.806
ITI2;2012;0.808;0.808
ITI2;2013;0.805;0.805
ITI2;2014;0.803;0.803
ITI2;2015;0.799;0.799
ITI2;2016;0.801;0.801
ITI2;2017;0.803;0.803
ITI2;2018;0.805;0.805
ITI2;2019;0.813;0.813
ITI2;2020;NA;0.804929398
ITI3;2009;0.783;0.783
ITI3;2010;0.79;0.79
ITI3;2011;0.796;0.796
ITI3;2012;0.799;0.799
ITI3;2013;0.798;0.798
ITI3;2014;0.805;0.805
ITI3;2015;0.805;0.805
ITI3;2016;0.809;0.809
ITI3;2017;0.809;0.809
ITI3;2018;0.812;0.812
ITI3;2019;0.816;0.816
ITI3;2020;NA;0.820857813
ITI4;2009;0.816;0.816
ITI4;2010;0.821;0.821
ITI4;2011;0.831;0.831
ITI4;2012;0.831;0.831
ITI4;2013;0.829;0.829
ITI4;2014;0.827;0.827
ITI4;2015;0.824;0.824
ITI4;2016;0.825;0.825
ITI4;2017;0.824;0.824
ITI4;2018;0.828;0.828
ITI4;2019;0.832;0.832
ITI4;2020;NA;0.828641306
LT01;2009;0.884;0.884
LT01;2010;0.896;0.896
LT01;2011;0.904;0.904
LT01;2012;0.894;0.894
LT01;2013;0.898;0.898
LT01;2014;0.917;0.917
LT01;2015;0.929;0.929
LT01;2016;0.935;0.935
LT01;2017;0.938;0.938
LT01;2018;0.938;0.938
LT01;2019;0.945;0.945
LT01;2020;NA;0.955818943
LT02;2009;0.826333333;0.826333333
LT02;2010;0.824777778;0.824777778
LT02;2011;0.833;0.833
LT02;2012;0.825;0.825
LT02;2013;0.829;0.829
LT02;2014;0.849555556;0.849555556
LT02;2015;0.855111111;0.855111111
LT02;2016;0.858555556;0.858555556
LT02;2017;0.861888889;0.861888889
LT02;2018;0.861888889;0.861888889
LT02;2019;0.867888889;0.867888889
LT02;2020;NA;0.873500857
LU00;2009;0.853290398;0.853290398
LU00;2010;0.861090343;0.861090343
LU00;2011;0.873360695;0.873360695
LU00;2012;0.879409314;0.879409314
LU00;2013;0.881107209;0.881107209
LU00;2014;0.904707598;0.904707598
LU00;2015;0.888479515;0.888479515
LU00;2016;0.895094625;0.895094625
LU00;2017;0.886718525;0.886718525
LU00;2018;0.90437117;0.90437117
LU00;2019;0.911947176;0.911947176
LU00;2020;NA;0.914632872
LV00;2009;0.884;0.884
LV00;2010;0.889833333;0.889833333
LV00;2011;0.835;0.835
LV00;2012;0.904333333;0.904333333
LV00;2013;0.921833333;0.921833333
LV00;2014;0.914666667;0.914666667
LV00;2015;0.921666667;0.921666667
LV00;2016;0.925166667;0.925166667
LV00;2017;0.933333333;0.933333333
LV00;2018;0.938333333;0.938333333
LV00;2019;0.938333333;0.938333333
LV00;2020;NA;0.955057732
MT00;2009;0.769887017;0.769887017
MT00;2010;0.780146508;0.780146508
MT00;2011;0.779897941;0.779897941
MT00;2012;0.790826168;0.790826168
MT00;2013;0.789521874;0.789521874
MT00;2014;0.790629711;0.790629711
MT00;2015;0.791056647;0.791056647
MT00;2016;0.793273167;0.793273167
MT00;2017;0.801735896;0.801735896
MT00;2018;0.808144126;0.808144126
MT00;2019;0.827904202;0.827904202
MT00;2020;NA;0.824691594
NL11;2009;0.885;0.885
NL11;2010;0.905;0.905
NL11;2011;0.903;0.903
NL11;2012;0.904;0.904
NL11;2013;0.902;0.902
NL11;2014;0.898;0.898
NL11;2015;0.903;0.903
NL11;2016;0.908;0.908
NL11;2017;0.909;0.909
NL11;2018;0.907;0.907
NL11;2019;0.909;0.909
NL11;2020;NA;0.918235958
NL12;2009;0.851;0.851
NL12;2010;0.862;0.862
NL12;2011;0.887;0.887
NL12;2012;0.886;0.886
NL12;2013;0.887;0.887
NL12;2014;0.886;0.886
NL12;2015;0.885;0.885
NL12;2016;0.884;0.884
NL12;2017;0.889;0.889
NL12;2018;0.898;0.898
NL12;2019;0.901;0.901
NL12;2020;NA;0.905251979
NL13;2009;0.837;0.837
NL13;2010;0.844;0.844
NL13;2011;0.866;0.866
NL13;2012;0.869;0.869
NL13;2013;0.873;0.873
NL13;2014;0.879;0.879
NL13;2015;0.88;0.88
NL13;2016;0.876;0.876
NL13;2017;0.872;0.872
NL13;2018;0.893;0.893
NL13;2019;0.901;0.901
NL13;2020;NA;0.90151765
NL21;2009;0.857;0.857
NL21;2010;0.868;0.868
NL21;2011;0.894;0.894
NL21;2012;0.897;0.897
NL21;2013;0.896;0.896
NL21;2014;0.899;0.899
NL21;2015;0.9;0.9
NL21;2016;0.897;0.897
NL21;2017;0.902;0.902
NL21;2018;0.901;0.901
NL21;2019;0.902;0.902
NL21;2020;NA;0.915770424
NL22;2009;0.859;0.859
NL22;2010;0.868;0.868
NL22;2011;0.89;0.89
NL22;2012;0.892;0.892
NL22;2013;0.896;0.896
NL22;2014;0.9;0.9
NL22;2015;0.903;0.903
NL22;2016;0.896;0.896
NL22;2017;0.899;0.899
NL22;2018;0.903;0.903
NL22;2019;0.908;0.908
NL22;2020;NA;0.912730705
NL23;2009;0.838;0.838
NL23;2010;0.848;0.848
NL23;2011;0.874;0.874
NL23;2012;0.871;0.871
NL23;2013;0.875;0.875
NL23;2014;0.881;0.881
NL23;2015;0.879;0.879
NL23;2016;0.877;0.877
NL23;2017;0.885;0.885
NL23;2018;0.896;0.896
NL23;2019;0.9;0.9
NL23;2020;NA;0.901668667
NL31;2009;0.886;0.886
NL31;2010;0.896;0.896
NL31;2011;0.923;0.923
NL31;2012;0.922;0.922
NL31;2013;0.926;0.926
NL31;2014;0.928;0.928
NL31;2015;0.93;0.93
NL31;2016;0.93;0.93
NL31;2017;0.935;0.935
NL31;2018;0.937;0.937
NL31;2019;0.939;0.939
NL31;2020;NA;0.945045064
NL32;2009;0.875;0.875
NL32;2010;0.883;0.883
NL32;2011;0.907;0.907
NL32;2012;0.906;0.906
NL32;2013;0.908;0.908
NL32;2014;0.913;0.913
NL32;2015;0.917;0.917
NL32;2016;0.913;0.913
NL32;2017;0.918;0.918
NL32;2018;0.925;0.925
NL32;2019;0.93;0.93
NL32;2020;NA;0.942661552
NL33;2009;0.859;0.859
NL33;2010;0.866;0.866
NL33;2011;0.892;0.892
NL33;2012;0.895;0.895
NL33;2013;0.898;0.898
NL33;2014;0.898;0.898
NL33;2015;0.902;0.902
NL33;2016;0.9;0.9
NL33;2017;0.905;0.905
NL33;2018;0.911;0.911
NL33;2019;0.914;0.914
NL33;2020;NA;0.930820462
NL34;2009;0.817;0.817
NL34;2010;0.825;0.825
NL34;2011;0.845;0.845
NL34;2012;0.837;0.837
NL34;2013;0.842;0.842
NL34;2014;0.848;0.848
NL34;2015;0.857;0.857
NL34;2016;0.854;0.854
NL34;2017;0.857;0.857
NL34;2018;0.868;0.868
NL34;2019;0.863;0.863
NL34;2020;NA;0.871402626
NL41;2009;0.854;0.854
NL41;2010;0.863;0.863
NL41;2011;0.889;0.889
NL41;2012;0.89;0.89
NL41;2013;0.892;0.892
NL41;2014;0.894;0.894
NL41;2015;0.899;0.899
NL41;2016;0.896;0.896
NL41;2017;0.897;0.897
NL41;2018;0.905;0.905
NL41;2019;0.909;0.909
NL41;2020;NA;0.91709687
NL42;2009;0.841;0.841
NL42;2010;0.848;0.848
NL42;2011;0.874;0.874
NL42;2012;0.873;0.873
NL42;2013;0.877;0.877
NL42;2014;0.873;0.873
NL42;2015;0.882;0.882
NL42;2016;0.878;0.878
NL42;2017;0.878;0.878
NL42;2018;0.891;0.891
NL42;2019;0.896;0.896
NL42;2020;NA;0.891574029
NO02;2009;0.873;0.873
NO02;2010;0.879;0.879
NO02;2011;0.883;0.883
NO02;2012;0.875;0.875
NO02;2013;0.881;0.881
NO02;2014;0.878;0.878
NO02;2015;0.88;0.88
NO02;2016;0.892;0.892
NO02;2017;0.904;0.904
NO02;2018;0.899;0.899
NO02;2019;0.901;0.901
NO02;2020;NA;0.903784011
NO06;2009;0.925;0.925
NO06;2010;0.925;0.925
NO06;2011;0.93;0.93
NO06;2012;0.921;0.921
NO06;2013;0.922;0.922
NO06;2014;0.916;0.916
NO06;2015;0.922;0.922
NO06;2016;0.924;0.924
NO06;2017;0.929;0.929
NO06;2018;0.929;0.929
NO06;2019;0.932;0.932
NO06;2020;NA;0.928015008
NO07;2009;0.881;0.881
NO07;2010;0.885;0.885
NO07;2011;0.89;0.89
NO07;2012;0.874;0.874
NO07;2013;0.888;0.888
NO07;2014;0.884;0.884
NO07;2015;0.886;0.886
NO07;2016;0.897;0.897
NO07;2017;0.906;0.906
NO07;2018;0.909;0.909
NO07;2019;0.913;0.913
NO07;2020;NA;0.914339822
NO08;2009;0.945;0.945
NO08;2010;0.944;0.944
NO08;2011;0.95;0.95
NO08;2012;0.944;0.944
NO08;2013;0.946;0.946
NO08;2014;0.938;0.938
NO08;2015;0.937;0.937
NO08;2016;0.939;0.939
NO08;2017;0.948;0.948
NO08;2018;0.947;0.947
NO08;2019;0.95;0.95
NO08;2020;NA;0.939914763
NO09;2009;0.8695;0.8695
NO09;2010;0.8725;0.8725
NO09;2011;0.879;0.879
NO09;2012;0.8715;0.8715
NO09;2013;0.8805;0.8805
NO09;2014;0.871;0.871
NO09;2015;0.8735;0.8735
NO09;2016;0.882;0.882
NO09;2017;0.8895;0.8895
NO09;2018;0.8935;0.8935
NO09;2019;0.8995;0.8995
NO09;2020;NA;0.889734695
NO0A;2009;0.918;0.918
NO0A;2010;0.921;0.921
NO0A;2011;0.924;0.924
NO0A;2012;0.913;0.913
NO0A;2013;0.923;0.923
NO0A;2014;0.919;0.919
NO0A;2015;0.918;0.918
NO0A;2016;0.922;0.922
NO0A;2017;0.93;0.93
NO0A;2018;0.929;0.929
NO0A;2019;0.93;0.93
NO0A;2020;NA;0.928757213
NO0B;2009;0.901916667;0.901916667
NO0B;2010;0.904416667;0.904416667
NO0B;2011;0.909333333;0.909333333
NO0B;2012;0.89975;0.89975
NO0B;2013;0.90675;0.90675
NO0B;2014;0.901;0.901
NO0B;2015;0.90275;0.90275
NO0B;2016;0.909333333;0.909333333
NO0B;2017;0.91775;0.91775
NO0B;2018;0.91775;0.91775
NO0B;2019;0.920916667;0.920916667
NO0B;2020;NA;0.923059248
PL21;2009;0.777238071;0.777238071
PL21;2010;0.773413313;0.773413313
PL21;2011;0.783214334;0.783214334
PL21;2012;0.79813363;0.79813363
PL21;2013;0.808202576;0.808202576
PL21;2014;0.821354683;0.821354683
PL21;2015;0.830842317;0.830842317
PL21;2016;0.839433553;0.839433553
PL21;2017;0.855827974;0.855827974
PL21;2018;0.852922768;0.852922768
PL21;2019;0.85295733;0.85295733
PL21;2020;NA;0.878945587
PL22;2009;0.779234818;0.779234818
PL22;2010;0.77419158;0.77419158
PL22;2011;0.775484155;0.775484155
PL22;2012;0.778636118;0.778636118
PL22;2013;0.79263681;0.79263681
PL22;2014;0.809820246;0.809820246
PL22;2015;0.811723823;0.811723823
PL22;2016;0.82067864;0.82067864
PL22;2017;0.825791127;0.825791127
PL22;2018;0.827790966;0.827790966
PL22;2019;0.836176067;0.836176067
PL22;2020;NA;0.84136134
PL41;2009;0.784310515;0.784310515
PL41;2010;0.77963462;0.77963462
PL41;2011;0.77812333;0.77812333
PL41;2012;0.780471295;0.780471295
PL41;2013;0.789745476;0.789745476
PL41;2014;0.807805641;0.807805641
PL41;2015;0.813365222;0.813365222
PL41;2016;0.812035397;0.812035397
PL41;2017;0.808920236;0.808920236
PL41;2018;0.80640105;0.80640105
PL41;2019;0.821615603;0.821615603
PL41;2020;NA;0.828951469
PL42;2009;0.780183523;0.780183523
PL42;2010;0.777451852;0.777451852
PL42;2011;0.78011948;0.78011948
PL42;2012;0.780114378;0.780114378
PL42;2013;0.790834823;0.790834823
PL42;2014;0.805285446;0.805285446
PL42;2015;0.806807316;0.806807316
PL42;2016;0.814195407;0.814195407
PL42;2017;0.817322609;0.817322609
PL42;2018;0.81978472;0.81978472
PL42;2019;0.826166479;0.826166479
PL42;2020;NA;0.832717429
PL43;2009;0.783043583;0.783043583
PL43;2010;0.786906443;0.786906443
PL43;2011;0.786096255;0.786096255
PL43;2012;0.793591092;0.793591092
PL43;2013;0.790001143;0.790001143
PL43;2014;0.798219432;0.798219432
PL43;2015;0.795397169;0.795397169
PL43;2016;0.795403915;0.795403915
PL43;2017;0.800640681;0.800640681
PL43;2018;0.79769358;0.79769358
PL43;2019;0.80686013;0.80686013
PL43;2020;NA;0.802018916
PL51;2009;0.780910493;0.780910493
PL51;2010;0.775845102;0.775845102
PL51;2011;0.775600793;0.775600793
PL51;2012;0.77907819;0.77907819
PL51;2013;0.796417645;0.796417645
PL51;2014;0.820855599;0.820855599
PL51;2015;0.821575035;0.821575035
PL51;2016;0.829300223;0.829300223
PL51;2017;0.834831502;0.834831502
PL51;2018;0.843157131;0.843157131
PL51;2019;0.857076831;0.857076831
PL51;2020;NA;0.862789051
PL52;2009;0.782802206;0.782802206
PL52;2010;0.787053575;0.787053575
PL52;2011;0.786350253;0.786350253
PL52;2012;0.792163045;0.792163045
PL52;2013;0.789896345;0.789896345
PL52;2014;0.800239843;0.800239843
PL52;2015;0.808444505;0.808444505
PL52;2016;0.807183488;0.807183488
PL52;2017;0.812829458;0.812829458
PL52;2018;0.803095812;0.803095812
PL52;2019;0.81035818;0.81035818
PL52;2020;NA;0.815299884
PL61;2009;0.782802206;0.782802206
PL61;2010;0.787461163;0.787461163
PL61;2011;0.786514198;0.786514198
PL61;2012;0.791788854;0.791788854
PL61;2013;0.78997467;0.78997467
PL61;2014;0.785556462;0.785556462
PL61;2015;0.788883543;0.788883543
PL61;2016;0.799139586;0.799139586
PL61;2017;0.806144072;0.806144072
PL61;2018;0.800040708;0.800040708
PL61;2019;0.801655855;0.801655855
PL61;2020;NA;0.800462251
PL62;2009;0.781149546;0.781149546
PL62;2010;0.782225857;0.782225857
PL62;2011;0.785901664;0.785901664
PL62;2012;0.793811341;0.793811341
PL62;2013;0.78997467;0.78997467
PL62;2014;0.794174344;0.794174344
PL62;2015;0.796481846;0.796481846
PL62;2016;0.798605315;0.798605315
PL62;2017;0.799002635;0.799002635
PL62;2018;0.79282359;0.79282359
PL62;2019;0.798978463;0.798978463
PL62;2020;NA;0.800544246
PL63;2009;0.7780073;0.7780073
PL63;2010;0.772884504;0.772884504
PL63;2011;0.779008535;0.779008535
PL63;2012;0.799583971;0.799583971
PL63;2013;0.809111912;0.809111912
PL63;2014;0.817354899;0.817354899
PL63;2015;0.826490052;0.826490052
PL63;2016;0.838904729;0.838904729
PL63;2017;0.851505642;0.851505642
PL63;2018;0.851460056;0.851460056
PL63;2019;0.854729914;0.854729914
PL63;2020;NA;0.873727564
PL71;2009;0.779941811;0.779941811
PL71;2010;0.775477117;0.775477117
PL71;2011;0.776798308;0.776798308
PL71;2012;0.778741852;0.778741852
PL71;2013;0.789913223;0.789913223
PL71;2014;0.811832997;0.811832997
PL71;2015;0.819386678;0.819386678
PL71;2016;0.821218661;0.821218661
PL71;2017;0.825225653;0.825225653
PL71;2018;0.82262844;0.82262844
PL71;2019;0.825016854;0.825016854
PL71;2020;NA;0.839973272
PL72;2009;0.778186855;0.778186855
PL72;2010;0.775477117;0.775477117
PL72;2011;0.77812333;0.77812333
PL72;2012;0.77887993;0.77887993
PL72;2013;0.803014811;0.803014811
PL72;2014;0.813843453;0.813843453
PL72;2015;0.810630111;0.810630111
PL72;2016;0.821758584;0.821758584
PL72;2017;0.824094889;0.824094889
PL72;2018;0.821909355;0.821909355
PL72;2019;0.830831563;0.830831563
PL72;2020;NA;0.842821852
PL81;2009;0.778579498;0.778579498
PL81;2010;0.775126052;0.775126052
PL81;2011;0.776275835;0.776275835
PL81;2012;0.780059358;0.780059358
PL81;2013;0.799141417;0.799141417
PL81;2014;0.819356767;0.819356767
PL81;2015;0.821028103;0.821028103
PL81;2016;0.817437181;0.817437181
PL81;2017;0.818449177;0.818449177
PL81;2018;0.821195619;0.821195619
PL81;2019;0.837972531;0.837972531
PL81;2020;NA;0.848643614
PL82;2009;0.778186855;0.778186855
PL82;2010;0.776624955;0.776624955
PL82;2011;0.782231266;0.782231266
PL82;2012;0.782652544;0.782652544
PL82;2013;0.789373894;0.789373894
PL82;2014;0.803772519;0.803772519
PL82;2015;0.811176903;0.811176903
PL82;2016;0.822298398;0.822298398
PL82;2017;0.82635664;0.82635664
PL82;2018;0.818396265;0.818396265
PL82;2019;0.826744012;0.826744012
PL82;2020;NA;0.831923795
PL84;2009;0.777428029;0.777428029
PL84;2010;0.772859097;0.772859097
PL84;2011;0.779702092;0.779702092
PL84;2012;0.784835148;0.784835148
PL84;2013;0.803843028;0.803843028
PL84;2014;0.823845851;0.823845851
PL84;2015;0.826490052;0.826490052
PL84;2016;0.83144613;0.83144613
PL84;2017;0.838768619;0.838768619
PL84;2018;0.847731416;0.847731416
PL84;2019;0.84698918;0.84698918
PL84;2020;NA;0.864403913
PL91;2009;NA;0.890781534
PL91;2010;NA;0.895796765
PL91;2011;NA;0.900719521
PL91;2012;NA;0.902268079
PL91;2013;0.897535315;0.897535315
PL91;2014;0.927828281;0.927828281
PL91;2015;0.926619144;0.926619144
PL91;2016;0.935646323;0.935646323
PL91;2017;0.942684312;0.942684312
PL91;2018;0.937180963;0.937180963
PL91;2019;0.937776309;0.937776309
PL91;2020;NA;0.953333342
PL92;2009;NA;0.774692509
PL92;2010;NA;0.773985196
PL92;2011;NA;0.772766243
PL92;2012;NA;0.776870191
PL92;2013;0.790022861;0.790022861
PL92;2014;0.792149469;0.792149469
PL92;2015;0.791056647;0.791056647
PL92;2016;0.79167664;0.79167664
PL92;2017;0.794659962;0.794659962
PL92;2018;0.79282359;0.79282359
PL92;2019;0.810869025;0.810869025
PL92;2020;NA;0.808348061
PT11;2009;0.682;0.682
PT11;2010;0.694;0.694
PT11;2011;0.701;0.701
PT11;2012;0.71;0.71
PT11;2013;0.714;0.714
PT11;2014;0.725;0.725
PT11;2015;0.745;0.745
PT11;2016;0.739;0.739
PT11;2017;0.741;0.741
PT11;2018;0.743;0.743
PT11;2019;0.748;0.748
PT11;2020;NA;0.759532505
PT15;2009;0.683;0.683
PT15;2010;0.694;0.694
PT15;2011;0.699;0.699
PT15;2012;0.71;0.71
PT15;2013;0.715;0.715
PT15;2014;0.72;0.72
PT15;2015;0.729;0.729
PT15;2016;0.72;0.72
PT15;2017;0.724;0.724
PT15;2018;0.72;0.72
PT15;2019;0.723;0.723
PT15;2020;NA;0.731411424
PT16;2009;0.696;0.696
PT16;2010;0.71;0.71
PT16;2011;0.717;0.717
PT16;2012;0.729;0.729
PT16;2013;0.734;0.734
PT16;2014;0.746;0.746
PT16;2015;0.767;0.767
PT16;2016;0.759;0.759
PT16;2017;0.757;0.757
PT16;2018;0.757;0.757
PT16;2019;0.764;0.764
PT16;2020;NA;0.782153691
PT17;2009;0.759;0.759
PT17;2010;0.772;0.772
PT17;2011;0.777;0.777
PT17;2012;0.786;0.786
PT17;2013;0.796;0.796
PT17;2014;0.812;0.812
PT17;2015;0.829;0.829
PT17;2016;0.824;0.824
PT17;2017;0.823;0.823
PT17;2018;0.821;0.821
PT17;2019;0.829;0.829
PT17;2020;NA;0.856416405
PT18;2009;0.666;0.666
PT18;2010;0.68;0.68
PT18;2011;0.685;0.685
PT18;2012;0.692;0.692
PT18;2013;0.699;0.699
PT18;2014;0.707;0.707
PT18;2015;0.731;0.731
PT18;2016;0.725;0.725
PT18;2017;0.727;0.727
PT18;2018;0.728;0.728
PT18;2019;0.732;0.732
PT18;2020;NA;0.751218927
PT20;2009;0.629;0.629
PT20;2010;0.641;0.641
PT20;2011;0.643;0.643
PT20;2012;0.653;0.653
PT20;2013;0.655;0.655
PT20;2014;0.669;0.669
PT20;2015;0.691;0.691
PT20;2016;0.68;0.68
PT20;2017;0.676;0.676
PT20;2018;0.673;0.673
PT20;2019;0.672;0.672
PT20;2020;NA;0.697553332
PT30;2009;0.64;0.64
PT30;2010;0.65;0.65
PT30;2011;0.655;0.655
PT30;2012;0.663;0.663
PT30;2013;0.669;0.669
PT30;2014;0.675;0.675
PT30;2015;0.689;0.689
PT30;2016;0.684;0.684
PT30;2017;0.687;0.687
PT30;2018;0.687;0.687
PT30;2019;0.69;0.69
PT30;2020;NA;0.703724173
RO11;2009;0.750315331;0.750315331
RO11;2010;0.758126094;0.758126094
RO11;2011;0.755382028;0.755382028
RO11;2012;0.753408839;0.753408839
RO11;2013;0.754676854;0.754676854
RO11;2014;0.75482933;0.75482933
RO11;2015;0.767972852;0.767972852
RO11;2016;0.768303318;0.768303318
RO11;2017;0.765319498;0.765319498
RO11;2018;0.773638819;0.773638819
RO11;2019;0.778878125;0.778878125
RO11;2020;NA;0.779414226
RO12;2009;0.779;0.779
RO12;2010;0.775;0.775
RO12;2011;0.768;0.768
RO12;2012;0.755;0.755
RO12;2013;0.759;0.759
RO12;2014;0.755;0.755
RO12;2015;0.758;0.758
RO12;2016;0.763;0.763
RO12;2017;0.759;0.759
RO12;2018;0.758;0.758
RO12;2019;0.76;0.76
RO12;2020;NA;0.755949107
RO21;2009;0.772;0.772
RO21;2010;0.7705;0.7705
RO21;2011;0.7625;0.7625
RO21;2012;0.749;0.749
RO21;2013;0.7505;0.7505
RO21;2014;0.7515;0.7515
RO21;2015;0.7525;0.7525
RO21;2016;0.757;0.757
RO21;2017;0.7515;0.7515
RO21;2018;0.7535;0.7535
RO21;2019;0.7575;0.7575
RO21;2020;NA;0.745743948
RO22;2009;0.76;0.76
RO22;2010;0.758;0.758
RO22;2011;0.75;0.75
RO22;2012;0.737;0.737
RO22;2013;0.739;0.739
RO22;2014;0.736;0.736
RO22;2015;0.727;0.727
RO22;2016;0.741;0.741
RO22;2017;0.725;0.725
RO22;2018;0.721;0.721
RO22;2019;0.726;0.726
RO22;2020;NA;0.715616966
RO31;2009;0.73;0.73
RO31;2010;0.729;0.729
RO31;2011;0.722;0.722
RO31;2012;0.71;0.71
RO31;2013;0.713;0.713
RO31;2014;0.705;0.705
RO31;2015;0.707;0.707
RO31;2016;0.712;0.712
RO31;2017;0.703;0.703
RO31;2018;0.699;0.699
RO31;2019;0.701;0.701
RO31;2020;NA;0.700711348
RO32;2009;0.889;0.889
RO32;2010;0.894;0.894
RO32;2011;0.901;0.901
RO32;2012;0.894;0.894
RO32;2013;0.898;0.898
RO32;2014;0.908;0.908
RO32;2015;0.901;0.901
RO32;2016;0.907;0.907
RO32;2017;0.909;0.909
RO32;2018;0.91;0.91
RO32;2019;0.917;0.917
RO32;2020;NA;0.917564342
RO41;2009;0.78;0.78
RO41;2010;0.776;0.776
RO41;2011;0.767;0.767
RO41;2012;0.755;0.755
RO41;2013;0.758;0.758
RO41;2014;0.761;0.761
RO41;2015;0.755;0.755
RO41;2016;0.758;0.758
RO41;2017;0.742;0.742
RO41;2018;0.737;0.737
RO41;2019;0.741;0.741
RO41;2020;NA;0.733600806
RO42;2009;0.806;0.806
RO42;2010;0.803;0.803
RO42;2011;0.795;0.795
RO42;2012;0.78;0.78
RO42;2013;0.779;0.779
RO42;2014;0.777;0.777
RO42;2015;0.778;0.778
RO42;2016;0.783;0.783
RO42;2017;0.771;0.771
RO42;2018;0.771;0.771
RO42;2019;0.774;0.774
RO42;2020;NA;0.767069074
SE11;2009;0.858;0.858
SE11;2010;0.866;0.866
SE11;2011;0.867;0.867
SE11;2012;0.866;0.866
SE11;2013;0.921;0.921
SE11;2014;0.927;0.927
SE11;2015;0.931;0.931
SE11;2016;0.931;0.931
SE11;2017;0.93;0.93
SE11;2018;0.931;0.931
SE11;2019;0.933;0.933
SE11;2020;NA;0.958185444
SE12;2009;0.847;0.847
SE12;2010;0.856;0.856
SE12;2011;0.855;0.855
SE12;2012;0.857;0.857
SE12;2013;0.903;0.903
SE12;2014;0.906;0.906
SE12;2015;0.907;0.907
SE12;2016;0.907;0.907
SE12;2017;0.908;0.908
SE12;2018;0.907;0.907
SE12;2019;0.913;0.913
SE12;2020;NA;0.929108288
SE21;2009;0.824;0.824
SE21;2010;0.832;0.832
SE21;2011;0.833;0.833
SE21;2012;0.834;0.834
SE21;2013;0.89;0.89
SE21;2014;0.896;0.896
SE21;2015;0.9;0.9
SE21;2016;0.899;0.899
SE21;2017;0.898;0.898
SE21;2018;0.901;0.901
SE21;2019;0.905;0.905
SE21;2020;NA;0.927775208
SE22;2009;0.85;0.85
SE22;2010;0.859;0.859
SE22;2011;0.858;0.858
SE22;2012;0.857;0.857
SE22;2013;0.908;0.908
SE22;2014;0.91;0.91
SE22;2015;0.916;0.916
SE22;2016;0.917;0.917
SE22;2017;0.918;0.918
SE22;2018;0.916;0.916
SE22;2019;0.918;0.918
SE22;2020;NA;0.936848585
SE23;2009;0.834;0.834
SE23;2010;0.844;0.844
SE23;2011;0.845;0.845
SE23;2012;0.846;0.846
SE23;2013;0.902;0.902
SE23;2014;0.91;0.91
SE23;2015;0.912;0.912
SE23;2016;0.911;0.911
SE23;2017;0.911;0.911
SE23;2018;0.912;0.912
SE23;2019;0.915;0.915
SE23;2020;NA;0.934989757
SE31;2009;0.816;0.816
SE31;2010;0.826;0.826
SE31;2011;0.826;0.826
SE31;2012;0.825;0.825
SE31;2013;0.88;0.88
SE31;2014;0.886;0.886
SE31;2015;0.897;0.897
SE31;2016;0.898;0.898
SE31;2017;0.897;0.897
SE31;2018;0.896;0.896
SE31;2019;0.897;0.897
SE31;2020;NA;0.930223488
SE32;2009;0.821;0.821
SE32;2010;0.829;0.829
SE32;2011;0.829;0.829
SE32;2012;0.826;0.826
SE32;2013;0.883;0.883
SE32;2014;0.885;0.885
SE32;2015;0.897;0.897
SE32;2016;0.9;0.9
SE32;2017;0.9;0.9
SE32;2018;0.903;0.903
SE32;2019;0.907;0.907
SE32;2020;NA;0.935235978
SE33;2009;0.857;0.857
SE33;2010;0.869;0.869
SE33;2011;0.871;0.871
SE33;2012;0.872;0.872
SE33;2013;0.908;0.908
SE33;2014;0.911;0.911
SE33;2015;0.913;0.913
SE33;2016;0.911;0.911
SE33;2017;0.909;0.909
SE33;2018;0.911;0.911
SE33;2019;0.915;0.915
SE33;2020;NA;0.935523161
SI03;2009;0.850625;0.850625
SI03;2010;0.85325;0.85325
SI03;2011;0.851;0.851
SI03;2012;0.834875;0.834875
SI03;2013;0.854375;0.854375
SI03;2014;0.852625;0.852625
SI03;2015;0.8505;0.8505
SI03;2016;0.85925;0.85925
SI03;2017;0.869125;0.869125
SI03;2018;0.8755;0.8755
SI03;2019;0.88725;0.88725
SI03;2020;NA;0.873646614
SI04;2009;0.88475;0.88475
SI04;2010;0.8875;0.8875
SI04;2011;0.88525;0.88525
SI04;2012;0.8685;0.8685
SI04;2013;0.88475;0.88475
SI04;2014;0.88475;0.88475
SI04;2015;0.88275;0.88275
SI04;2016;0.89025;0.89025
SI04;2017;0.9005;0.9005
SI04;2018;0.90725;0.90725
SI04;2019;0.91825;0.91825
SI04;2020;NA;0.901713873
SK01;2009;0.91;0.91
SK01;2010;0.917;0.917
SK01;2011;0.94;0.94
SK01;2012;0.947;0.947
SK01;2013;0.941;0.941
SK01;2014;0.947;0.947
SK01;2015;0.95;0.95
SK01;2016;0.954;0.954
SK01;2017;0.96;0.96
SK01;2018;0.959;0.959
SK01;2019;0.963;0.963
SK01;2020;NA;0.973431186
SK02;2009;0.779;0.779
SK02;2010;0.786;0.786
SK02;2011;0.802;0.802
SK02;2012;0.809;0.809
SK02;2013;0.805;0.805
SK02;2014;0.806;0.806
SK02;2015;0.812;0.812
SK02;2016;0.816;0.816
SK02;2017;0.814;0.814
SK02;2018;0.809;0.809
SK02;2019;0.813;0.813
SK02;2020;NA;0.824142953
SK03;2009;0.772;0.772
SK03;2010;0.781;0.781
SK03;2011;0.796;0.796
SK03;2012;0.803;0.803
SK03;2013;0.799;0.799
SK03;2014;0.797;0.797
SK03;2015;0.805;0.805
SK03;2016;0.803;0.803
SK03;2017;0.801;0.801
SK03;2018;0.8;0.8
SK03;2019;0.805;0.805
SK03;2020;NA;0.807663665
SK04;2009;0.747;0.747
SK04;2010;0.753;0.753
SK04;2011;0.769;0.769
SK04;2012;0.774;0.774
SK04;2013;0.773;0.773
SK04;2014;0.776;0.776
SK04;2015;0.777;0.777
SK04;2016;0.776;0.776
SK04;2017;0.774;0.774
SK04;2018;0.777;0.777
SK04;2019;0.778;0.778
SK04;2020;NA;0.784974572
UKC1;2009;0.794485912;0.794485912
UKC1;2010;0.85004677;0.85004677
UKC1;2011;0.838160972;0.838160972
UKC1;2012;0.826081073;0.826081073
UKC1;2013;0.815717961;0.815717961
UKC1;2014;0.838115098;0.838115098
UKC1;2015;0.85990885;0.85990885
UKC1;2016;0.849856936;0.849856936
UKC1;2017;0.84932007;0.84932007
UKC1;2018;0.846975361;0.846975361
UKC1;2019;0.841577517;0.841577517
UKC1;2020;NA;0.855807996
UKC2;2009;0.823588528;0.823588528
UKC2;2010;0.845014698;0.845014698
UKC2;2011;0.847522205;0.847522205
UKC2;2012;0.854112207;0.854112207
UKC2;2013;0.851156969;0.851156969
UKC2;2014;0.843904005;0.843904005
UKC2;2015;0.863723345;0.863723345
UKC2;2016;0.873190903;0.873190903
UKC2;2017;0.87131954;0.87131954
UKC2;2018;0.864462134;0.864462134
UKC2;2019;0.866223545;0.866223545
UKC2;2020;NA;0.876589319
UKD1;2009;0.8399639;0.8399639
UKD1;2010;0.855068214;0.855068214
UKD1;2011;0.850453367;0.850453367
UKD1;2012;0.854332645;0.854332645
UKD1;2013;0.866741357;0.866741357
UKD1;2014;0.850549169;0.850549169
UKD1;2015;0.854502198;0.854502198
UKD1;2016;0.867605976;0.867605976
UKD1;2017;0.853675435;0.853675435
UKD1;2018;0.866938667;0.866938667
UKD1;2019;0.867334173;0.867334173
UKD1;2020;NA;0.865367723
UKD3;2009;0.847775103;0.847775103
UKD3;2010;0.855551608;0.855551608
UKD3;2011;0.849005515;0.849005515
UKD3;2012;0.860362438;0.860362438
UKD3;2013;0.872282346;0.872282346
UKD3;2014;0.870550279;0.870550279
UKD3;2015;0.879666176;0.879666176
UKD3;2016;0.881681935;0.881681935
UKD3;2017;0.880419928;0.880419928
UKD3;2018;0.886026392;0.886026392
UKD3;2019;0.891721326;0.891721326
UKD3;2020;NA;0.89956788
UKD4;2009;0.846633402;0.846633402
UKD4;2010;0.85633719;0.85633719
UKD4;2011;0.849096976;0.849096976
UKD4;2012;0.860808398;0.860808398
UKD4;2013;0.855703228;0.855703228
UKD4;2014;0.842944784;0.842944784
UKD4;2015;0.85698299;0.85698299
UKD4;2016;0.869953783;0.869953783
UKD4;2017;0.874259434;0.874259434
UKD4;2018;0.881498793;0.881498793
UKD4;2019;0.87640103;0.87640103
UKD4;2020;NA;0.869884173
UKD6;2009;0.858832044;0.858832044
UKD6;2010;0.875634597;0.875634597
UKD6;2011;0.881318258;0.881318258
UKD6;2012;0.882651039;0.882651039
UKD6;2013;0.887015281;0.887015281
UKD6;2014;0.905109169;0.905109169
UKD6;2015;0.901030364;0.901030364
UKD6;2016;0.911419237;0.911419237
UKD6;2017;0.918975771;0.918975771
UKD6;2018;0.910974656;0.910974656
UKD6;2019;0.907303515;0.907303515
UKD6;2020;NA;0.923619092
UKD7;2009;0.839136331;0.839136331
UKD7;2010;0.822830701;0.822830701
UKD7;2011;0.822196787;0.822196787
UKD7;2012;0.847035778;0.847035778
UKD7;2013;0.846876502;0.846876502
UKD7;2014;0.843904005;0.843904005
UKD7;2015;0.85698299;0.85698299
UKD7;2016;0.864749964;0.864749964
UKD7;2017;0.864758794;0.864758794
UKD7;2018;0.875471667;0.875471667
UKD7;2019;0.877418135;0.877418135
UKD7;2020;NA;0.877959094
UKE1;2009;0.815544221;0.815544221
UKE1;2010;0.827653165;0.827653165
UKE1;2011;0.851456724;0.851456724
UKE1;2012;0.830505526;0.830505526
UKE1;2013;0.8319955;0.8319955
UKE1;2014;0.832743913;0.832743913
UKE1;2015;0.850455102;0.850455102
UKE1;2016;0.855433697;0.855433697
UKE1;2017;0.852592603;0.852592603
UKE1;2018;0.841616775;0.841616775
UKE1;2019;0.830243274;0.830243274
UKE1;2020;NA;0.844656218
UKE2;2009;0.87347052;0.87347052
UKE2;2010;0.864154253;0.864154253
UKE2;2011;0.882246201;0.882246201
UKE2;2012;0.883561308;0.883561308
UKE2;2013;0.888174957;0.888174957
UKE2;2014;0.89784589;0.89784589
UKE2;2015;0.89599564;0.89599564
UKE2;2016;0.891424595;0.891424595
UKE2;2017;0.899036421;0.899036421
UKE2;2018;0.913691269;0.913691269
UKE2;2019;0.892551052;0.892551052
UKE2;2020;NA;0.910431253
UKE3;2009;0.818267221;0.818267221
UKE3;2010;0.821187128;0.821187128
UKE3;2011;0.839540244;0.839540244
UKE3;2012;0.851363621;0.851363621
UKE3;2013;0.844606211;0.844606211
UKE3;2014;0.84101946;0.84101946
UKE3;2015;0.854001409;0.854001409
UKE3;2016;0.856931759;0.856931759
UKE3;2017;0.868826074;0.868826074
UKE3;2018;0.888545572;0.888545572
UKE3;2019;0.879417741;0.879417741
UKE3;2020;NA;0.890660944
UKE4;2009;0.848194155;0.848194155
UKE4;2010;0.852791039;0.852791039
UKE4;2011;0.852750036;0.852750036
UKE4;2012;0.854942425;0.854942425
UKE4;2013;0.866741357;0.866741357
UKE4;2014;0.854751438;0.854751438
UKE4;2015;0.862779002;0.862779002
UKE4;2016;0.85989765;0.85989765
UKE4;2017;0.866804057;0.866804057
UKE4;2018;0.879069393;0.879069393
UKE4;2019;0.877418135;0.877418135
UKE4;2020;NA;0.875558156
UKF1;2009;0.845888096;0.845888096
UKF1;2010;0.855221333;0.855221333
UKF1;2011;0.846436908;0.846436908
UKF1;2012;0.855147366;0.855147366
UKF1;2013;0.871452276;0.871452276
UKF1;2014;0.857521372;0.857521372
UKF1;2015;0.875437395;0.875437395
UKF1;2016;0.869953783;0.869953783
UKF1;2017;0.867818027;0.867818027
UKF1;2018;0.87856968;0.87856968
UKF1;2019;0.877922365;0.877922365
UKF1;2020;NA;0.882234764
UKF2;2009;0.843425145;0.843425145
UKF2;2010;0.855398513;0.855398513
UKF2;2011;0.846464708;0.846464708
UKF2;2012;0.854446417;0.854446417
UKF2;2013;0.873789541;0.873789541
UKF2;2014;0.862533646;0.862533646
UKF2;2015;0.861828472;0.861828472
UKF2;2016;0.86948658;0.86948658
UKF2;2017;0.879024699;0.879024699
UKF2;2018;0.886026392;0.886026392
UKF2;2019;0.881852514;0.881852514
UKF2;2020;NA;0.891013965
UKF3;2009;0.814174499;0.814174499
UKF3;2010;0.84048739;0.84048739
UKF3;2011;0.846574211;0.846574211
UKF3;2012;0.844661628;0.844661628
UKF3;2013;0.849769039;0.849769039
UKF3;2014;0.84101946;0.84101946
UKF3;2015;0.847881713;0.847881713
UKF3;2016;0.844684912;0.844684912
UKF3;2017;0.855827974;0.855827974
UKF3;2018;0.87163388;0.87163388
UKF3;2019;0.857076831;0.857076831
UKF3;2020;NA;0.872331322
UKG1;2009;0.849481929;0.849481929
UKG1;2010;0.857122399;0.857122399
UKG1;2011;0.850154031;0.850154031
UKG1;2012;0.875154297;0.875154297
UKG1;2013;0.880126536;0.880126536
UKG1;2014;0.87961631;0.87961631
UKG1;2015;0.898892663;0.898892663
UKG1;2016;0.895900211;0.895900211
UKG1;2017;0.890160552;0.890160552
UKG1;2018;0.900552096;0.900552096
UKG1;2019;0.894576762;0.894576762
UKG1;2020;NA;0.904994013
UKG2;2009;0.833261038;0.833261038
UKG2;2010;0.853204253;0.853204253
UKG2;2011;0.848761139;0.848761139
UKG2;2012;0.85237147;0.85237147
UKG2;2013;0.847614125;0.847614125
UKG2;2014;0.84101946;0.84101946
UKG2;2015;0.865128263;0.865128263
UKG2;2016;0.858419766;0.858419766
UKG2;2017;0.867818027;0.867818027
UKG2;2018;0.877042253;0.877042253
UKG2;2019;0.882330871;0.882330871
UKG2;2020;NA;0.876330576
UKG3;2009;0.814174499;0.814174499
UKG3;2010;0.809466021;0.809466021
UKG3;2011;0.828959163;0.828959163
UKG3;2012;0.850523007;0.850523007
UKG3;2013;0.838137752;0.838137752
UKG3;2014;0.839085329;0.839085329
UKG3;2015;0.851983427;0.851983427
UKG3;2016;0.84882972;0.84882972
UKG3;2017;0.850414735;0.850414735
UKG3;2018;0.849979924;0.849979924
UKG3;2019;0.86227509;0.86227509
UKG3;2020;NA;0.86637358
UKH1;2009;0.848785301;0.848785301
UKH1;2010;0.855083251;0.855083251
UKH1;2011;0.847522205;0.847522205
UKH1;2012;0.869917736;0.869917736
UKH1;2013;0.875538667;0.875538667
UKH1;2014;0.867460141;0.867460141
UKH1;2015;0.865128263;0.865128263
UKH1;2016;0.874560266;0.874560266
UKH1;2017;0.878085622;0.878085622
UKH1;2018;0.882438922;0.882438922
UKH1;2019;0.882330871;0.882330871
UKH1;2020;NA;0.88774101
UKH2;2009;0.851549386;0.851549386
UKH2;2010;0.871802134;0.871802134
UKH2;2011;0.882800969;0.882800969
UKH2;2012;0.884086885;0.884086885
UKH2;2013;0.882626122;0.882626122
UKH2;2014;0.90189072;0.90189072
UKH2;2015;0.897812826;0.897812826
UKH2;2016;0.904168121;0.904168121
UKH2;2017;0.907088396;0.907088396
UKH2;2018;0.910472018;0.910472018
UKH2;2019;0.912853393;0.912853393
UKH2;2020;NA;0.918181982
UKH3;2009;0.792196835;0.792196835
UKH3;2010;0.806132145;0.806132145
UKH3;2011;0.820459493;0.820459493
UKH3;2012;0.852647005;0.852647005
UKH3;2013;0.849769039;0.849769039
UKH3;2014;0.840053468;0.840053468
UKH3;2015;0.849942973;0.849942973
UKH3;2016;0.854429435;0.854429435
UKH3;2017;0.864243951;0.864243951
UKH3;2018;0.856490268;0.856490268
UKH3;2019;0.870073245;0.870073245
UKH3;2020;NA;0.877997341
UKI0;2009;0.915;0.915
UKI0;2010;0.919;0.919
UKI0;2011;0.9;0.9
UKI0;2012;0.895;0.895
UKI0;2013;0.941;0.941
UKI0;2014;0.95;0.95
UKI0;2015;0.94;0.94
UKI0;2016;0.941;0.941
UKI0;2017;0.94;0.94
UKI0;2018;0.948;0.948
UKI0;2019;0.961;0.961
UKI0;2020;NA;0.960651798
UKJ1;2009;0.881409312;0.881409312
UKJ1;2010;0.879922749;0.879922749
UKJ1;2011;0.891166066;0.891166066
UKJ1;2012;0.886542172;0.886542172
UKJ1;2013;0.898536953;0.898536953
UKJ1;2014;0.925047158;0.925047158
UKJ1;2015;0.925308787;0.925308787
UKJ1;2016;0.928601493;0.928601493
UKJ1;2017;0.934652732;0.934652732
UKJ1;2018;0.92653341;0.92653341
UKJ1;2019;0.930082313;0.930082313
UKJ1;2020;NA;0.946605778
UKJ2;2009;0.87347052;0.87347052
UKJ2;2010;0.877838534;0.877838534
UKJ2;2011;0.878418915;0.878418915
UKJ2;2012;0.88540654;0.88540654
UKJ2;2013;0.887939154;0.887939154
UKJ2;2014;0.902696649;0.902696649
UKJ2;2015;0.907634522;0.907634522
UKJ2;2016;0.911419237;0.911419237
UKJ2;2017;0.920854316;0.920854316
UKJ2;2018;0.920238376;0.920238376
UKJ2;2019;0.925196958;0.925196958
UKJ2;2020;NA;0.931283689
UKJ3;2009;0.849747144;0.849747144
UKJ3;2010;0.859873608;0.859873608
UKJ3;2011;0.881380907;0.881380907
UKJ3;2012;0.88144562;0.88144562
UKJ3;2013;0.883520718;0.883520718
UKJ3;2014;0.894997341;0.894997341
UKJ3;2015;0.887314014;0.887314014
UKJ3;2016;0.884277076;0.884277076
UKJ3;2017;0.896306121;0.896306121
UKJ3;2018;0.900857973;0.900857973
UKJ3;2019;0.911339939;0.911339939
UKJ3;2020;NA;0.917879767
UKJ4;2009;0.839136331;0.839136331
UKJ4;2010;0.855532757;0.855532757
UKJ4;2011;0.846176939;0.846176939
UKJ4;2012;0.855147366;0.855147366
UKJ4;2013;0.870255361;0.870255361
UKJ4;2014;0.869670957;0.869670957
UKJ4;2015;0.86835231;0.86835231
UKJ4;2016;0.881245534;0.881245534
UKJ4;2017;0.870823949;0.870823949
UKJ4;2018;0.88102202;0.88102202
UKJ4;2019;0.898421312;0.898421312
UKJ4;2020;NA;0.897766068
UKK1;2009;0.857510413;0.857510413
UKK1;2010;0.872151559;0.872151559
UKK1;2011;0.881102905;0.881102905
UKK1;2012;0.88241524;0.88241524
UKK1;2013;0.881272101;0.881272101
UKK1;2014;0.899871632;0.899871632
UKK1;2015;0.904881278;0.904881278
UKK1;2016;0.907624029;0.907624029
UKK1;2017;0.916114485;0.916114485
UKK1;2018;0.908683897;0.908683897
UKK1;2019;0.907936958;0.907936958
UKK1;2020;NA;0.925979375
UKK2;2009;0.848194155;0.848194155
UKK2;2010;0.855719959;0.855719959
UKK2;2011;0.848029669;0.848029669
UKK2;2012;0.868880488;0.868880488
UKK2;2013;0.877434318;0.877434318
UKK2;2014;0.869670957;0.869670957
UKK2;2015;0.884551616;0.884551616
UKK2;2016;0.887255852;0.887255852
UKK2;2017;0.884954641;0.884954641
UKK2;2018;0.888545572;0.888545572
UKK2;2019;0.893774794;0.893774794
UKK2;2020;NA;0.900797495
UKK3;2009;0.833261038;0.833261038
UKK3;2010;0.854206295;0.854206295
UKK3;2011;0.846596535;0.846596535
UKK3;2012;0.855412967;0.855412967
UKK3;2013;0.858648537;0.858648537
UKK3;2014;0.867015836;0.867015836
UKK3;2015;0.847363341;0.847363341
UKK3;2016;0.860388017;0.860388017
UKK3;2017;0.891838687;0.891838687
UKK3;2018;0.895328785;0.895328785
UKK3;2019;0.898421312;0.898421312
UKK3;2020;NA;0.89166226
UKK4;2009;0.84945069;0.84945069
UKK4;2010;0.855905708;0.855905708
UKK4;2011;0.856971432;0.856971432
UKK4;2012;0.876350851;0.876350851
UKK4;2013;0.870867294;0.870867294
UKK4;2014;0.871863892;0.871863892
UKK4;2015;0.884950031;0.884950031
UKK4;2016;0.884277076;0.884277076
UKK4;2017;0.894302279;0.894302279
UKK4;2018;0.901463306;0.901463306
UKK4;2019;0.891721326;0.891721326
UKK4;2020;NA;0.910136153
UKL1;2009;0.847529751;0.847529751
UKL1;2010;0.855551608;0.855551608
UKL1;2011;0.849096976;0.849096976
UKL1;2012;0.854446417;0.854446417
UKL1;2013;0.86282428;0.86282428
UKL1;2014;0.851487904;0.851487904
UKL1;2015;0.86835231;0.86835231
UKL1;2016;0.863306305;0.863306305
UKL1;2017;0.863727726;0.863727726
UKL1;2018;0.877556145;0.877556145
UKL1;2019;0.876911015;0.876911015
UKL1;2020;NA;0.87132857
UKL2;2009;0.860204908;0.860204908
UKL2;2010;0.873123873;0.873123873
UKL2;2011;0.877170482;0.877170482
UKL2;2012;0.87834646;0.87834646
UKL2;2013;0.880615678;0.880615678
UKL2;2014;0.893771646;0.893771646
UKL2;2015;0.895629471;0.895629471
UKL2;2016;0.898692937;0.898692937
UKL2;2017;0.903155904;0.903155904
UKL2;2018;0.901762835;0.901762835
UKL2;2019;0.908565275;0.908565275
UKL2;2020;NA;0.917047257
UKM5;2009;0.871668756;0.871668756
UKM5;2010;0.877260313;0.877260313
UKM5;2011;0.883814231;0.883814231
UKM5;2012;0.884498383;0.884498383
UKM5;2013;0.886344741;0.886344741
UKM5;2014;0.911112667;0.911112667
UKM5;2015;0.92694635;0.92694635
UKM5;2016;0.919293837;0.919293837
UKM5;2017;0.912197295;0.912197295
UKM5;2018;0.911224785;0.911224785
UKM5;2019;0.9387034;0.9387034
UKM5;2020;NA;0.942206743
UKM6;2009;0.87924522;0.87924522
UKM6;2010;0.870287773;0.870287773
UKM6;2011;0.877839115;0.877839115
UKM6;2012;0.878630924;0.878630924
UKM6;2013;0.889379303;0.889379303
UKM6;2014;0.897033574;0.897033574
UKM6;2015;0.89229013;0.89229013
UKM6;2016;0.901056062;0.901056062
UKM6;2017;0.911196183;0.911196183
UKM6;2018;0.905758732;0.905758732
UKM6;2019;0.913755239;0.913755239
UKM6;2020;NA;0.922195189
UKM7;2009;NA;0.893467418
UKM7;2010;NA;0.900406913
UKM7;2011;NA;0.905330358
UKM7;2012;NA;0.906489711
UKM7;2013;0.898038298;0.898038298
UKM7;2014;0.923457213;0.923457213
UKM7;2015;0.922680287;0.922680287
UKM7;2016;0.92674376;0.92674376
UKM7;2017;0.928470699;0.928470699
UKM7;2018;0.924838902;0.924838902
UKM7;2019;0.930082313;0.930082313
UKM7;2020;NA;0.94447258
UKM8;2009;NA;0.888326914
UKM8;2010;NA;0.887362978
UKM8;2011;NA;0.887985181
UKM8;2012;NA;0.895484328
UKM8;2013;0.884866714;0.884866714
UKM8;2014;0.902696649;0.902696649
UKM8;2015;0.906262385;0.906262385
UKM8;2016;0.916678111;0.916678111
UKM8;2017;0.910185274;0.910185274
UKM8;2018;0.905208535;0.905208535
UKM8;2019;0.915252246;0.915252246
UKM8;2020;NA;0.91731759
UKM9;2009;NA;0.852607168
UKM9;2010;NA;0.859014893
UKM9;2011;NA;0.863318594
UKM9;2012;NA;0.869764352
UKM9;2013;0.873308132;0.873308132
UKM9;2014;0.882577081;0.882577081
UKM9;2015;0.887314014;0.887314014
UKM9;2016;0.892246657;0.892246657
UKM9;2017;0.895509947;0.895509947
UKM9;2018;0.903518432;0.903518432
UKM9;2019;0.9116439;0.9116439
UKM9;2020;NA;0.92256592
UKN0;2009;0.836381163;0.836381163
UKN0;2010;0.855548573;0.855548573
UKN0;2011;0.850446623;0.850446623
UKN0;2012;0.854498651;0.854498651
UKN0;2013;0.857500998;0.857500998
UKN0;2014;0.853822504;0.853822504
UKN0;2015;0.855499161;0.855499161
UKN0;2016;0.858419766;0.858419766
UKN0;2017;0.866294885;0.866294885
UKN0;2018;0.87856968;0.87856968
UKN0;2019;0.889165139;0.889165139
UKN0;2020;NA;0.881929234
