"nuts2","year","flow_in","flow_out"
"HU11",2020,2346,2624
"UKJ1",2020,300,266
"UKJ1",2019,710,781
"UKH1",2019,1575,1375
"FRF1",2016,81,128
"FRJ2",2016,187,190
"UKJ2",2013,47,40
"UKJ1",2013,2665,2695
"UKH1",2018,258,261
"UKM7",2017,535,555
"FR10",2020,539,540
"UKK1",2014,126,144
"FRK2",2014,231,220
"UKJ4",2018,25,52
"UKI0",2018,415,406
"PL21",2016,33,42
"PL82",2016,325,360
"NL31",2016,49,56
"NL32",2016,74,70
"UKJ1",2014,194,191
"NL32",2014,54,39
"FR10",2018,306,348
"UKD3",2015,711,607
"FI1C",2018,37,31
"SE11",2018,89,86
"DE25",2016,713,784
"DE11",2016,376,407
"ES52",2020,234,259
"FRK2",2018,828,1030
"UKG1",2017,76,85
"UKL1",2010,102,104
"UKL2",2010,18,42
"DE21",2016,93,85
"FRJ1",2010,21,23
"FR10",2010,421,480
"DEA1",2015,180,247
"DE21",2015,135,140
"UKJ3",2020,177,239
"UKI0",2020,455,392
"UKC1",2018,196,203
"UKJ1",2018,142,137
"FRL0",2018,89,74
"FI19",2020,559,472
"FI1B",2020,1734,1344
"IE06",2014,420,471
"DE12",2014,677,650
"UKK4",2016,97,98
"ES61",2020,390,364
"DK01",2015,315,316
"DK04",2015,24,29
"UKH3",2015,17,20
"FRE1",2015,58,50
"FRI1",2015,122,186
"UKJ2",2012,32,45
"CH01",2012,60,44
"BE33",2020,54,61
"ITI1",2020,73,89
"DED4",2011,6,10
"DED2",2011,74,40
"UKC2",2020,1728,2018
"UKK1",2020,746,828
"FRJ1",2013,532,701
"DK01",2013,59,32
"SK03",2016,16,15
"DE21",2017,309,264
"DE11",2019,199,208
"ES24",2013,24,34
"FI1D",2016,192,180
"FI19",2016,508,576
"UKC1",2012,54,58
"DE71",2020,602,512
"SE22",2016,826,685
"SE11",2016,286,210
"FR10",2016,126,157
"DE12",2019,190,208
"UKM7",2015,170,201
"UKM8",2015,509,384
"NO06",2016,43,30
"UKC1",2020,46,68
"DE71",2017,168,191
"DE24",2017,19,23
"FRC2",2014,25,33
"DE26",2017,188,162
"CH01",2014,59,67
"ES30",2019,810,788
"LV00",2020,11,13
"DEA5",2009,15,13
"CY00",2020,360,329
"FI1D",2018,697,420
"FI19",2018,98,54
"FRL0",2013,31,37
"PT11",2020,62,82
"PT30",2020,111,45
"DE40",2017,54,42
"UKE4",2020,156,158
"DE21",2020,502,448
"ES11",2015,260,288
"ES51",2015,111,89
"ES51",2014,174,214
"DEA4",2020,135,158
"LU00",2020,819,504
"UKG1",2015,330,384
"UKJ1",2015,698,636
"ES51",2010,156,129
"FR10",2013,328,438
"FRC1",2013,18,10
"CH01",2016,428,369
"DEF0",2016,529,495
"UKI0",2012,104,129
"ES42",2020,24,19
"UKN0",2015,485,598
"FI1C",2020,91,38
"PT16",2019,128,117
"FRF3",2019,577,608
"CH03",2018,304,213
"IE06",2018,97,83
"UKD6",2017,112,94
"DEE0",2019,159,164
"BE10",2018,93,95
"FR10",2019,169,182
"BE23",2019,1190,1312
"UKF1",2018,968,903
"ES62",2019,25,28
"IE05",2014,64,40
"ES53",2016,165,121
"DE40",2016,145,136
"ES51",2012,59,65
"PT16",2020,1632,2057
"PT18",2020,32,15
"DE30",2018,112,118
"ES51",2019,137,229
"CH05",2018,23,21
"BE33",2014,129,144
"SE33",2020,572,534
"BE21",2020,73,44
"FI1B",2018,432,291
"BE24",2019,400,361
"BE24",2020,1465,1183
"DE11",2014,56,55
"UKI0",2014,136,148
"PT11",2019,90,83
"NL21",2019,210,244
"NL31",2019,670,700
"FRK2",2009,644,738
"UKF1",2012,51,40
"UKD7",2015,52,60
"EL30",2016,28,61
"CY00",2016,64,44
"UKH1",2016,408,453
"UKI0",2016,554,531
"NL33",2009,270,317
"NL32",2009,249,220
"DEA2",2017,118,110
"ITF1",2020,153,175
"ITI4",2020,166,192
"ES24",2018,37,36
"ES51",2018,23404,23236
"BG42",2017,24,13
"ES51",2016,284,259
"ES52",2016,191,183
"DE30",2016,108,91
"UKK2",2018,288,208
"DED2",2014,25,18
"PL91",2011,135,117
"PL21",2011,77,70
"ES30",2012,156,193
"ES12",2012,59,77
"FRC2",2017,24,37
"BE31",2011,180,253
"BE33",2011,5,7
"UKH1",2017,1653,1680
"DK01",2016,952,984
"UKM5",2009,14,22
"UKH2",2009,7,9
"SE21",2015,48,31
"DE13",2015,98,93
"UKE3",2014,46,44
"PT16",2018,231,222
"ES30",2016,5280,5513
"ES11",2016,75,70
"DE30",2017,942,800
"FRJ1",2017,504,676
"BE10",2019,464,393
"SE22",2019,12007,11310
"DE92",2015,150,127
"NO08",2017,229,180
"DK01",2019,777,720
"DE30",2019,148,112
"DK02",2015,22,32
"DE11",2018,53,52
"IE06",2016,99,69
"DE11",2017,46,43
"NL41",2018,86,86
"ES61",2011,385,356
"ES30",2011,77,51
"ES51",2017,435,393
"PL91",2013,26,33
"PL61",2013,19,5
"FI1B",2017,225,148
"FI1C",2017,523,456
"ITH3",2017,784,859
"ITC4",2017,98,97
"UKJ1",2016,1422,1280
"PL21",2013,20,19
"DE12",2013,34,53
"FRJ2",2013,27,39
"FRI2",2018,12,43
"PT16",2015,442,252
"ES21",2016,185,200
"UKC1",2019,270,391
"DE92",2019,148,153
"ITC4",2019,19328,17820
"DEA1",2017,49,43
"ES30",2017,697,672
"NL31",2018,2109,2113
"NO09",2015,26,16
"NO08",2015,110,72
"UKI0",2011,195,214
"NL11",2020,690,515
"NL21",2020,71,72
"DED4",2018,39,57
"UKG3",2018,79,66
"ITC1",2019,56,70
"UKE2",2019,2553,2345
"UKE4",2019,174,186
"ES61",2019,527,490
"IE05",2018,770,547
"PL81",2010,21,37
"ITF4",2017,289,733
"ITF3",2017,39,41
"UKK2",2016,960,962
"UKH2",2016,42,46
"ES41",2020,171,165
"ES21",2019,66,52
"DK01",2020,8658,7203
"NO06",2020,132,107
"DEA3",2020,698,696
"DEB3",2019,1332,1254
"ES51",2020,153,144
"SE22",2020,111,110
"CH04",2016,760,648
"ES41",2013,140,116
"UKD3",2014,156,132
"ITH5",2020,816,910
"SE11",2012,44,35
"SK01",2012,73,96
"ES61",2010,1254,1290
"ITF3",2019,228,181
"ITF2",2019,97,168
"UKM5",2015,161,200
"NO06",2019,201,172
"ITC1",2010,13,15
"UKM7",2018,106,132
"UKE3",2018,201,210
"ITC4",2015,132,175
"ITH5",2015,167,220
"NL22",2019,88,90
"UKH1",2013,74,81
"DEE0",2017,156,157
"DE14",2017,56,45
"HU23",2019,11,8
"ES22",2020,92,95
"ITG2",2020,95,116
"ITF3",2020,256,255
"ES21",2020,73,48
"DEF0",2011,920,737
"DE80",2011,13,27
"FRK1",2014,32,61
"UKC2",2014,364,255
"DEA2",2018,109,103
"RO42",2011,5,13
"RO32",2011,75,96
"DK01",2017,828,734
"DK05",2016,75,60
"DK04",2016,34,33
"DE12",2010,114,108
"AT31",2017,16,24
"AT13",2017,111,84
"EL51",2020,12,15
"EL52",2020,479,544
"NL31",2014,124,128
"NL21",2014,175,234
"NL33",2018,120,102
"AT13",2018,729,606
"NO08",2020,361,240
"FRL0",2020,228,229
"AT32",2019,558,435
"AT31",2019,201,192
"UKI0",2017,552,551
"DE60",2017,377,354
"UKM7",2019,120,130
"DEA2",2014,62,54
"ITI3",2020,39,74
"ITC1",2020,734,900
"PL71",2014,13,10
"FRD2",2020,14,16
"NL11",2017,65,45
"DE91",2010,376,550
"CH04",2020,248,230
"CZ06",2016,576,639
"CZ01",2016,137,88
"NL33",2019,119,124
"UKI0",2015,183,156
"UKK1",2019,355,330
"UKI0",2019,1353,1182
"FRE1",2019,47,40
"DK05",2019,64,66
"FRJ2",2018,56,67
"UKC2",2018,1425,1409
"DEF0",2020,60,63
"UKG3",2016,183,173
"PT11",2010,56,71
"PT16",2010,631,420
"CH02",2013,26,25
"ES30",2014,58,102
"UKG1",2020,526,606
"DEA2",2013,1298,1082
"BE10",2010,143,248
"BE32",2010,4,3
"HU11",2017,100,102
"HU21",2017,29,25
"LT01",2020,13,20
"BE10",2020,577,576
"CH01",2018,664,550
"EL43",2015,420,631
"SE11",2015,68,66
"FR10",2017,288,330
"IE06",2017,539,365
"UKK1",2018,125,144
"PT17",2017,21,21
"UKD3",2016,3569,3162
"PT11",2014,660,568
"DEA2",2012,720,689
"PT16",2013,246,232
"ES51",2013,277,304
"PL51",2014,240,444
"PL41",2014,102,98
"UKL2",2019,1952,2276
"CH04",2018,575,447
"SE22",2018,69,49
"UKD4",2019,43,58
"UKD7",2009,13,16
"FRH0",2016,248,273
"DEF0",2018,984,1040
"UKF1",2014,110,99
"PT16",2017,109,104
"DK04",2019,50,48
"UKM8",2018,372,352
"UKK2",2020,208,301
"DE71",2018,82,78
"ITG2",2019,1036,637
"ITI4",2019,590,636
"UKJ2",2015,51,61
"NL22",2015,817,912
"UKJ3",2016,1058,1239
"ES61",2016,65,92
"FRC2",2016,13,8
"ITH3",2014,182,272
"ITC4",2014,2004,2590
"DE13",2019,513,595
"UKD3",2012,42,63
"AT13",2015,720,624
"ES52",2015,61,40
"ES61",2017,390,436
"UKF1",2017,74,75
"ITH3",2016,102,169
"ITC1",2016,88,132
"DE50",2019,336,279
"UKK3",2018,18,11
"UKK4",2018,356,384
"ES52",2012,26,31
"ITG1",2017,105,156
"FR10",2015,565,655
"UKH1",2015,3823,4232
"FRE2",2011,5,3
"ES61",2015,315,371
"MT00",2015,8,4
"UKJ2",2016,55,58
"UKC2",2016,54,54
"DE50",2020,212,230
"PT11",2018,237,216
"UKE3",2017,156,202
"SE22",2017,1141,1100
"ES61",2018,114,87
"PT20",2020,21,12
"BG41",2020,114,103
"BG33",2020,2,3
"NO08",2018,1752,1274
"UKK1",2016,1363,1629
"FRK2",2016,653,693
"PL41",2009,36,21
"PL91",2009,371,304
"PT16",2014,280,322
"PT17",2014,94,33
"CH01",2020,1122,992
"RO21",2017,34,120
"DEA3",2018,28,27
"DE60",2018,230,189
"DEA5",2017,535,540
"NL41",2011,16,12
"DEA2",2019,122,121
"UKD3",2018,540,637
"UKM8",2017,180,130
"EL30",2012,464,874
"EL51",2012,7,15
"DE71",2019,149,174
"CH03",2019,664,556
"UKJ2",2018,287,276
"ES30",2020,369,455
"ITC4",2016,150,155
"UKM8",2016,288,281
"BE21",2017,94,75
"FRK1",2015,91,92
"IE05",2013,396,433
"UKG1",2018,6752,6816
"ITI1",2016,240,367
"UKM5",2012,84,115
"ES24",2019,444,330
"UKD3",2019,91,106
"UKG2",2019,47,54
"FRL0",2019,790,828
"CZ01",2018,3358,3543
"ITC4",2020,109,126
"ITC4",2018,1696,1905
"NL32",2011,112,127
"NL22",2011,32,27
"DE91",2019,1314,1261
"ES52",2019,229,234
"UKC1",2016,812,957
"UKE4",2016,69,67
"NO0B",2020,16,17
"NO0A",2020,201,180
"PL91",2020,3927,2612
"ES23",2018,23,18
"DEG0",2018,89,82
"ITG1",2020,146,155
"UKF3",2019,54,82
"RO21",2013,5,7
"DEA1",2013,24,26
"BE21",2015,30,31
"BE10",2015,68,61
"DE23",2018,20,16
"HU11",2016,33,58
"UKE1",2016,25,54
"FRK1",2016,47,60
"IE05",2020,52,47
"UKE4",2018,170,160
"ITC1",2012,12,16
"FR10",2012,229,240
"AT33",2020,43,44
"PL21",2020,56,70
"UKH3",2013,18,22
"UKI0",2013,127,118
"UKM5",2020,79,114
"PT16",2016,116,115
"UKD7",2016,414,381
"UKG1",2016,1218,1185
"DE92",2011,72,117
"AT13",2011,65,68
"NL41",2020,38,69
"NL33",2020,581,510
"FRL0",2017,240,252
"SE12",2020,79,80
"FRJ2",2011,47,66
"UKD7",2019,78,75
"CH02",2018,496,425
"ES52",2018,658,693
"CH04",2019,268,208
"AT13",2019,127,117
"DE11",2011,24,18
"DE40",2011,86,54
"NL11",2019,80,61
"SE12",2014,55,38
"FRE1",2016,36,34
"FRI3",2016,32,28
"FI19",2009,16,24
"FI1C",2009,9,3
"CH01",2019,852,875
"UKE4",2015,73,63
"PL51",2018,258,168
"PL43",2018,90,84
"FI1B",2015,123,110
"FI1D",2015,33,30
"BE25",2020,17,7
"PL42",2009,14,11
"PL43",2009,15,8
"UKM7",2020,112,151
"SE12",2018,261,244
"FRC1",2015,28,65
"UKE1",2018,20,23
"PL52",2014,71,20
"SE11",2014,62,47
"LU00",2019,595,312
"UKF1",2016,103,68
"UKL2",2018,174,202
"UKJ3",2019,126,215
"UKL1",2018,55,63
"NL22",2013,35,36
"BE31",2015,23,25
"NL32",2019,107,100
"ITI3",2015,11,24
"UKM8",2020,2523,2730
"CH02",2016,141,103
"DEA5",2016,45,30
"PT11",2016,252,114
"EL43",2014,17,12
"SE22",2012,561,358
"PL41",2019,181,180
"SE11",2013,481,387
"IE04",2016,30,23
"EL52",2017,46,79
"SE12",2017,74,67
"AT33",2010,20,13
"AT31",2010,31,45
"EE00",2013,22,12
"FI1D",2017,116,105
"HU11",2018,54,51
"AT22",2019,490,461
"DE25",2018,49,39
"FRI1",2019,120,107
"SE31",2014,64,70
"FR10",2014,8924,10411
"ITH2",2016,48,54
"ITH1",2016,24,21
"ITH4",2014,16,23
"EE00",2018,1293,986
"UKH2",2018,30,26
"ES13",2020,24,25
"DE92",2014,38,39
"DE13",2018,200,292
"CH01",2017,6529,4845
"ES23",2020,180,207
"UKG3",2010,64,117
"ITH5",2014,73,106
"CH02",2011,85,48
"DED2",2020,702,826
"DE23",2020,2668,2159
"UKE4",2012,175,241
"CH04",2012,46,35
"FI1C",2016,26,16
"UKL1",2020,136,162
"UKN0",2020,68,84
"ITH3",2020,79,90
"CZ01",2014,80,74
"CY00",2019,220,124
"EL64",2018,12,13
"SE11",2020,224,185
"ES53",2019,250,211
"PT15",2018,26,15
"DE11",2013,21,19
"UKJ1",2011,153,212
"UKG1",2011,34,41
"BE31",2020,2528,2845
"DE26",2020,82,93
"SE23",2019,50,42
"DE21",2019,126,117
"BE31",2018,26,26
"NL21",2009,8,9
"UKJ1",2009,38,52
"UKH1",2012,118,132
"PL21",2019,168,142
"FRI1",2017,41,46
"IE04",2017,64,46
"UKE2",2009,63,122
"UKD4",2020,42,50
"ITF3",2018,760,1102
"NL32",2020,520,517
"NL22",2020,108,79
"ES23",2016,14,18
"UKD6",2020,44,38
"CH01",2011,33,29
"UKJ3",2009,156,107
"DE92",2018,105,121
"UKD3",2009,30,40
"UKE3",2009,103,80
"EL52",2016,29,82
"ES21",2014,308,298
"DE25",2017,240,176
"CH02",2017,129,82
"HR05",2016,90,94
"HR03",2016,30,5
"UKH1",2010,456,637
"PL52",2018,32,25
"CZ07",2018,84,50
"CZ02",2018,34,24
"ES70",2019,244,270
"EL43",2018,588,548
"CH05",2019,156,106
"DE21",2018,1232,1070
"PT11",2017,1102,1001
"ITF4",2018,286,460
"PL71",2018,234,326
"FRK2",2015,165,222
"ITH5",2019,81,79
"UKC1",2017,120,138
"NL42",2009,44,25
"CH02",2009,13,14
"FR10",2011,180,288
"FRC1",2016,32,29
"DEB3",2018,57,48
"FRF3",2013,43,28
"DED5",2011,32,41
"DEA2",2011,61,60
"NL31",2015,108,118
"IS00",2018,47,36
"IE06",2011,19,24
"IE05",2011,74,66
"PL91",2018,712,530
"PL61",2018,76,57
"DE14",2016,33,50
"UKM7",2012,44,69
"HU33",2018,285,212
"DEF0",2017,4410,4411
"DE23",2017,92,147
"DED2",2018,57,56
"EL63",2014,156,136
"EL30",2014,734,980
"ITF3",2015,24,43
"DK02",2017,14,30
"DEE0",2020,256,257
"DE91",2020,70,76
"DE12",2015,808,728
"FRH0",2019,44,67
"FRC1",2019,46,80
"DE21",2011,288,297
"ITC3",2018,194,175
"UKE3",2012,111,129
"EL52",2014,78,142
"FRH0",2015,135,181
"ES30",2010,83,82
"UKG3",2017,288,262
"NL22",2018,90,79
"DE91",2016,153,187
"DE60",2016,114,88
"DE12",2017,361,364
"ITC4",2011,1755,2733
"ITI1",2011,47,96
"UKL2",2011,680,961
"NO0A",2018,450,210
"DE94",2018,47,52
"BE32",2018,16,21
"BE35",2018,19,22
"PL21",2017,38,44
"UKL2",2015,819,991
"UKE3",2015,676,700
"UKN0",2013,25,14
"IE06",2013,327,342
"UKN0",2016,38,39
"UKJ3",2014,42,41
"FRH0",2014,451,468
"ITI1",2014,144,212
"SE21",2020,408,327
"SE23",2020,573,403
"UKH1",2020,12825,12345
"BE24",2014,106,141
"FRE1",2014,29,37
"AT22",2011,27,22
"DEF0",2013,1141,1080
"ES22",2018,115,126
"FI1B",2016,2116,2170
"ES41",2014,4922,7493
"DE30",2020,125,118
"CH01",2010,170,159
"BE24",2017,616,523
"NL33",2017,231,196
"ES30",2018,4060,4335
"UKH1",2014,81,125
"UKN0",2019,86,98
"EL53",2018,14,20
"UKD7",2018,700,639
"DE50",2018,51,55
"DE12",2018,203,188
"UKD7",2014,114,104
"PL43",2010,8,4
"PL91",2010,62,28
"UKJ2",2019,560,574
"DEA5",2019,130,112
"DEG0",2019,50,47
"AT12",2020,136,154
"AT13",2020,163,107
"NL31",2020,284,279
"PT11",2015,288,443
"UKK2",2011,45,78
"UKK1",2011,4147,3996
"IE04",2014,92,135
"PT17",2020,242,266
"BE21",2018,559,395
"UKE4",2017,69,90
"UKL1",2014,36,36
"UKG3",2015,633,588
"DE13",2020,121,120
"UKH3",2014,22,24
"UKM5",2018,35,47
"UKE4",2014,2600,2448
"ITF6",2009,2,7
"CH03",2009,20,16
"SE11",2019,570,434
"SE32",2019,9,7
"UKG1",2014,61,66
"FRF3",2018,30,30
"FRG0",2017,234,232
"DE12",2020,95,88
"UKG3",2014,387,350
"DED2",2015,68,73
"PL81",2019,57,43
"ES51",2011,2067,2070
"ES11",2011,111,135
"SE21",2016,594,326
"FRJ1",2020,57,66
"ES30",2009,196,180
"ES23",2019,1017,704
"IE05",2019,60,39
"CH07",2020,110,111
"ITI1",2015,287,435
"PT15",2020,38,30
"UKE3",2019,363,385
"PL42",2014,10,6
"DE30",2009,62,60
"DED2",2009,42,80
"PL41",2018,39,35
"UKD7",2013,331,266
"AT33",2019,86,75
"UKM8",2019,1338,1275
"ITC1",2018,506,628
"UKJ2",2020,116,77
"UKF1",2019,435,456
"ITI4",2010,115,207
"ES42",2019,45,24
"NL32",2018,188,181
"NL21",2018,122,129
"ES53",2020,72,67
"ITH4",2018,90,118
"ITI4",2014,1050,1388
"NL42",2019,115,106
"UKH3",2018,43,74
"SE33",2018,42,35
"UKH1",2009,62,95
"CH04",2017,91,92
"ITH2",2018,21,35
"UKF1",2009,252,310
"DE60",2020,1089,1280
"DEB3",2009,210,363
"NL42",2016,30,32
"NL11",2016,48,49
"DK01",2018,213,194
"NL32",2017,166,196
"NL22",2017,730,730
"FRC2",2018,140,262
"FRF1",2018,96,92
"DEA2",2015,2592,2331
"EL43",2013,36,28
"PL71",2019,44,70
"PL91",2019,781,774
"NL22",2016,270,342
"DE24",2019,196,198
"ITH4",2019,202,265
"DEA1",2018,48,58
"UKF3",2009,3,1
"UKJ2",2009,39,42
"UKC2",2009,15,26
"EL43",2019,288,281
"EL30",2019,109,116
"SE21",2018,3440,2329
"CZ01",2019,677,567
"DEB3",2020,56,48
"BE23",2018,592,514
"ITF4",2013,11,9
"SE12",2009,272,225
"FRK2",2019,624,578
"PT20",2015,8,5
"DE14",2015,70,70
"DE91",2018,485,406
"SE11",2017,258,186
"NL32",2010,108,181
"DEE0",2014,32,36
"NL23",2018,8,9
"DED5",2018,85,90
"UKM7",2013,292,290
"CH03",2015,2401,1537
"PL91",2017,142,115
"PL41",2017,286,252
"NL11",2018,265,224
"BG41",2010,14,12
"PL91",2014,440,310
"SI04",2020,571,465
"PL71",2020,26,23
"PL82",2020,17,20
"UKG1",2019,549,756
"DED5",2020,467,456
"ITF1",2018,180,138
"UKH3",2012,7,14
"EL54",2016,3,7
"DE25",2020,147,160
"ES43",2020,82,110
"DE80",2009,17,6
"FRG0",2013,34,37
"ITF1",2015,19,39
"DE72",2020,667,1277
"DE80",2020,57,78
"PT15",2010,36,26
"PT17",2010,9,6
"EL54",2014,20,21
"EL51",2014,8,6
"NL41",2019,116,98
"BG32",2020,2,6
"BG31",2020,3,20
"DE40",2020,892,826
"EL53",2017,8,5
"ITI4",2017,228,262
"LT02",2017,7,5
"ES22",2019,24,25
"UKG3",2009,364,620
"UKG1",2009,62,78
"DE71",2016,200,182
"UKJ3",2012,23,36
"UKK1",2012,43,32
"IE06",2015,184,183
"ES43",2019,127,77
"UKM7",2016,90,108
"ES22",2017,100,94
"DED2",2016,33,40
"DEA1",2016,28,39
"FRE1",2017,1482,1219
"UKD1",2020,9,6
"CH03",2016,50,42
"NL31",2010,1308,2399
"FI1B",2019,77,54
"SK01",2014,15,76
"DE12",2011,313,377
"IE05",2016,132,160
"DEA1",2020,122,101
"IE04",2020,29,29
"PT16",2012,1062,960
"FRK2",2012,60,113
"UKM8",2012,153,168
"RO21",2014,504,673
"RO11",2014,57,84
"ES70",2018,97,72
"IS00",2019,32,23
"HU31",2020,8,9
"IE06",2019,443,348
"EL30",2017,46,68
"HU23",2017,14,7
"BE24",2018,306,228
"DEE0",2018,45,40
"ITH3",2019,78,90
"DEF0",2019,198,198
"UKE3",2020,90,136
"UKF1",2020,466,498
"FRD2",2015,9,9
"BE22",2016,281,336
"NO0A",2019,2377,1116
"SE23",2010,40,28
"SE12",2010,311,253
"RO12",2017,10,15
"HU32",2011,2,8
"EL61",2019,35,22
"ITG2",2016,289,270
"FRH0",2017,36,47
"CH01",2013,556,572
"ITG2",2015,217,540
"DEA2",2020,109,113
"SE21",2014,57,30
"FRC2",2015,13,13
"ES53",2018,19,15
"UKD3",2011,41,50
"HR05",2020,300,301
"UKH1",2011,378,524
"UKJ1",2017,275,262
"FRG0",2011,216,135
"FRK2",2011,34,37
"CH04",2014,59,58
"ES62",2020,108,122
"BE23",2020,204,187
"ES11",2018,103,84
"SE11",2009,201,220
"UKJ3",2018,124,143
"DE80",2018,962,992
"PT11",2013,752,646
"IE04",2019,241,320
"BE24",2013,92,78
"BE21",2013,24,19
"UKN0",2017,608,806
"PT17",2016,19,11
"ES30",2013,49,83
"ES42",2013,83,108
"CZ01",2015,38,50
"UKE4",2011,35,40
"UKF1",2011,62,108
"DE14",2020,2052,2015
"DE30",2014,143,100
"UKN0",2018,46,44
"UKJ2",2010,30,29
"UKD3",2017,85,116
"DK05",2017,104,114
"SE21",2017,69,41
"CH03",2013,28,16
"DE26",2015,23,21
"DE30",2015,617,528
"PT18",2019,40,42
"SE22",2009,21,30
"UKG3",2011,72,103
"NO08",2019,243,172
"NL42",2018,114,144
"UKK4",2014,129,164
"DE94",2019,41,28
"UKF1",2015,120,102
"SE22",2014,53,36
"UKE3",2010,85,131
"ITH1",2020,99,115
"FRC1",2010,66,111
"FRL0",2015,280,379
"FRL0",2014,82,87
"DE72",2019,4585,4718
"PL51",2019,148,165
"DEA1",2014,5684,3858
"DEB3",2015,128,108
"DE71",2015,202,204
"ITF3",2011,9,19
"UKK2",2015,150,148
"FRE2",2012,15,18
"FRB0",2019,23,21
"CZ01",2020,648,546
"DK03",2018,72,75
"ITF1",2019,42,51
"FRB0",2017,103,115
"UKJ1",2010,48,66
"UKM8",2010,126,190
"RO11",2018,141,90
"FI19",2019,941,720
"IE06",2020,822,696
"CZ06",2019,46,28
"DE30",2013,100,104
"FRK2",2020,191,202
"EL30",2020,63,47
"HU11",2010,9,11
"BE10",2009,235,189
"BE32",2016,6,6
"BE31",2016,599,494
"PT17",2019,98,21
"ITG1",2018,48,73
"UKD1",2016,21,16
"ITF6",2014,63,71
"DK01",2014,55,32
"DK04",2018,228,301
"FRJ1",2014,31,38
"EL30",2018,128,106
"BE23",2014,51,52
"NL33",2012,43,54
"NL32",2012,31,36
"DE91",2014,76,74
"FRI1",2013,44,45
"PT16",2011,95,86
"AT13",2016,85,87
"AT12",2016,21,17
"CZ05",2019,60,49
"ES52",2017,62,71
"ES41",2017,48,45
"AT13",2010,27,19
"UKE4",2010,22,37
"UKD4",2010,10,11
"BE22",2020,42,26
"NO06",2015,19,25
"ES11",2019,113,114
"HU11",2014,22,34
"ITC4",2009,144,175
"DE30",2012,6800,6802
"CH05",2015,16,7
"PL61",2015,44,41
"PL51",2015,17,17
"ITH4",2020,49,47
"NL33",2013,120,123
"UKF1",2013,51,41
"ES70",2012,9,8
"DK01",2010,150,115
"FRB0",2015,14,21
"PL91",2016,110,104
"UKG3",2012,57,78
"ITC4",2010,20,25
"ITH4",2010,17,14
"DE26",2012,8,17
"DE21",2012,46,44
"DEG0",2012,18,15
"SE21",2012,364,248
"ITI4",2012,94,80
"ITH5",2012,24,30
"UKG1",2013,264,214
"AT31",2014,11,5
"ES30",2015,249,266
"CH01",2015,85,108
"BE21",2019,185,141
"UKJ3",2011,561,600
"UKL2",2013,37,37
"BE10",2016,710,481
"SE23",2017,18,34
"PL42",2018,33,60
"BE24",2015,420,429
"ITH4",2017,257,259
"UKH3",2019,44,37
"NL12",2009,0,1
"NL22",2009,113,119
"UKJ2",2017,348,363
"PL72",2011,2,4
"UKI0",2009,684,685
"UKF1",2010,61,56
"NO09",2016,11,10
"FRD1",2020,13,18
"FRG0",2019,48,45
"UKK4",2011,18,20
"EE00",2016,26,22
"UKJ4",2016,25,27
"ITF4",2020,1191,513
"FRK2",2013,729,969
"ES12",2017,45,40
"FI1D",2009,151,125
"UKC2",2019,62,76
"PT15",2016,18,10
"ES61",2013,41,46
"ES63",2013,2,0
"SE21",2009,14,18
"DE71",2009,14,17
"AT22",2016,1992,1578
"PL63",2016,24,20
"ITC3",2020,90,78
"FRE2",2013,10,16
"FRH0",2013,28,46
"ES11",2020,45,52
"SE33",2019,624,437
"EL52",2015,92,154
"DEA1",2019,1381,1180
"UKM7",2014,138,156
"BE33",2017,243,271
"FRD1",2016,17,12
"SK01",2009,35,41
"UKK1",2009,343,380
"CH03",2011,43,34
"BE23",2016,305,225
"FRL0",2012,417,336
"CZ06",2017,84,88
"UKG1",2010,70,91
"SE21",2013,78,88
"UKG2",2020,307,493
"ES51",2009,50,35
"FRI1",2020,696,603
"DE92",2020,650,525
"ES41",2018,57,50
"CH02",2020,756,559
"FRB0",2020,51,62
"PT16",2009,41,26
"ITF3",2009,276,440
"FRG0",2014,32,46
"EL51",2019,7,8
"MT00",2013,649,360
"PL72",2016,18,12
"DE80",2012,72,113
"SE12",2012,285,248
"DE13",2017,285,216
"EL43",2009,3,8
"UKK2",2013,100,106
"NO02",2013,25,6
"RO12",2013,483,346
"HU22",2013,19,9
"UKI0",2010,165,184
"DE91",2017,64,71
"PL51",2020,136,149
"PL63",2020,33,29
"UKH2",2019,94,69
"AT31",2020,122,65
"EL51",2016,16,21
"MT00",2016,60,21
"ITI4",2016,176,282
"PT18",2010,40,18
"CH03",2020,215,118
"DEF0",2015,513,544
"BG33",2016,15,16
"PT11",2012,29,27
"FI1B",2014,33,34
"FI1D",2014,1320,1853
"ITH5",2017,60,72
"FRF3",2016,46,51
"ES70",2020,60,40
"RO32",2009,527,314
"RO11",2009,8,6
"UKK2",2017,94,81
"NL32",2013,62,85
"DE26",2018,91,90
"SE12",2015,113,98
"CH02",2014,76,96
"DED5",2017,49,41
"EL63",2017,18,23
"EL65",2017,6,5
"SI04",2014,445,592
"PL72",2020,12,7
"ES61",2014,880,1165
"PL22",2018,93,116
"ITI4",2015,177,267
"DEE0",2016,60,88
"DEG0",2016,57,64
"UKK4",2020,301,265
"UKJ2",2014,41,65
"FRE1",2010,52,32
"DE21",2013,1380,1502
"DE91",2015,47,60
"ITF3",2012,57,43
"ITF1",2012,19,12
"MT00",2019,30,31
"SE12",2016,761,630
"NO07",2010,36,35
"FRF3",2020,44,33
"DE94",2020,40,35
"BE33",2018,24,26
"CH04",2013,132,147
"UKC2",2012,368,516
"DED4",2020,131,180
"UKJ4",2017,351,418
"ES22",2012,18,22
"ES23",2012,7,4
"NL11",2015,28,36
"FRK2",2017,515,534
"UKD7",2017,72,59
"FI19",2015,45,34
"UKM8",2013,45,58
"ITI1",2018,624,729
"ES11",2009,22,13
"DK04",2017,42,58
"FR10",2009,125,140
"SI04",2018,176,210
"FRD2",2017,415,414
"BE24",2011,300,383
"UKM5",2016,66,82
"UKF3",2018,232,217
"UKG2",2018,31,42
"UKJ1",2012,282,276
"ITF3",2014,101,100
"UKJ4",2020,63,70
"DE60",2011,46,35
"AT21",2011,16,10
"PL21",2012,144,181
"PL71",2012,14,11
"BG31",2018,33,67
"PT11",2011,704,354
"ITI4",2011,41,39
"NL42",2020,46,43
"UKG3",2019,639,721
"ITH1",2019,433,333
"DK02",2010,4,13
"PL61",2014,27,14
"FRF1",2013,70,81
"AT33",2018,37,28
"NO09",2009,12,7
"NO08",2009,72,33
"UKK4",2013,305,232
"BE33",2015,14,17
"LU00",2013,18,7
"DEE0",2015,48,45
"DE11",2015,41,66
"UKE2",2015,78,86
"DE40",2018,95,53
"HU12",2017,75,87
"FRF3",2012,19,20
"UKJ2",2011,25,39
"IE05",2015,35,29
"DED2",2019,136,139
"PL81",2020,18,24
"BE10",2014,47,54
"CH03",2014,511,330
"SE12",2011,33,27
"DEA5",2020,66,50
"ITC3",2017,35,44
"HR06",2013,1,5
"HR03",2013,133,78
"FRG0",2018,337,320
"UKM5",2017,70,85
"NL33",2015,132,137
"UKK4",2019,1586,1536
"CH02",2019,520,469
"UKD3",2020,82,83
"FRI2",2013,8,6
"UKC2",2015,226,220
"DEA5",2018,636,673
"FRL0",2011,286,292
"BE31",2014,73,84
"UKF3",2015,29,10
"PT17",2012,323,387
"ES43",2014,13,14
"ES23",2017,16,23
"AT13",2012,48,36
"FRL0",2016,1720,2067
"FRF3",2015,42,73
"SE31",2020,27,12
"ITF4",2016,18,29
"ITC1",2017,705,841
"DE23",2016,18,11
"PL72",2010,29,18
"AT32",2020,157,209
"DE50",2015,68,72
"LU00",2015,107,70
"DE91",2013,416,447
"NL41",2013,201,190
"UKE4",2009,31,31
"UKM7",2009,929,1334
"SI04",2015,86,70
"DED5",2015,14,23
"ES52",2013,34,50
"FRJ1",2011,24,27
"FRI1",2011,362,228
"PL91",2015,518,572
"PL82",2010,10,11
"PL41",2010,9,8
"FRJ2",2014,28,37
"FRK2",2010,36,38
"FRG0",2009,72,67
"FRC2",2009,10,15
"CZ08",2018,96,62
"CZ03",2018,71,24
"UKK4",2009,126,109
"NO07",2019,325,198
"CZ02",2019,14,4
"ITC3",2015,44,42
"ES52",2014,372,505
"CZ06",2020,201,160
"UKK2",2014,50,47
"UKK3",2014,274,117
"BE22",2017,52,28
"RO42",2019,4,10
"RO12",2019,13,8
"ITF1",2013,15,16
"DEA5",2012,21,20
"NL31",2017,57,80
"SE12",2019,103,75
"ES41",2010,42,36
"PL82",2017,35,46
"PL72",2017,37,36
"SK01",2011,5,9
"CH07",2019,21,18
"UKE1",2017,13,24
"SK01",2020,1056,817
"BE33",2019,253,224
"CZ05",2020,36,25
"LT01",2017,20,37
"ITC3",2014,60,76
"PL21",2014,351,625
"UKL2",2017,742,799
"ES21",2017,145,108
"UKL1",2019,43,67
"NL21",2015,228,325
"NL42",2015,31,35
"PL22",2019,1282,1107
"ITI3",2019,560,481
"UKK1",2015,980,907
"BG41",2018,185,144
"UKK4",2015,34,38
"FRE1",2020,52,47
"PL82",2018,137,60
"UKD6",2016,17,7
"ITH5",2018,131,160
"DE71",2013,26,33
"CH04",2011,44,61
"ES61",2012,633,703
"HU32",2017,96,61
"PL51",2010,88,92
"ITC1",2013,23,29
"PL62",2018,25,20
"UKC2",2017,59,55
"UKE2",2017,53,45
"UKM8",2014,122,112
"NL33",2016,87,99
"UKL2",2020,1906,2176
"ITC3",2016,49,58
"PL91",2012,448,379
"PL62",2012,61,40
"ES41",2019,288,301
"DK02",2018,115,140
"DK02",2020,27,32
"UKD4",2016,79,105
"DE13",2013,14,22
"PL51",2016,168,171
"FRJ2",2015,62,88
"ITF6",2010,8,6
"ITG1",2010,74,120
"UKD7",2020,7732,7616
"BG42",2012,2,4
"BG41",2012,10,17
"ES41",2012,21,29
"NO08",2013,194,105
"HU32",2016,144,99
"UKM8",2009,42,58
"HU12",2018,442,310
"HR06",2012,1,2
"SI03",2012,7,6
"ITI3",2009,18,22
"ES11",2017,225,210
"ES43",2015,23,36
"FRE1",2018,48,42
"NL41",2012,18,19
"DE71",2012,25,23
"NO0A",2012,29,30
"FRD2",2016,70,71
"UKG3",2013,687,738
"DE14",2018,3222,4130
"PT17",2015,600,973
"FRG0",2020,1229,1444
"FRF1",2020,62,46
"ES21",2018,704,573
"ITH3",2018,591,770
"SE21",2019,267,174
"PT17",2009,27,14
"PL22",2020,382,260
"FRE1",2013,20,19
"UKG2",2016,972,921
"DE50",2016,211,198
"UKF2",2018,4,6
"FRH0",2018,650,986
"ITH4",2011,66,120
"DE25",2015,68,39
"DE92",2010,7,16
"DE71",2010,20,19
"DE40",2012,43,24
"CH07",2015,195,68
"FRH0",2020,1249,1368
"SK02",2019,11,8
"FRF2",2012,48,31
"BE23",2013,33,25
"AT22",2012,45,37
"EL30",2013,192,397
"EL64",2013,1,2
"AT22",2013,17,10
"DE60",2019,444,350
"FRB0",2018,27,31
"PL63",2018,34,27
"UKG2",2017,419,380
"FRI1",2012,58,60
"UKF3",2014,16,7
"BE25",2014,5,2
"UKK3",2015,10,6
"DE26",2019,43,37
"DE72",2017,35,30
"UKD6",2014,68,42
"DED2",2017,148,162
"ITG1",2015,24,56
"DE60",2015,324,280
"UKL2",2016,42,50
"UKC2",2011,23,32
"ITI1",2017,60,77
"FRI1",2018,61,78
"DE14",2013,27,26
"NL22",2014,80,98
"BE24",2012,46,61
"AT12",2018,64,52
"FRI1",2016,34,44
"PL22",2015,88,85
"DEC0",2020,704,597
"UKL1",2016,152,157
"FI1C",2015,19,30
"NO08",2016,357,316
"UKL1",2015,66,99
"ITI4",2018,1804,2408
"DE30",2010,36,44
"DE40",2010,30,14
"BE24",2016,952,1011
"SK02",2017,8,8
"SK01",2017,22,18
"NO0A",2017,38,37
"DEA3",2019,210,382
"SE22",2013,181,204
"SI03",2015,9,2
"ES22",2015,13,25
"DK04",2014,25,23
"BG41",2019,65,88
"PL62",2019,44,42
"UKF3",2016,24,11
"BE35",2015,25,12
"CH04",2015,73,72
"PL71",2017,35,22
"LT02",2020,162,145
"EE00",2020,323,231
"NO09",2019,106,35
"PL61",2019,87,42
"ES11",2012,79,133
"UKK2",2019,152,198
"UKJ3",2017,98,150
"RO21",2019,90,122
"RO11",2019,15,18
"FI1D",2010,5,11
"FI1B",2010,35,32
"AT32",2017,61,64
"NL21",2017,80,56
"ES13",2015,40,33
"BE23",2015,1357,975
"CZ07",2020,22,15
"NO07",2018,25,18
"DE24",2012,337,196
"UKG3",2020,360,433
"PL41",2013,20,20
"PL51",2013,19,12
"ITI1",2019,98,89
"PL81",2015,13,18
"PL62",2020,40,48
"PL61",2020,227,88
"PL71",2013,30,81
"PL82",2013,31,18
"SE12",2013,902,772
"PL22",2011,55,46
"PL41",2011,14,11
"UKF3",2012,541,225
"AT13",2014,58,52
"FRH0",2012,262,171
"EL52",2011,106,799
"HR05",2012,8,21
"HR03",2012,27,20
"UKE3",2016,160,144
"PL51",2017,252,276
"PL81",2012,9,13
"DE14",2019,52,58
"DED2",2013,22,22
"DEB3",2017,84,118
"DEF0",2012,177,320
"UKE2",2018,67,59
"RO12",2015,7,5
"ES43",2013,12,16
"ES62",2013,8,13
"FI1D",2019,42,39
"HU32",2014,2,24
"PT18",2014,150,108
"PL63",2019,271,270
"EL30",2015,624,942
"DE14",2011,29,36
"SE11",2011,451,349
"UKE2",2016,105,90
"ES41",2016,270,203
"UKM7",2010,252,280
"UKE4",2013,86,109
"DEG0",2020,47,46
"DK03",2014,33,20
"UKJ4",2015,106,96
"CH06",2013,1,165
"FRE1",2009,30,31
"RO42",2009,7,15
"BE23",2009,144,97
"BE21",2014,378,310
"FRD1",2015,1405,1872
"EL52",2019,280,422
"UKJ4",2009,9,10
"NL32",2015,62,57
"ES42",2017,42,21
"DE13",2012,68,93
"NL42",2012,103,66
"DE12",2009,19,30
"DEA1",2009,105,54
"PT15",2014,19,13
"UKN0",2011,99,177
"ES21",2013,23,18
"DE26",2009,35,32
"DEA2",2009,28,27
"UKD4",2017,78,88
"UKE1",2020,22,24
"DE25",2014,450,398
"DE23",2014,13,9
"DEA5",2013,240,111
"UKE3",2011,101,92
"DK02",2019,56,61
"UKK4",2010,26,15
"DEB3",2016,1140,1111
"NL41",2016,88,96
"ES12",2014,15,12
"NL41",2014,21,25
"HR02",2012,1,2
"UKJ4",2013,48,34
"PL42",2017,8,12
"PL43",2017,67,12
"CY00",2017,384,279
"CH06",2011,14,4
"CH05",2017,145,99
"AT34",2014,7,8
"AT33",2014,14,13
"AT33",2017,81,104
"UKL2",2014,75,68
"SI04",2019,172,96
"HR03",2019,48,68
"UKE1",2019,50,54
"UKH3",2020,34,36
"CY00",2018,129,152
"UKE2",2014,37,41
"BE23",2012,620,481
"CY00",2013,58,36
"ES70",2017,140,109
"FRC1",2020,45,64
"ITH5",2016,58,48
"EL51",2013,25,54
"FRJ1",2018,114,122
"ITI1",2012,56,88
"UKF3",2017,33,20
"PT11",2009,352,178
"HU12",2016,18,9
"ITF3",2016,25,44
"UKK1",2017,123,128
"FRF1",2019,48,53
"HR06",2018,6,2
"LT01",2011,22,42
"DED5",2016,40,35
"PT15",2012,1,12
"UKF2",2013,1,2
"PL84",2017,8,15
"ITC4",2012,34,50
"CH07",2012,163,162
"FRF3",2017,96,118
"ITF4",2019,30,38
"DE12",2016,132,170
"ES41",2009,40,22
"UKD3",2013,59,51
"FRF1",2014,27,24
"ITH1",2011,20,6
"BG33",2011,18,1
"BG41",2011,115,228
"UKG2",2015,2090,1211
"UKE1",2015,61,48
"ITF6",2020,10,12
"ITH3",2010,11,23
"DE12",2012,139,132
"FRI1",2010,264,286
"BE10",2013,43,48
"UKH2",2017,26,17
"NL33",2014,60,76
"EL64",2020,3,4
"NL21",2016,48,57
"ES24",2020,27,31
"BE23",2017,1368,1187
"DEC0",2017,184,140
"AT31",2016,12,6
"DEA2",2010,66,55
"BE24",2010,76,110
"DED5",2019,316,300
"ES24",2012,9,15
"LT02",2018,174,136
"DED4",2013,12,12
"EL65",2015,6,2
"EL53",2019,13,6
"CZ06",2018,462,348
"AT32",2016,27,20
"EL63",2015,220,265
"EL61",2018,115,112
"DEA4",2018,211,182
"EL54",2015,9,22
"ITG1",2014,19,20
"FI1D",2020,306,196
"NL31",2011,52,93
"NL42",2011,446,693
"AT22",2015,32,25
"DE21",2014,66,68
"DK05",2020,24,21
"DEA5",2014,189,148
"ITC1",2014,22,39
"SE31",2016,39,39
"ITH3",2015,34,41
"NO07",2020,32,21
"ES43",2016,80,109
"LT01",2016,225,301
"FRK1",2019,25,22
"CZ02",2013,4,1
"CZ04",2013,17,0
"NO06",2017,34,39
"FRF1",2012,34,84
"NL41",2009,36,37
"BE21",2009,11,14
"ITF6",2019,23,15
"DK03",2016,12,20
"UKL1",2009,66,75
"BG42",2011,3,3
"ES62",2015,221,222
"HR05",2017,42,87
"HR03",2017,49,16
"PT20",2012,9,12
"FI1C",2011,78,39
"FI1B",2011,123,112
"HU11",2011,108,181
"EE00",2019,196,174
"UKH2",2013,272,411
"BE21",2016,32,31
"DEA2",2016,181,162
"FRJ2",2017,44,55
"HR05",2019,99,140
"ES11",2014,132,186
"FRK1",2018,63,66
"PL51",2012,14,17
"PL61",2012,16,10
"UKH3",2010,169,264
"BE25",2017,21,8
"PT15",2011,9,5
"CZ07",2017,64,33
"FRG0",2010,280,601
"UKK4",2017,52,53
"FRD2",2009,7,10
"NO08",2011,17,18
"HU33",2017,84,61
"CH06",2014,8,6
"ES62",2014,41,45
"ITH4",2015,32,61
"DK05",2015,223,156
"UKC2",2013,162,218
"UKL1",2013,36,73
"PT20",2017,55,54
"LT01",2018,99,135
"RO32",2015,19,24
"BE24",2009,32,39
"BE35",2016,104,92
"CH02",2012,70,97
"ITF2",2018,35,24
"FRJ2",2019,413,405
"HU11",2019,53,80
"DE50",2009,36,41
"AT12",2012,35,39
"PT17",2018,64,17
"DE73",2015,685,380
"BE31",2019,585,482
"FRC2",2019,31,34
"CH01",2009,25,29
"ITI4",2013,105,163
"PT30",2017,8,7
"RO11",2013,192,289
"HU11",2013,573,638
"ES52",2011,85,96
"EL63",2011,55,60
"UKM5",2011,65,107
"BE10",2017,72,83
"HU12",2013,42,152
"ES13",2017,82,60
"PL41",2016,43,50
"FRF3",2011,51,34
"UKM6",2012,9,0
"LV00",2015,6,7
"UKC1",2015,43,44
"BE32",2009,9,5
"DEG0",2011,24,30
"DEE0",2011,16,20
"UKD4",2015,60,65
"PL22",2010,56,155
"PL61",2010,17,20
"UKC1",2011,286,391
"SE31",2017,29,16
"ITC3",2019,49,46
"FRK1",2020,16,16
"UKD4",2018,92,92
"UKK1",2013,259,224
"CH02",2015,44,24
"CH03",2017,340,221
"UKD4",2013,22,33
"EL63",2019,15,31
"UKL2",2012,972,1045
"HR06",2020,8,2
"EL65",2019,52,40
"ITI3",2016,34,43
"DE24",2014,630,703
"FI19",2017,92,66
"PL43",2012,2,3
"ITG1",2011,28,13
"ITI3",2011,31,54
"DE13",2016,86,92
"DE91",2011,26,24
"DE27",2019,121,133
"AT22",2014,24,20
"NO06",2013,20,7
"IE05",2017,49,33
"SE22",2015,198,220
"NL12",2019,73,90
"DK05",2014,144,217
"NL31",2012,37,56
"DE26",2016,38,40
"CZ01",2013,76,62
"CZ05",2013,26,8
"DEB1",2020,12,6
"PL21",2018,272,230
"HU33",2019,23,15
"ITF2",2020,3,6
"SE31",2015,23,22
"BE23",2011,161,127
"UKM7",2011,50,55
"UKD7",2011,58,60
"DED5",2010,19,18
"ITF6",2017,73,136
"SI04",2017,45,46
"DE27",2011,5,2
"DEB3",2010,43,54
"UKJ4",2011,80,153
"UKH3",2016,154,189
"FRG0",2012,210,152
"FRE1",2012,65,84
"DEB2",2020,168,85
"PT18",2016,37,10
"FRJ1",2019,98,123
"CZ03",2011,25,19
"CZ01",2011,27,17
"CH07",2016,68,48
"FRF2",2014,10,17
"FRD1",2019,31,38
"NO08",2012,36,17
"CH05",2020,43,38
"FRC2",2013,8,7
"ES21",2015,30,30
"ITH1",2013,21,28
"FRB0",2016,494,343
"PL62",2013,30,21
"PL22",2013,19,32
"DED5",2012,39,49
"PL22",2012,11,8
"PT30",2012,11,6
"SE23",2012,145,84
"ITI1",2010,48,69
"CZ03",2016,344,259
"FRE1",2011,19,12
"NO0A",2014,390,227
"NO08",2014,186,130
"UKJ3",2010,234,222
"FI1D",2012,92,63
"ES22",2014,48,39
"SE33",2017,145,155
"NO09",2013,23,20
"DED5",2014,64,53
"AT22",2018,289,270
"DEG0",2015,60,54
"CZ03",2019,66,50
"DE72",2011,121,110
"LU00",2017,101,48
"ES13",2016,53,60
"ES23",2015,19,24
"BE25",2018,46,36
"FI19",2013,64,143
"FI1B",2013,139,84
"IE06",2009,200,185
"EL54",2010,33,48
"FRB0",2013,12,17
"CZ01",2017,93,70
"DK04",2020,106,96
"ES52",2010,65,48
"BE22",2018,119,153
"ITH2",2014,8,5
"ITI1",2009,192,218
"CZ05",2018,15,11
"UKL1",2017,51,57
"PL63",2014,19,16
"UKD1",2014,554,276
"NL41",2015,32,34
"IE06",2010,131,217
"IS00",2017,71,51
"UKJ4",2012,14,13
"PL22",2016,19,21
"DK04",2013,180,125
"ES70",2013,8,10
"DEF0",2014,132,201
"DE50",2014,27,20
"FRF1",2017,258,295
"EL43",2011,22,30
"DE71",2014,84,77
"ES53",2015,36,55
"EL63",2013,10,15
"BE33",2013,27,16
"CH04",2009,38,47
"PT17",2013,32,55
"ES13",2009,120,1
"NO09",2017,51,30
"BE10",2011,32,23
"DE22",2020,72,46
"RO42",2020,17,12
"PL82",2014,30,15
"ITF6",2011,1,9
"RO32",2012,15,15
"ES52",2009,126,139
"ITH1",2017,224,141
"CH07",2011,3,2
"DE40",2015,82,39
"ITI3",2014,63,114
"DE73",2018,56,85
"DEA5",2015,156,235
"FRI3",2015,136,225
"NL42",2017,35,41
"EL61",2020,78,53
"DE92",2012,58,48
"CZ08",2015,24,11
"CZ07",2015,20,12
"HR05",2018,21,60
"HR03",2018,57,14
"NL41",2017,35,44
"RO21",2012,19,40
"UKM8",2011,33,35
"NO0A",2016,34,24
"PL52",2017,13,16
"ITH1",2014,18,12
"UKJ3",2013,720,822
"UKE2",2020,154,171
"PL52",2015,54,11
"DE11",2020,477,407
"NL33",2011,51,36
"DE13",2014,22,33
"DE72",2018,176,287
"UKE1",2011,9,6
"NO09",2020,19,7
"PT30",2018,4,12
"UKD7",2012,2277,2901
"UKD4",2012,22,33
"ES43",2017,53,48
"AT22",2020,119,108
"ITH3",2012,19,23
"ITG1",2016,13,27
"NO08",2010,440,521
"UKN0",2009,90,128
"NL21",2012,238,273
"FRJ2",2010,229,300
"CH02",2010,103,66
"DE25",2019,942,800
"LT02",2019,46,24
"BE22",2019,21,14
"DK03",2019,28,27
"NL31",2013,66,72
"EL41",2020,31,36
"SK04",2016,20,37
"ES62",2018,34,32
"UKD4",2009,13,14
"RO32",2018,63,46
"AT32",2014,27,34
"PT18",2013,99,70
"DE94",2016,98,132
"FRD1",2018,67,90
"DE94",2015,18,10
"BG41",2014,28,27
"BG33",2014,70,39
"ES12",2020,26,32
"PL82",2019,13,9
"DEA4",2019,29,32
"RO22",2015,3,2
"CH05",2013,10,8
"DE40",2019,70,52
"DE92",2017,102,109
"CH06",2017,12,6
"DE50",2017,37,41
"UKE1",2012,11,17
"ITF4",2012,10,11
"ITI3",2012,46,90
"FI1C",2019,129,88
"DEG0",2013,36,25
"FRL0",2009,24,18
"FRJ1",2015,166,132
"ES70",2011,13,4
"SE33",2016,144,74
"DEB3",2014,27,25
"DE80",2017,264,243
"DE24",2018,25,29
"IE04",2013,8,12
"SI03",2016,2,5
"FRD1",2012,6,9
"NO07",2015,144,39
"AT33",2016,287,240
"EL43",2017,101,294
"SE33",2015,106,115
"BE23",2010,50,101
"LV00",2012,1,6
"DED2",2010,12,33
"DEG0",2010,213,390
"SE22",2011,783,469
"SE21",2011,21,20
"EE00",2014,162,181
"RO11",2020,33,36
"FRJ2",2020,156,166
"DE91",2012,23,21
"FRJ2",2012,22,29
"RO31",2019,5,18
"RO32",2019,69,102
"AT21",2019,16,10
"CH06",2019,73,36
"ITI3",2017,52,78
"AT31",2012,9,5
"EE00",2010,4,2
"CZ02",2009,9,4
"CZ08",2016,8,10
"EL30",2010,180,256
"ES12",2010,7,8
"ES11",2010,13,12
"FRI2",2009,3,7
"DEB2",2018,8,8
"RO42",2013,3,7
"ES13",2019,33,40
"BE31",2017,73,74
"DE94",2017,22,19
"DEB1",2017,177,220
"AT21",2014,4,5
"RO32",2017,28,37
"ES70",2016,144,110
"ITG2",2014,48,33
"RO22",2014,21,15
"SI04",2013,28,37
"ITC4",2013,114,139
"ITG1",2013,14,17
"ES22",2016,58,38
"CZ01",2012,79,63
"ITI1",2013,44,82
"PL84",2012,21,4
"PL72",2012,3,4
"MT00",2010,169,63
"AT12",2010,19,6
"FRI2",2017,9,10
"NL11",2009,11,10
"EL30",2009,9,13
"SK01",2018,69,92
"ITH2",2019,43,32
"PT20",2018,12,15
"DE72",2016,171,190
"ITH4",2016,104,174
"ITF1",2017,135,102
"LT01",2009,3,7
"LT02",2009,8,0
"SK04",2018,10,21
"UKE2",2011,21,20
"SE31",2013,240,321
"SE23",2013,66,30
"IE05",2010,210,286
"SK02",2012,6,3
"UKM5",2019,750,1152
"PL92",2020,4,9
"FRF3",2014,190,292
"LT01",2013,36,19
"DE40",2009,93,100
"BE32",2014,4,3
"UKD6",2015,16,11
"NO07",2016,45,46
"SK01",2016,41,56
"NL11",2014,130,156
"ES70",2015,36,38
"ES62",2010,20,13
"ES42",2010,37,28
"DEC0",2019,20,36
"PL71",2016,22,16
"RO32",2016,78,64
"UKD1",2018,13,5
"UKN0",2014,151,144
"UKJ4",2014,50,39
"ES24",2017,282,378
"CZ05",2016,55,52
"PL22",2014,135,117
"LU00",2016,172,80
"CY00",2009,124,60
"DE60",2014,34,23
"UKE2",2012,28,24
"FRL0",2010,26,28
"BG34",2018,4,1
"ES22",2011,90,71
"EL54",2019,9,15
"DK02",2013,70,58
"ES13",2013,12,28
"PT18",2017,26,8
"UKG2",2012,8,11
"ES62",2017,46,57
"NL31",2009,15,21
"FI1B",2012,55,46
"RO21",2016,55,36
"RO31",2016,2,2
"AT12",2015,16,10
"UKN0",2010,12,13
"EL65",2016,34,69
"EL61",2016,29,84
"BE10",2012,740,441
"PL41",2015,68,93
"DE40",2014,526,672
"SK01",2019,51,46
"DK03",2015,16,31
"RO32",2020,2596,3661
"PL62",2017,6,9
"UKD3",2010,91,123
"CY00",2015,29,22
"HU31",2017,23,16
"PT15",2019,44,53
"CH04",2010,75,96
"UKJ3",2015,102,102
"PL42",2016,9,10
"UKL2",2009,18,18
"IE04",2018,95,93
"ITH5",2011,19,27
"FRE2",2015,56,45
"DE11",2012,96,140
"BG31",2019,2,2
"DE91",2009,72,82
"DED4",2009,11,8
"UKG1",2012,70,92
"UKC1",2013,85,108
"SK01",2013,5,14
"SK02",2013,6,10
"PT18",2018,120,130
"BG41",2017,21,16
"DE21",2010,26,31
"MT00",2020,20,14
"DEB2",2010,1,1
"DE14",2010,1481,2072
"AT12",2019,257,304
"AT13",2013,313,175
"DED5",2009,7,8
"DK01",2009,162,105
"DEA5",2011,116,90
"BG32",2011,3,10
"DEB1",2019,13,2
"ITH2",2017,19,25
"ES13",2018,23,18
"NL21",2010,9,8
"SE33",2010,11,12
"CZ03",2017,34,9
"ITG1",2019,76,69
"DE50",2013,265,429
"FRD2",2018,323,460
"PL63",2017,272,144
"FRJ1",2016,528,534
"PL84",2018,28,16
"ES12",2016,18,26
"UKF3",2020,3590,3726
"PL43",2019,80,104
"NO0A",2015,71,54
"IS00",2011,1100,301
"NO06",2011,97,60
"UKE1",2014,12,19
"DEG0",2017,50,40
"BE25",2013,19,18
"ES42",2009,20,10
"ES61",2009,30,21
"NL21",2013,40,35
"DEC0",2013,166,99
"ES43",2018,24,32
"DE30",2011,85,90
"ES62",2016,17,27
"NO07",2017,115,83
"ITC2",2017,1,3
"ES24",2014,68,57
"DEC0",2016,44,65
"ITH3",2013,272,417
"DE80",2013,21,26
"RO32",2013,26,42
"AT34",2016,7,3
"FRG0",2015,27,29
"UKH3",2017,36,29
"ITC3",2012,80,131
"UKG2",2013,13,15
"DED2",2012,19,23
"ES11",2013,88,100
"ES21",2012,52,28
"UKH2",2015,44,39
"CY00",2014,19,16
"FRF3",2010,18,31
"PT20",2016,6,5
"ITF3",2010,65,81
"ITG2",2017,581,667
"AT12",2014,72,37
"FI1C",2014,14,15
"HR05",2013,96,397
"CZ01",2009,15,14
"ITI4",2009,163,150
"UKF2",2011,24,0
"HU12",2012,28,36
"HU12",2015,14,19
"HU11",2015,35,48
"SE33",2009,37,36
"FRB0",2014,96,89
"FRF1",2010,76,63
"UKD6",2012,21,20
"PL41",2020,273,216
"PL52",2020,20,10
"EL63",2020,40,75
"DE24",2015,60,45
"FRB0",2010,16,20
"LU00",2018,136,93
"DK05",2009,4,7
"UKM5",2014,23,33
"UKK3",2016,17,9
"PL63",2012,9,13
"PL61",2011,5,8
"PL63",2011,15,14
"NO0A",2013,26,17
"HR05",2015,24,33
"ES23",2014,21,35
"FRJ1",2012,21,16
"LU00",2009,31,0
"NO06",2018,90,71
"SK03",2014,4,5
"FRK1",2017,51,80
"DE80",2015,65,44
"RO11",2015,36,43
"FI1D",2011,8,10
"DE13",2011,11,19
"MT00",2017,34,21
"FI1C",2013,14,10
"HU23",2016,22,11
"ES53",2017,17,12
"NO0A",2009,39,21
"IS00",2014,169,70
"FRF2",2019,48,43
"ES24",2009,140,250
"AT22",2017,136,145
"ES21",2011,153,136
"ES62",2011,120,221
"BG41",2015,14,12
"CZ08",2017,27,19
"ES62",2012,68,42
"FRI3",2019,32,44
"CZ03",2020,150,121
"SE23",2016,154,162
"FRC1",2017,168,157
"DK03",2010,5,6
"FRD2",2019,19,19
"CZ05",2014,6,7
"DEB1",2014,0,2
"DE24",2020,29,36
"NO09",2018,158,108
"DE60",2009,14,9
"ITH2",2020,81,104
"FRE2",2016,24,24
"CH06",2018,73,52
"AT33",2013,20,67
"AT34",2013,6,4
"FRF1",2015,276,407
"CH03",2010,594,463
"SK01",2010,16,15
"CZ06",2013,117,132
"FRI3",2018,15,16
"UKJ4",2019,220,166
"DED4",2019,53,64
"ES42",2018,19,20
"NL23",2012,2,1
"DED4",2015,189,358
"FRE2",2018,66,72
"DEA3",2014,54,127
"UKE2",2013,30,37
"DE92",2016,1045,1240
"DK03",2020,114,151
"AT12",2017,293,200
"DED4",2017,17,8
"UKM5",2013,53,42
"CZ07",2016,19,23
"SE22",2010,96,95
"DE24",2013,48,29
"DE26",2013,15,20
"FRH0",2011,308,394
"UKD6",2010,61,30
"DE73",2017,314,408
"HR03",2020,109,156
"NL42",2014,18,22
"FRI3",2013,70,111
"SI04",2016,13,32
"PL61",2017,43,60
"PT15",2015,36,28
"DE50",2012,19,17
"DE50",2011,84,71
"FI19",2014,132,103
"CZ04",2018,40,52
"DE73",2019,17,14
"DEC0",2018,81,108
"UKG2",2009,14,11
"DK04",2010,16,11
"SE33",2011,40,53
"SK02",2020,9,11
"DE23",2019,864,1010
"CZ01",2010,46,27
"ITG1",2012,8,16
"PL92",2018,15,21
"EL63",2010,11,4
"DK03",2013,36,32
"ES12",2013,30,45
"RO42",2012,18,7
"DE72",2015,55,54
"CZ02",2020,5,20
"ITF2",2015,3,5
"ES41",2015,378,494
"NO06",2009,101,70
"AT21",2017,9,3
"SE33",2013,19,16
"DE26",2010,63,43
"DEA5",2010,96,55
"FRC2",2020,16,23
"NO09",2014,16,12
"ITC3",2013,15,7
"IE05",2012,12,16
"AT21",2020,11,10
"UKC2",2010,845,1366
"UKF3",2010,21,10
"PT15",2017,77,72
"DK01",2012,594,480
"ITF5",2018,19,12
"DE24",2016,18,15
"ITF1",2014,11,15
"IE04",2011,20,21
"BE22",2010,8,8
"FRI3",2010,10,10
"FRG0",2016,277,432
"NL33",2010,32,24
"SE11",2010,165,156
"ITG2",2011,8,11
"DK02",2011,4,3
"DK04",2011,9,9
"EL41",2012,1,4
"HU33",2012,29,12
"UKD7",2010,209,267
"ES24",2010,56,57
"EL43",2016,43,100
"EL52",2013,33,62
"PL22",2017,47,32
"ES62",2009,37,49
"FRK1",2013,11,16
"HU12",2019,85,87
"PT20",2014,4,9
"NO0A",2010,56,60
"HU21",2015,6,4
"NO02",2019,150,50
"DE60",2012,300,301
"ITH4",2013,54,116
"UKF3",2011,80,1
"AT33",2012,7,9
"PL21",2015,490,423
"DE27",2018,33,19
"DEB1",2018,19,9
"AT11",2012,32,1
"CZ07",2011,154,68
"ES42",2014,20,34
"ES42",2012,8,12
"CH03",2012,19,25
"PL81",2016,19,15
"PL84",2020,32,16
"DE14",2009,22,33
"HU32",2009,4,17
"HU33",2015,24,18
"RO42",2014,5,6
"EL65",2018,18,26
"PL42",2019,6,11
"PL61",2016,38,42
"ES13",2014,15,14
"FRC1",2012,10,19
"DEB3",2012,79,57
"RO42",2015,12,25
"DE80",2016,133,130
"PL92",2010,36,10
"NL11",2012,18,15
"ITG2",2009,7,29
"ES43",2010,42,38
"RO22",2020,15,15
"CZ04",2012,1,0
"PT30",2011,50,48
"CZ02",2017,109,32
"SK02",2016,7,4
"EL51",2018,16,17
"EL63",2018,12,26
"HU32",2020,27,31
"HU23",2020,13,14
"PL51",2011,14,6
"FRH0",2009,247,165
"DE25",2012,61,42
"DEB2",2019,73,88
"EL52",2018,30,38
"ITF1",2016,13,14
"SE23",2015,11,14
"CH06",2020,19,15
"BG41",2009,10,9
"FRD2",2010,2,8
"CZ03",2013,6,9
"ES63",2019,2,2
"ES42",2016,99,98
"MT00",2014,20,6
"SE33",2014,28,16
"UKM5",2010,65,69
"ITF6",2015,11,13
"BE35",2019,16,15
"FRI1",2009,60,57
"FI19",2012,14,10
"FRD1",2017,9,13
"HU32",2015,7,7
"AT11",2016,0,2
"UKK3",2019,30,28
"UKK4",2012,418,432
"UKK3",2009,29,28
"FRI2",2011,3,3
"FRC2",2011,6,3
"HU12",2020,551,339
"UKM9",2015,2,4
"EL51",2011,5,2
"UKH2",2020,1288,1416
"ITH2",2010,11,0
"CH05",2011,21,10
"CY00",2012,40,21
"CZ06",2014,21,21
"DE80",2019,30,32
"NO06",2014,38,25
"NL13",2010,36,0
"ITF4",2015,12,22
"DK01",2011,58,54
"NO06",2010,13,11
"UKD1",2015,5,8
"ITC1",2011,11,21
"ES13",2010,36,28
"BG34",2015,13,27
"DE25",2010,40,31
"PL63",2015,152,121
"DE73",2010,17,12
"FRI2",2019,257,416
"CH07",2017,10,14
"PT20",2019,5,5
"DEB3",2013,19,20
"ITC1",2009,37,72
"HU11",2012,57,64
"NL22",2010,24,21
"FI1B",2009,109,120
"PT20",2009,6,2
"NL21",2011,2045,1898
"PL61",2009,295,784
"DE11",2010,36,65
"DE13",2010,106,55
"DEE0",2010,170,256
"ITH3",2011,19,21
"ITH1",2012,8,8
"NO09",2011,11,8
"NL34",2019,17,8
"BG41",2016,17,14
"AT32",2012,72,64
"DEE0",2012,33,28
"IE04",2015,43,30
"DE21",2009,598,681
"MT00",2011,9,8
"EL63",2012,20,21
"CZ06",2015,102,116
"NL34",2016,88,45
"PL71",2010,19,12
"UKD6",2019,21,22
"HR05",2009,21,30
"HR03",2009,39,20
"HU12",2010,12,7
"HU33",2010,17,112
"DE92",2009,36,46
"FRI3",2009,7,6
"HR02",2018,11,5
"FRJ1",2009,15,13
"ES12",2019,90,70
"SK04",2015,5,8
"FRI3",2020,73,64
"BE35",2020,17,20
"DEE0",2013,148,126
"FRM0",2015,0,1
"DEB1",2016,5,2
"ITF4",2010,18,13
"PL81",2011,16,14
"SE23",2011,15,6
"CH06",2016,158,136
"SE21",2010,16,13
"RO11",2016,24,29
"PL41",2012,12,13
"FRF2",2018,195,152
"RO21",2018,6,14
"PL84",2016,24,29
"SK03",2018,17,18
"FRD1",2011,4,6
"UKN0",2012,19,23
"DK02",2016,10,26
"ITI3",2018,21,28
"CH07",2018,30,14
"DEC0",2015,268,285
"ES12",2015,12,24
"DEB2",2017,30,38
"PT20",2013,25,12
"HU22",2016,168,169
"EL61",2017,3,10
"CZ06",2012,26,19
"UKJ4",2010,101,120
"PL42",2013,112,33
"PL63",2013,122,132
"EL54",2020,132,92
"HU33",2016,86,112
"FRE2",2014,9,10
"ITG2",2010,7,4
"ITH2",2012,53,156
"LV00",2016,91,105
"DEB3",2011,42,43
"DE26",2011,19,21
"ITF5",2014,2,3
"PT30",2015,15,6
"FRI2",2015,25,18
"UKH2",2014,48,52
"NL22",2012,175,210
"FRF3",2009,20,32
"ES21",2010,23,14
"EL43",2020,175,127
"FI1D",2013,116,63
"CZ08",2019,73,28
"PL71",2009,11,10
"SE23",2014,60,42
"FRC1",2014,3,10
"ES13",2012,7,7
"ES12",2011,181,120
"ITH1",2015,29,36
"PT18",2012,52,32
"HR02",2020,20,12
"LT01",2019,15,18
"HU32",2019,15,19
"BE32",2019,16,11
"UKK2",2010,28,34
"DE24",2011,28,64
"DEA4",2011,22,56
"DE25",2013,21,19
"EL63",2009,91,29
"EL41",2009,3,5
"AT21",2016,25,32
"SE31",2009,12,6
"DEC0",2014,40,49
"FRE2",2017,15,14
"HU31",2013,6,5
"PL84",2011,3,5
"UKH3",2011,738,985
"ES24",2015,128,132
"BE35",2017,77,58
"NL11",2010,6,13
"DE11",2009,6,13
"NL42",2013,12,24
"EE00",2011,65,16
"LV00",2011,27,78
"ES41",2011,26,21
"DE14",2014,63,66
"RO12",2011,4,3
"DED5",2013,126,163
"BE21",2011,311,242
"PL84",2009,1,4
"DEE0",2009,9,3
"NO02",2009,4,2
"EL63",2016,28,42
"ES23",2013,7,7
"NO07",2013,67,35
"BE25",2019,14,10
"PL92",2019,40,28
"NO02",2018,12,8
"PL82",2011,22,10
"FI19",2010,117,92
"HU22",2020,16,18
"UKD4",2011,19,25
"UKD6",2013,11,7
"IE06",2012,261,316
"DE14",2012,21,19
"EE00",2017,36,24
"FRE2",2020,12,11
"SI03",2010,7,4
"DEA4",2017,495,380
"PL42",2010,6,4
"DE40",2013,16,20
"FRI2",2014,4,5
"ITH5",2013,23,39
"ITH1",2018,46,40
"FRI1",2014,314,442
"SE32",2014,7,10
"DK03",2017,68,85
"FRF1",2009,36,115
"ITF3",2013,15,13
"PL84",2019,12,5
"ITG2",2018,30,37
"UKH3",2009,15,28
"IS00",2020,15,20
"BE22",2014,10,9
"DE50",2010,16,7
"SE31",2019,92,80
"DK02",2014,218,310
"BG42",2009,12,15
"ES42",2011,10,6
"FRD1",2013,10,13
"ES70",2010,4,8
"EL64",2016,6,1
"FRB0",2009,8,10
"ITC1",2015,34,36
"CH05",2016,29,8
"ITH5",2009,13,44
"DK03",2012,24,37
"FRE2",2009,17,8
"BE31",2013,60,82
"RO22",2016,9,9
"UKL1",2012,115,138
"DK05",2018,493,726
"EE00",2012,14,11
"LU00",2010,10,2
"ES24",2016,135,120
"HU11",2009,10,17
"NL34",2015,27,1
"DEB2",2015,6,10
"UKH2",2012,10,17
"DE60",2013,28,29
"LV00",2017,27,46
"FRK1",2011,3,7
"DE94",2009,7,2
"BE33",2016,218,168
"FRJ2",2009,60,169
"FRH0",2010,14,14
"PL52",2013,4,5
"BE25",2016,8,3
"FRF2",2013,15,12
"CZ03",2012,5,5
"ITF6",2013,6,7
"UKL1",2011,22,33
"DEA3",2016,55,42
"HR05",2010,19,54
"AT31",2015,7,12
"EL52",2010,12,13
"CY00",2010,14,6
"ITH1",2010,11,2
"PL81",2017,56,69
"PL92",2017,10,6
"UKD4",2014,1008,1513
"FI1C",2012,492,206
"UKH2",2011,37,28
"PT18",2015,149,88
"ES24",2011,10,8
"SK04",2017,40,161
"SK03",2017,11,6
"UKC1",2014,27,28
"ITF5",2019,7,5
"NO07",2012,29,8
"EL61",2014,26,15
"ITI3",2013,8,6
"ITH2",2015,9,10
"LU00",2014,15,8
"UKE3",2013,195,197
"ITI2",2017,6,4
"HU31",2019,84,37
"HU22",2019,31,10
"EE00",2015,42,49
"PL21",2009,28,30
"ITF1",2009,13,24
"HU33",2013,1,4
"DE25",2011,221,240
"UKK2",2009,56,47
"SI03",2019,11,6
"PL62",2016,19,14
"EL53",2013,6,4
"NO02",2017,47,12
"ITF1",2011,108,180
"AT31",2018,945,561
"CZ07",2010,27,15
"BE32",2020,10,10
"FRF1",2011,13,20
"SE31",2018,68,60
"BG34",2009,1,0
"DK05",2010,55,35
"PL81",2014,7,18
"RO12",2018,7,11
"IS00",2015,90,31
"DE71",2011,20,22
"ITI2",2015,0,11
"SE31",2012,48,76
"ITH4",2012,11,13
"UKG2",2011,9,9
"FRI3",2017,126,209
"CZ02",2015,48,2
"PL43",2020,12,11
"HU33",2020,9,14
"IS00",2009,33,24
"EL54",2012,7,9
"RO42",2016,41,20
"DEA4",2013,61,140
"DE73",2012,9,5
"RO21",2011,6,10
"DED4",2014,14,7
"EL54",2013,14,31
"HU21",2019,6,6
"NO09",2012,10,11
"FRB0",2012,135,160
"PL92",2013,7,6
"BG33",2009,7,4
"FI19",2011,25,18
"UKD1",2019,4,6
"BE22",2015,10,8
"CZ06",2011,33,19
"IS00",2016,226,176
"DE27",2017,7,10
"DEA4",2014,36,43
"DEF0",2010,8,10
"DE27",2015,19,24
"HU12",2014,73,96
"DK05",2013,33,32
"EL62",2015,4,1
"RO21",2020,6,9
"EL52",2009,19,24
"PT18",2009,22,8
"CZ04",2019,16,6
"EE00",2009,7,8
"MT00",2012,5,3
"ES53",2013,12,13
"DEF0",2009,10,12
"PL84",2015,9,6
"SE32",2017,7,12
"DEG0",2009,50,61
"ITF4",2009,49,36
"NL42",2010,11,11
"ES12",2018,21,28
"ES43",2009,8,4
"AT31",2011,20,6
"EL53",2014,5,2
"DEA3",2009,10,13
"HU31",2016,4,5
"RO22",2019,21,30
"EL53",2010,6,2
"UKK3",2020,226,270
"DE72",2012,18,36
"PT15",2013,56,64
"BG32",2016,24,7
"DEA4",2015,77,110
"PT20",2010,3,5
"DE94",2013,104,170
"PL42",2020,14,12
"DK02",2012,15,10
"PL43",2015,48,45
"PL81",2013,99,86
"BE21",2010,411,246
"DE22",2014,24,17
"FRC2",2012,6,6
"HR03",2010,5,3
"ES21",2009,86,91
"SK03",2020,24,32
"AT32",2018,62,65
"PT20",2011,1,4
"LT02",2014,61,50
"ES63",2015,0,2
"EL43",2010,9,22
"ITH5",2010,14,16
"FRD1",2009,5,8
"FRI3",2014,108,217
"UKD6",2018,43,39
"FRM0",2020,5,3
"NL11",2013,93,120
"PL43",2016,28,16
"FRC1",2011,45,22
"RO31",2015,5,2
"HR05",2014,26,39
"RO32",2014,19,20
"LT02",2015,21,11
"PL82",2012,24,44
"ITH2",2011,26,157
"ES42",2015,38,12
"EL51",2017,3,8
"UKG2",2014,81,156
"CH06",2009,164,54
"EL62",2014,0,13
"DE23",2012,6,9
"PL22",2009,49,57
"PL62",2011,18,37
"CZ08",2020,7,9
"PL81",2018,34,44
"NL23",2014,28,16
"ITC3",2010,192,114
"DE13",2009,112,183
"CZ08",2013,3,10
"BE31",2010,5,11
"ES70",2014,12,18
"UKE2",2010,28,28
"DEA3",2011,32,15
"SK04",2011,9,10
"FRC1",2018,11,19
"ITH4",2009,9,10
"ITH3",2009,8,19
"FRF2",2009,4,6
"UKD6",2011,13,12
"ITF2",2013,8,0
"NO09",2010,7,9
"CZ05",2015,50,31
"AT33",2015,18,16
"FRM0",2017,12,14
"BG33",2018,69,16
"DK02",2009,9,9
"DE22",2017,7,3
"PL81",2009,6,5
"EL41",2016,896,770
"SE23",2018,58,42
"ES70",2009,80,63
"HU31",2014,2,1
"AT34",2020,126,25
"IE05",2009,20,10
"SE32",2016,11,3
"PL71",2015,157,117
"DE73",2014,25,16
"EL54",2017,11,16
"CZ06",2010,8,19
"CZ05",2010,13,6
"ES43",2012,18,23
"MT00",2018,11,13
"FRI2",2010,9,8
"ITC3",2011,308,225
"ITF6",2018,6,20
"HU23",2014,7,4
"PL52",2019,139,99
"LU00",2012,24,11
"HR05",2011,16,14
"FRB0",2011,38,24
"BE33",2009,5,6
"LV00",2014,120,97
"PL72",2019,9,8
"ES53",2014,8,5
"FRE2",2019,32,42
"UKC1",2010,71,98
"HU22",2009,27,1
"HR02",2017,40,96
"ITF4",2014,31,32
"LT01",2015,8,12
"EL43",2012,8,9
"AT33",2011,8,9
"NL12",2016,18,14
"SE33",2012,31,28
"HU32",2012,6,9
"UKK2",2012,210,155
"DEA1",2012,13,21
"UKK1",2010,14,22
"FRM0",2019,26,41
"ITF5",2013,2,7
"RO42",2018,9,23
"BE21",2012,14,14
"NL41",2010,29,54
"PL82",2015,19,18
"FRC2",2010,4,8
"RO42",2017,6,19
"HU21",2014,13,4
"PL63",2010,54,33
"PL62",2010,157,22
"SK03",2019,16,10
"BG33",2017,8,4
"HU33",2011,133,66
"PT17",2011,121,36
"CZ07",2019,31,15
"HR02",2011,46,21
"ITF4",2011,9,12
"UKK3",2012,10,36
"ITF5",2017,7,6
"ES13",2011,25,12
"ES53",2010,29,21
"DED4",2016,43,39
"PL21",2010,30,22
"EL61",2012,15,17
"CZ07",2012,184,93
"RO12",2020,10,11
"NL11",2011,65,52
"DE72",2009,27,50
"SK04",2012,2,1
"CH06",2012,22,8
"EL61",2010,49,2
"EL54",2018,42,61
"RO41",2017,9,24
"UKK3",2010,1,6
"RO41",2019,3,4
"LV00",2019,409,360
"CZ07",2014,26,15
"SI03",2018,260,395
"BE33",2010,16,30
"SE31",2011,21,12
"DE73",2020,15,14
"HR03",2011,34,14
"NO07",2014,124,64
"PL62",2009,55,23
"UKE1",2010,11,14
"CZ03",2009,3,4
"DK04",2012,23,10
"HU23",2018,12,9
"DEA3",2017,11,22
"FRD2",2011,6,3
"NL23",2019,5,4
"ES12",2009,5,10
"DEC0",2011,41,90
"PL84",2014,10,10
"PT18",2011,16,13
"BE31",2012,42,35
"AT13",2009,21,24
"UKM9",2018,6,2
"NO02",2020,21,12
"SE32",2012,6,5
"LV00",2013,6,6
"CH06",2015,17,14
"CZ05",2009,3,6
"CZ06",2009,10,5
"HU31",2018,5,6
"PL62",2015,9,6
"FRD2",2014,5,9
"DE23",2015,20,25
"ES22",2013,384,547
"NO02",2016,7,2
"SI04",2010,5,8
"HU22",2015,6,4
"HU31",2015,61,24
"DE27",2013,4,5
"AT22",2009,6,10
"DE26",2014,9,15
"EL61",2015,4,3
"EL52",2012,235,390
"PT15",2009,20,21
"ES23",2010,49,16
"SK04",2020,5,11
"UKC1",2009,9,11
"SK02",2018,9,4
"LV00",2018,222,221
"PL92",2011,16,9
"AT12",2011,13,9
"FRE2",2010,66,40
"UKF2",2020,2,3
"NO07",2011,9,6
"DE94",2011,6,3
"LT02",2016,15,22
"PL42",2012,8,12
"AT11",2017,0,1
"FRF2",2020,20,22
"UKD1",2017,1,6
"UKM9",2020,25,24
"HU32",2013,18,17
"NL13",2020,7,9
"CZ03",2015,14,11
"DEB2",2016,10,5
"UKH2",2010,12,5
"DEB2",2014,10,3
"DEA3",2013,24,23
"SI04",2012,7,8
"CZ05",2011,12,16
"FRF2",2011,24,19
"UKM9",2012,12,1
"PL84",2013,6,7
"BG42",2013,12,12
"BG41",2013,84,66
"EL41",2014,42,127
"DE72",2013,13,19
"DE24",2010,6,6
"EL30",2011,36,39
"EL41",2017,11,16
"NL12",2017,13,4
"DE25",2009,61,36
"IE04",2010,9,22
"UKK3",2017,38,17
"AT12",2013,6,8
"HU23",2010,5,10
"ES23",2011,10,9
"NL34",2020,4,13
"BE32",2015,3,7
"DE72",2014,64,48
"DEC0",2009,4,6
"BG42",2020,11,15
"DE72",2010,7,14
"IS00",2010,6,4
"PL51",2009,90,121
"UKG2",2010,6,11
"HR02",2010,34,20
"PL71",2011,22,19
"EL41",2018,14,7
"ITF2",2016,8,6
"CZ04",2017,10,4
"ITF1",2010,15,11
"ES64",2017,2,1
"PL72",2018,21,14
"CH05",2010,5,2
"PL43",2011,13,5
"CZ05",2017,10,7
"EL61",2011,4,1
"DK03",2011,52,118
"ES22",2009,250,217
"RO31",2013,6,4
"SK01",2015,24,29
"HU22",2018,4,4
"NL13",2016,2,5
"HU23",2013,30,49
"HU21",2013,5,0
"ITG1",2009,18,20
"DEG0",2014,331,375
"RO12",2014,324,244
"DEA1",2011,72,70
"AT32",2015,22,8
"AT21",2015,105,62
"NL23",2015,3,1
"BG42",2018,5,21
"DEC0",2012,73,126
"IE04",2012,11,7
"HR02",2016,10,20
"NO06",2012,54,78
"UKD6",2009,6,4
"DK04",2009,24,29
"BE33",2012,25,28
"EL41",2019,4,11
"FRF2",2017,21,36
"DE73",2013,71,42
"BG33",2013,4,2
"SK04",2019,6,9
"DE73",2016,22,36
"PL52",2012,4,5
"RO21",2009,10,6
"HU22",2017,8,3
"BE35",2009,1,45
"RO31",2017,4,8
"ITG2",2013,25,36
"LT02",2012,3,10
"LT01",2012,38,17
"RO11",2010,15,10
"RO32",2010,12,5
"CH07",2014,84,50
"DE24",2009,2,8
"FRC1",2009,55,36
"DEA1",2010,352,300
"IE04",2009,30,31
"AT32",2010,3,4
"HR03",2014,15,5
"PL52",2011,4,1
"UKE1",2013,36,40
"HU21",2016,73,72
"HR02",2019,3,8
"UKM9",2016,10,0
"EL41",2013,2,2
"DEA4",2016,14,15
"AT32",2013,50,37
"PT30",2014,4,6
"AT11",2014,1,0
"HU32",2010,2,7
"DEA4",2012,48,49
"FRI2",2016,14,5
"PL92",2015,32,14
"ITF2",2017,7,16
"BG33",2015,9,29
"HR06",2019,11,8
"AT31",2013,25,16
"BG42",2010,4,1
"HU23",2009,10,3
"UKM9",2019,1,4
"DE23",2013,23,9
"SI04",2011,5,3
"DE92",2013,33,32
"DEB2",2012,0,16
"BG42",2015,35,102
"SK04",2014,10,11
"EL65",2010,1,0
"CZ08",2014,101,42
"HU32",2018,195,33
"ITC2",2013,1,0
"BG32",2019,3,3
"DE27",2016,9,6
"RO22",2011,22,20
"EL62",2011,1,3
"LT02",2013,13,6
"EL53",2015,1,0
"RO11",2017,300,326
"BG32",2009,3,1
"ITF2",2014,3,5
"AT12",2009,9,0
"CH06",2010,2,2
"FRK1",2012,19,21
"RO11",2011,4,8
"FRF2",2015,13,6
"SI03",2017,12,6
"DE22",2016,24,31
"BE32",2013,2,1
"NO0B",2011,1,1
"CZ02",2016,3,3
"DEB2",2011,3,11
"DK05",2012,7,3
"ITF6",2016,10,19
"BG32",2014,33,23
"CH05",2012,22,15
"HU31",2012,9,32
"ES53",2009,4,3
"CZ04",2014,4,13
"NO02",2015,39,40
"RO31",2020,3,1
"CH07",2009,15,10
"SI04",2009,14,78
"FRK1",2010,30,19
"PL92",2014,9,5
"SK02",2014,91,0
"EL53",2012,0,1
"PL92",2012,13,6
"SI03",2011,8,25
"AT21",2018,13,8
"HR02",2009,14,10
"FRI2",2020,9,10
"LT01",2010,6,7
"PT30",2016,30,21
"ITF6",2012,8,21
"FRK1",2009,9,3
"CH05",2014,13,10
"AT33",2009,6,3
"SI03",2013,5,6
"HU31",2009,4,3
"NO0A",2011,32,14
"FRI3",2011,19,64
"NL34",2014,2,1
"ES43",2011,19,9
"PL52",2009,15,9
"FRI3",2012,25,30
"BG34",2011,1,2
"EL61",2009,6,4
"ITH1",2009,37,4
"UKF3",2013,27,22
"CZ04",2015,14,18
"PL42",2015,12,20
"CH07",2010,7,5
"ES64",2015,1,1
"RO31",2014,1,2
"AT11",2020,61,40
"FRD2",2012,42,45
"BE22",2013,10,18
"DE80",2014,123,165
"PT30",2019,34,21
"SE23",2009,15,16
"SK02",2015,4,2
"BE35",2012,1,3
"EL51",2015,6,20
"NO02",2011,16,5
"DEA3",2015,15,12
"HR06",2015,6,7
"HR06",2017,83,82
"CZ04",2020,3,5
"DEA3",2012,6,8
"AT34",2019,4,9
"FRD1",2010,4,7
"FRI2",2012,6,4
"CZ07",2009,11,5
"CZ07",2013,34,12
"FRD1",2014,162,161
"UKF2",2014,11,10
"FRF2",2016,16,29
"AT32",2011,2,4
"LT02",2010,5,4
"CY00",2011,32,24
"HU23",2011,5,4
"HU23",2012,0,10
"AT21",2013,20,11
"NO0B",2014,5,4
"NL12",2018,12,13
"EL61",2013,2,13
"BE35",2010,10,16
"BG33",2019,380,229
"BG34",2019,69,102
"CZ04",2011,4,2
"SE32",2013,6,4
"BG42",2019,3,4
"DEB1",2011,2,3
"RO31",2012,6,0
"HU21",2020,12,13
"DE60",2010,408,409
"CH07",2013,6,10
"NL13",2018,4,4
"ITF2",2009,1,3
"NO0B",2016,1,1
"FRM0",2014,1,0
"LT02",2011,10,5
"BG32",2015,2,4
"RO22",2012,2,4
"HU23",2015,552,554
"BE32",2012,2,3
"EL53",2016,4,2
"RO42",2010,11,15
"IS00",2013,13,8
"DE94",2012,4,8
"AT34",2017,8,3
"DE27",2020,16,18
"HU33",2009,3,3
"EL64",2019,6,25
"DE22",2015,25,12
"RO11",2012,9,5
"PL72",2015,6,3
"HU22",2010,14,13
"PL84",2010,5,4
"HR06",2014,8,6
"EL54",2011,11,10
"RO41",2012,8,5
"ES53",2011,55,36
"BE32",2017,20,20
"BG31",2013,1,8
"UKD1",2013,2,0
"AT22",2010,22,16
"EL62",2010,1,0
"UKM9",2013,4,6
"AT21",2012,6,0
"DE94",2010,27,38
"ES22",2010,6,17
"DED4",2012,90,41
"HR03",2015,16,12
"HU21",2018,79,52
"RO21",2015,40,61
"LU00",2011,8,3
"LT01",2014,283,282
"PL82",2009,3,4
"BG34",2020,23,0
"NL12",2020,20,3
"SE31",2010,85,69
"HR02",2014,14,12
"CZ02",2014,27,7
"ITH2",2013,11,6
"BE34",2018,0,1
"CZ04",2016,2,4
"DE22",2010,0,1
"PL72",2014,6,5
"DEB1",2012,8,5
"UKM6",2018,4,2
"MT00",2009,13,12
"NO02",2014,3,1
"PL52",2010,13,16
"DEA3",2010,11,4
"SI03",2020,11,8
"BG31",2015,20,1
"UKM9",2011,0,2
"UKM6",2009,2,1
"ITC2",2019,3,2
"BG42",2016,11,5
"FRM0",2018,1,4
"RO22",2017,5,30
"RO41",2013,7,15
"UKM6",2020,4,1
"RO21",2010,20,17
"NL34",2012,2,1
"BE25",2015,3,6
"HU21",2010,6,15
"DK05",2011,23,24
"NL34",2011,2,0
"RO22",2010,1,3
"CZ03",2014,14,11
"BG32",2018,5,3
"CH05",2009,1,1
"EL64",2011,4,0
"HR06",2016,6,6
"SK03",2012,7,2
"UKF2",2016,22,24
"UKF2",2019,10,7
"SK03",2015,2,2
"RO41",2015,2,1
"DEB1",2013,6,4
"SE32",2020,7,4
"AT11",2019,1,5
"SI03",2014,8,3
"SE32",2018,9,8
"BG31",2014,2,4
"NL12",2015,51,52
"RO41",2014,2,2
"DEA4",2009,19,18
"FRF2",2010,3,0
"NL13",2015,0,9
"FI1C",2010,5,4
"NL13",2019,3,1
"HR02",2015,8,4
"PL43",2014,14,12
"ITF5",2015,4,1
"PL92",2016,9,3
"HU31",2010,2,0
"NL34",2009,2,1
"FRM0",2011,0,1
"SK03",2011,16,25
"ITF5",2016,4,1
"EL65",2009,3,0
"ITC2",2011,3,1
"ITC3",2009,5,6
"NL12",2013,9,4
"PL63",2009,50,52
"ES53",2012,3,4
"DE73",2011,3,6
"EL62",2018,9,16
"NL34",2013,0,1
"CZ05",2012,12,10
"PL62",2014,13,20
"ITG2",2012,109,36
"UKD1",2011,12,7
"DE94",2014,9,9
"EL41",2010,5,8
"NL13",2017,3,4
"BG32",2013,3,3
"ES63",2017,3,1
"NL13",2014,1,3
"NL23",2016,2,3
"CZ08",2009,9,21
"BE25",2011,7,0
"ES23",2009,6,0
"IS00",2012,96,25
"EL65",2020,3,4
"BE34",2019,1,50
"PL52",2016,18,13
"EL53",2020,6,5
"DED4",2010,26,53
"EL64",2017,5,1
"DE23",2011,5,5
"RO22",2009,6,5
"DK03",2009,45,30
"SK03",2009,4,5
"SK02",2009,12,19
"DE80",2010,5,8
"BG31",2017,4,1
"CZ03",2010,2,2
"SK03",2013,2,11
"DE27",2014,18,25
"HU12",2009,3,2
"NO0B",2017,2,3
"PT30",2009,6,14
"CZ02",2011,7,3
"HU22",2011,3,1
"HU21",2012,3,0
"BG34",2012,6,8
"PL72",2009,1,2
"BE22",2011,25,16
"EL62",2020,11,6
"NO0B",2015,3,6
"EL51",2010,2,42
"UKM6",2019,3,3
"PL72",2013,1,4
"RO12",2012,24,33
"BG42",2014,4,9
"RO12",2009,3,2
"CZ04",2009,2,3
"BE22",2009,2,7
"EL64",2015,5,3
"ES64",2016,2,1
"SK02",2010,11,13
"AT11",2015,1,0
"AT34",2015,0,1
"SK04",2010,2,1
"BE25",2012,28,0
"UKM6",2013,1,2
"BE31",2009,8,4
"SE32",2011,1,4
"CZ08",2010,16,1
"PL42",2011,8,4
"RO12",2016,4,9
"HR02",2013,2,2
"RO22",2018,4,2
"NL23",2020,48,9
"UKK3",2013,17,8
"DE23",2009,3,5
"EL64",2010,0,1
"ITF5",2011,3,2
"NL12",2014,5,6
"CZ08",2012,55,12
"NO02",2010,3,0
"DEB1",2015,5,6
"HU33",2014,25,21
"CZ08",2011,4,2
"CZ02",2012,14,18
"ITI3",2010,1,5
"BG31",2016,0,9
"EL62",2017,2,1
"EL62",2019,4,3
"ITF5",2020,45,33
"NL13",2011,3,2
"FRM0",2009,1,0
"HR06",2011,4,2
"HU22",2014,20,38
"RO41",2010,9,19
"RO41",2009,8,1
"DE22",2019,8,9
"FRD2",2013,4,8
"DE23",2010,6,15
"HU22",2012,1,2
"AT34",2011,1,0
"BE22",2012,56,11
"ES64",2019,3,0
"SK04",2013,10,2
"LV00",2009,5,0
"SK04",2009,1,4
"BG34",2016,4,2
"BG31",2009,0,1
"ES63",2020,0,1
"NL34",2017,4,1
"DEA4",2010,36,37
"RO31",2009,2,1
"BE35",2014,9,8
"UKD1",2012,5,0
"AT32",2009,4,9
"DEB1",2009,7,0
"NO0B",2018,19,9
"NL23",2011,4,1
"UKE1",2009,152,153
"NO02",2012,0,1
"SI03",2009,1,12
"EL53",2011,0,1
"EL41",2015,5,4
"UKM6",2014,2,1
"RO41",2011,8,0
"DE27",2010,4,1
"UKM6",2015,9,2
"ITC2",2020,0,34
"BG33",2010,0,1
"BG32",2012,2,0
"RO12",2010,1,6
"ES64",2014,4,2
"HU21",2009,1,1
"PT30",2013,4,15
"UKM9",2014,1,2
"HU12",2011,0,11
"BE35",2013,2,3
"SE32",2015,3,2
"BE35",2011,5,0
"BG33",2012,26,0
"ITH2",2009,2,3
"ES63",2018,2,0
"DE22",2013,26,1
"RO31",2018,0,1
"PL43",2013,3,3
"UKM9",2009,1,0
"BE34",2011,1,6
"BE25",2009,0,3
"EL51",2009,1,3
"UKM6",2016,1,0
"SK02",2011,12,3
"DE22",2012,14,15
"BE34",2016,1,1
"RO31",2011,3,2
"NL12",2011,1,3
"ITC2",2010,0,1
"UKM6",2010,2,0
"DE27",2012,3,3
"AT34",2018,2,4
"RO22",2013,2,5
"BG34",2014,2,1
"ITI2",2019,0,1
"UKF2",2015,1,2
"UKM6",2017,73,18
"RO41",2016,1,3
"PL92",2009,5,6
"DE73",2009,4,6
"RO41",2018,5,4
"DEC0",2010,7,15
"UKF2",2017,10,11
"HR06",2010,1,0
"NL12",2012,0,1
"ITF5",2012,18,73
"NO0B",2009,0,1
"EL65",2013,2,3
"ITC2",2015,0,1
"ITI2",2020,1,15
"NO0B",2013,5,2
"DE22",2011,2,1
"RO41",2020,3,1
"ITC2",2018,27,1
"AT31",2009,5,5
"SK03",2010,3,0
"UKM6",2011,1,0
"LV00",2010,0,4
"ITF2",2010,1,16
"DE22",2018,4,3
"BE34",2014,1,0
"NO0B",2019,3,2
"NO0B",2012,3,0
"EL62",2009,0,13
"EL54",2009,5,0
"AT21",2010,4,6
"FRM0",2012,2,0
"ITF5",2010,6,1
"EL65",2014,2,0
"EL62",2016,1,0
"HR06",2009,0,1
"UKK3",2011,3,2
"NL34",2018,1,4
"NL12",2010,3,0
"BG31",2011,14,0
"BE34",2020,0,1
"ES64",2018,1,0
"AT11",2018,0,1
"EL65",2012,2,1
"BG32",2017,1,4
"FRM0",2016,1,0
"BE32",2011,1,0
"NL23",2017,2,1
"DEB2",2013,0,2
"EL64",2012,0,1
"ITF2",2012,5,0
"AT34",2012,1,0
"NL23",2010,1,0
"ITI2",2012,1,0
"HU31",2011,1,3
"AT11",2011,0,1
"CZ04",2010,1,0
"UKM9",2010,0,1
"RO31",2010,1,1
"HU21",2011,0,2
"DE27",2009,1,2
"SE32",2010,3,4
"BG34",2013,0,1
"NO07",2009,12,1
"ES63",2012,1,0
"BG32",2010,0,2
"UKF2",2012,0,14
"DE22",2009,1,0
"BG31",2010,1,0
"ES63",2014,0,1
"ITC2",2014,1,0
"CZ02",2010,1,0
"EL41",2011,1,1
"BG34",2010,2,0
"PT30",2010,0,1
"BG34",2017,1,0
"BE34",2017,0,1
"ES64",2013,1,0
"DEB2",2009,1,4
"BG31",2012,4,0
"UKD1",2009,1,0
"DEB1",2010,0,1
"NL13",2012,0,2
"ITC2",2016,0,1
"UKF2",2009,0,1
"BE25",2010,2,2
"UKD1",2010,1,0
"SE32",2009,1,0
"ITF5",2009,1,0
"ITI2",2014,0,1
"UKF2",2010,1,0
