"nuts2","year","pop","pop_im"
"AT11",2009,NA,291522.940067514
"AT11",2010,283697,283697
"AT11",2011,284581,284581
"AT11",2012,285782,285782
"AT11",2013,286691,286691
"AT11",2014,287416,287416
"AT11",2015,288356,288356
"AT11",2016,291011,291011
"AT11",2017,291942,291942
"AT11",2018,292675,292675
"AT11",2019,293433,293433
"AT11",2020,294436,294436
"AT12",2009,NA,1593381.18044094
"AT12",2010,1605897,1605897
"AT12",2011,1609474,1609474
"AT12",2012,1614455,1614455
"AT12",2013,1618592,1618592
"AT12",2014,1625485,1625485
"AT12",2015,1636778,1636778
"AT12",2016,1653691,1653691
"AT12",2017,1665753,1665753
"AT12",2018,1670668,1670668
"AT12",2019,1677542,1677542
"AT12",2020,1684287,1684287
"AT13",2009,NA,1656926.90386359
"AT13",2010,1689995,1689995
"AT13",2011,1702855,1702855
"AT13",2012,1717084,1717084
"AT13",2013,1741246,1741246
"AT13",2014,1766746,1766746
"AT13",2015,1797337,1797337
"AT13",2016,1840226,1840226
"AT13",2017,1867582,1867582
"AT13",2018,1888776,1888776
"AT13",2019,1897491,1897491
"AT13",2020,1911191,1911191
"AT21",2009,NA,548923.370539423
"AT21",2010,557998,557998
"AT21",2011,556718,556718
"AT21",2012,556027,556027
"AT21",2013,555473,555473
"AT21",2014,555881,555881
"AT21",2015,557641,557641
"AT21",2016,560482,560482
"AT21",2017,561077,561077
"AT21",2018,560898,560898
"AT21",2019,560939,560939
"AT21",2020,561293,561293
"AT22",2009,NA,1199323.31740219
"AT22",2010,1205045,1205045
"AT22",2011,1206611,1206611
"AT22",2012,1208696,1208696
"AT22",2013,1210971,1210971
"AT22",2014,1215246,1215246
"AT22",2015,1221570,1221570
"AT22",2016,1232012,1232012
"AT22",2017,1237298,1237298
"AT22",2018,1240214,1240214
"AT22",2019,1243052,1243052
"AT22",2020,1246395,1246395
"AT31",2009,NA,1395139.14740782
"AT31",2010,1409253,1409253
"AT31",2011,1410222,1410222
"AT31",2012,1413866,1413866
"AT31",2013,1418498,1418498
"AT31",2014,1425422,1425422
"AT31",2015,1437251,1437251
"AT31",2016,1453948,1453948
"AT31",2017,1465045,1465045
"AT31",2018,1473576,1473576
"AT31",2019,1482095,1482095
"AT31",2020,1490279,1490279
"AT32",2009,NA,528459.698414563
"AT32",2010,526730,526730
"AT32",2011,527886,527886
"AT32",2012,529704,529704
"AT32",2013,531898,531898
"AT32",2014,534270,534270
"AT32",2015,538575,538575
"AT32",2016,545815,545815
"AT32",2017,549263,549263
"AT32",2018,552579,552579
"AT32",2019,555221,555221
"AT32",2020,558410,558410
"AT33",2009,NA,696605.186501091
"AT33",2010,704662,704662
"AT33",2011,707517,707517
"AT33",2012,711581,711581
"AT33",2013,715888,715888
"AT33",2014,722038,722038
"AT33",2015,728826,728826
"AT33",2016,739139,739139
"AT33",2017,746153,746153
"AT33",2018,751140,751140
"AT33",2019,754705,754705
"AT33",2020,757634,757634
"AT34",2009,NA,366056.324504894
"AT34",2010,368366,368366
"AT34",2011,369300,369300
"AT34",2012,370926,370926
"AT34",2013,372603,372603
"AT34",2014,375282,375282
"AT34",2015,378592,378592
"AT34",2016,384147,384147
"AT34",2017,388752,388752
"AT34",2018,391741,391741
"AT34",2019,394297,394297
"AT34",2020,397139,397139
"BE10",2009,NA,1112553.57853865
"BE10",2010,1089538,1089538
"BE10",2011,1136778,1136778
"BE10",2012,1151317,1151317
"BE10",2013,1165208,1165208
"BE10",2014,1172751,1172751
"BE10",2015,1184101,1184101
"BE10",2016,1201285,1201285
"BE10",2017,1199095,1199095
"BE10",2018,1205492,1205492
"BE10",2019,1215290,1215290
"BE10",2020,1223364,1223364
"BE21",2009,NA,1744708.3564926
"BE21",2010,1744862,1744862
"BE21",2011,1773267,1773267
"BE21",2012,1787490,1787490
"BE21",2013,1798605,1798605
"BE21",2014,1806634,1806634
"BE21",2015,1817033,1817033
"BE21",2016,1828927,1828927
"BE21",2017,1838863,1838863
"BE21",2018,1849523,1849523
"BE21",2019,1860470,1860470
"BE21",2020,1873095,1873095
"BE22",2009,NA,841861.531813813
"BE22",2010,838505,838505
"BE22",2011,846851,846851
"BE22",2012,851558,851558
"BE22",2013,855213,855213
"BE22",2014,857844,857844
"BE22",2015,861380,861380
"BE22",2016,866970,866970
"BE22",2017,869664,869664
"BE22",2018,872739,872739
"BE22",2019,875842,875842
"BE22",2020,880602,880602
"BE23",2009,NA,1423700.16071221
"BE23",2010,1432326,1432326
"BE23",2011,1448928,1448928
"BE23",2012,1457428,1457428
"BE23",2013,1463614,1463614
"BE23",2014,1471126,1471126
"BE23",2015,1479049,1479049
"BE23",2016,1489084,1489084
"BE23",2017,1498483,1498483
"BE23",2018,1506232,1506232
"BE23",2019,1516283,1516283
"BE23",2020,1526486,1526486
"BE24",2009,NA,1073456.57103551
"BE24",2010,1076924,1076924
"BE24",2011,1088692,1088692
"BE24",2012,1096284,1096284
"BE24",2013,1102907,1102907
"BE24",2014,1108408,1108408
"BE24",2015,1114590,1114590
"BE24",2016,1122600,1122600
"BE24",2017,1130644,1130644
"BE24",2018,1138546,1138546
"BE24",2019,1146643,1146643
"BE24",2020,1156470,1156470
"BE25",2009,NA,1154291.09681558
"BE25",2010,1159366,1159366
"BE25",2011,1168002,1168002
"BE25",2012,1172795,1172795
"BE25",2013,1175903,1175903
"BE25",2014,1177935,1177935
"BE25",2015,1180957,1180957
"BE25",2016,1184418,1184418
"BE25",2017,1188407,1188407
"BE25",2018,1192254,1192254
"BE25",2019,1196995,1196995
"BE25",2020,1202352,1202352
"BE31",2009,NA,377807.567063321
"BE31",2010,379515,379515
"BE31",2011,383648,383648
"BE31",2012,386683,386683
"BE31",2013,389308,389308
"BE31",2014,391609,391609
"BE31",2015,394344,394344
"BE31",2016,397745,397745
"BE31",2017,399735,399735
"BE31",2018,401508,401508
"BE31",2019,404270,404270
"BE31",2020,406794,406794
"BE32",2009,NA,1313128.55777038
"BE32",2010,1309880,1309880
"BE32",2011,1319745,1319745
"BE32",2012,1325819,1325819
"BE32",2013,1331455,1331455
"BE32",2014,1334423,1334423
"BE32",2015,1337780,1337780
"BE32",2016,1341267,1341267
"BE32",2017,1342053,1342053
"BE32",2018,1343756,1343756
"BE32",2019,1346082,1346082
"BE32",2020,1350295,1350295
"BE33",2009,NA,1068684.27243177
"BE33",2010,1067685,1067685
"BE33",2011,1082136,1082136
"BE33",2012,1088074,1088074
"BE33",2013,1093191,1093191
"BE33",2014,1095661,1095661
"BE33",2015,1098903,1098903
"BE33",2016,1103490,1103490
"BE33",2017,1106039,1106039
"BE33",2018,1108371,1108371
"BE33",2019,1110068,1110068
"BE33",2020,1113943,1113943
"BE34",2009,NA,269892.252054457
"BE34",2010,269023,269023
"BE34",2011,273205,273205
"BE34",2012,275713,275713
"BE34",2013,277690,277690
"BE34",2014,278219,278219
"BE34",2015,280261,280261
"BE34",2016,283257,283257
"BE34",2017,284617,284617
"BE34",2018,285010,285010
"BE34",2019,286685,286685
"BE34",2020,289606,289606
"BE35",2009,NA,468885.763708457
"BE35",2010,472281,472281
"BE35",2011,479386,479386
"BE35",2012,482728,482728
"BE35",2013,484880,484880
"BE35",2014,486230,486230
"BE35",2015,488876,488876
"BE35",2016,492074,492074
"BE35",2017,494127,494127
"BE35",2018,495158,495158
"BE35",2019,496891,496891
"BE35",2020,499433,499433
"BG31",2009,NA,875920.192960253
"BG31",2010,865332,865332
"BG31",2011,848230,848230
"BG31",2012,836601,836601
"BG31",2013,823469,823469
"BG31",2014,810401,810401
"BG31",2015,797142,797142
"BG31",2016,783909,783909
"BG31",2017,769623,769623
"BG31",2018,755956,755956
"BG31",2019,742304,742304
"BG31",2020,728157,728157
"BG32",2009,NA,873068.622109386
"BG32",2010,873801,873801
"BG32",2011,862120,862120
"BG32",2012,853468,853468
"BG32",2013,844511,844511
"BG32",2014,835813,835813
"BG32",2015,825536,825536
"BG32",2016,815441,815441
"BG32",2017,805441,805441
"BG32",2018,794998,794998
"BG32",2019,784168,784168
"BG32",2020,773450,773450
"BG33",2009,NA,979723.323910675
"BG33",2010,971932,971932
"BG33",2011,966328,966328
"BG33",2012,961965,961965
"BG33",2013,957460,957460
"BG33",2014,954536,954536
"BG33",2015,949957,949957
"BG33",2016,944458,944458
"BG33",2017,939262,939262
"BG33",2018,933705,933705
"BG33",2019,929035,929035
"BG33",2020,924870,924870
"BG34",2009,NA,1086860.28910768
"BG34",2010,1087181,1087181
"BG34",2011,1078597,1078597
"BG34",2012,1072850,1072850
"BG34",2013,1067981,1067981
"BG34",2014,1063690,1063690
"BG34",2015,1058515,1058515
"BG34",2016,1052575,1052575
"BG34",2017,1046125,1046125
"BG34",2018,1039549,1039549
"BG34",2019,1032079,1032079
"BG34",2020,1024115,1024115
"BG41",2009,NA,2146871.51297057
"BG41",2010,2132634,2132634
"BG41",2011,2133731,2133731
"BG41",2012,2131233,2131233
"BG41",2013,2128783,2128783
"BG41",2014,2127618,2127618
"BG41",2015,2125212,2125212
"BG41",2016,2121185,2121185
"BG41",2017,2115344,2115344
"BG41",2018,2108394,2108394
"BG41",2019,2102205,2102205
"BG41",2020,2094260,2094260
"BG42",2009,NA,1494434.74550592
"BG42",2010,1490886,1490886
"BG42",2011,1480425,1480425
"BG42",2012,1471107,1471107
"BG42",2013,1462348,1462348
"BG42",2014,1453619,1453619
"BG42",2015,1445836,1445836
"BG42",2016,1436216,1436216
"BG42",2017,1426064,1426064
"BG42",2018,1417432,1417432
"BG42",2019,1410248,1410248
"BG42",2020,1406630,1406630
"CH01",2009,NA,1440392.85253353
"CH01",2010,1462210,1462210
"CH01",2011,1483680,1483680
"CH01",2012,1503500,1503500
"CH01",2013,1519189,1519189
"CH01",2014,1545817,1545817
"CH01",2015,1570594,1570594
"CH01",2016,1593839,1593839
"CH01",2017,1613522,1613522
"CH01",2018,1629841,1629841
"CH01",2019,1642580,1642580
"CH01",2020,1654751,1654751
"CH02",2009,NA,1709659.52877064
"CH02",2010,1741923,1741923
"CH02",2011,1755696,1755696
"CH02",2012,1770429,1770429
"CH02",2013,1788791,1788791
"CH02",2014,1808480,1808480
"CH02",2015,1826251,1826251
"CH02",2016,1842251,1842251
"CH02",2017,1859557,1859557
"CH02",2018,1868886,1868886
"CH02",2019,1877154,1877154
"CH02",2020,1886584,1886584
"CH03",2009,NA,1052760.46741051
"CH03",2010,1060753,1060753
"CH03",2011,1070820,1070820
"CH03",2012,1079913,1079913
"CH03",2013,1091302,1091302
"CH03",2014,1104353,1104353
"CH03",2015,1117158,1117158
"CH03",2016,1128723,1128723
"CH03",2017,1142156,1142156
"CH03",2018,1151919,1151919
"CH03",2019,1161105,1161105
"CH03",2020,1171157,1171157
"CH04",2009,NA,1330235.21681856
"CH04",2010,1351297,1351297
"CH04",2011,1373068,1373068
"CH04",2012,1392396,1392396
"CH04",2013,1408575,1408575
"CH04",2014,1425538,1425538
"CH04",2015,1446354,1446354
"CH04",2016,1466424,1466424
"CH04",2017,1487969,1487969
"CH04",2018,1504346,1504346
"CH04",2019,1520968,1520968
"CH04",2020,1539275,1539275
"CH05",2009,NA,1088728.05522451
"CH05",2010,1094202,1094202
"CH05",2011,1103641,1103641
"CH05",2012,1113929,1113929
"CH05",2013,1123672,1123672
"CH05",2014,1134781,1134781
"CH05",2015,1144572,1144572
"CH05",2016,1153485,1153485
"CH05",2017,1162684,1162684
"CH05",2018,1169358,1169358
"CH05",2019,1176321,1176321
"CH05",2020,1183813,1183813
"CH06",2009,NA,725168.272380947
"CH06",2010,739701,739701
"CH06",2011,749476,749476
"CH06",2012,757552,757552
"CH06",2013,765879,765879
"CH06",2014,774123,774123
"CH06",2015,782374,782374
"CH06",2016,790458,790458
"CH06",2017,799287,799287
"CH06",2018,806071,806071
"CH06",2019,813056,813056
"CH06",2020,818962,818962
"CH07",2009,NA,325302.178008988
"CH07",2010,335720,335720
"CH07",2011,333753,333753
"CH07",2012,336943,336943
"CH07",2013,341652,341652
"CH07",2014,346539,346539
"CH07",2015,350363,350363
"CH07",2016,351946,351946
"CH07",2017,354375,354375
"CH07",2018,353709,353709
"CH07",2019,353343,353343
"CH07",2020,351491,351491
"CY00",2009,NA,824759.077577206
"CY00",2010,819140,819140
"CY00",2011,839751,839751
"CY00",2012,862011,862011
"CY00",2013,865878,865878
"CY00",2014,858000,858000
"CY00",2015,847008,847008
"CY00",2016,848319,848319
"CY00",2017,854802,854802
"CY00",2018,864236,864236
"CY00",2019,875899,875899
"CY00",2020,888005,888005
"CZ01",2009,NA,1225144.19759176
"CZ01",2010,1227932,1227932
"CZ01",2011,1234037,1234037
"CZ01",2012,1241664,1241664
"CZ01",2013,1246780,1246780
"CZ01",2014,1243201,1243201
"CZ01",2015,1259079,1259079
"CZ01",2016,1267449,1267449
"CZ01",2017,1280508,1280508
"CZ01",2018,1294513,1294513
"CZ01",2019,1308632,1308632
"CZ01",2020,1324277,1324277
"CZ02",2009,NA,1240645.80455688
"CZ02",2010,1247330,1247330
"CZ02",2011,1264986,1264986
"CZ02",2012,1279345,1279345
"CZ02",2013,1291816,1291816
"CZ02",2014,1302336,1302336
"CZ02",2015,1315299,1315299
"CZ02",2016,1326876,1326876
"CZ02",2017,1338982,1338982
"CZ02",2018,1352795,1352795
"CZ02",2019,1369332,1369332
"CZ02",2020,1385141,1385141
"CZ03",2009,NA,1204763.69591335
"CZ03",2010,1205834,1205834
"CZ03",2011,1207027,1207027
"CZ03",2012,1207847,1207847
"CZ03",2013,1209298,1209298
"CZ03",2014,1210176,1210176
"CZ03",2015,1212423,1212423
"CZ03",2016,1214450,1214450
"CZ03",2017,1217411,1217411
"CZ03",2018,1221012,1221012
"CZ03",2019,1226805,1226805
"CZ03",2020,1233982,1233982
"CZ04",2009,NA,1132579.78451258
"CZ04",2010,1133425,1133425
"CZ04",2011,1132252,1132252
"CZ04",2012,1131191,1131191
"CZ04",2013,1128490,1128490
"CZ04",2014,1125429,1125429
"CZ04",2015,1123265,1123265
"CZ04",2016,1120654,1120654
"CZ04",2017,1118126,1118126
"CZ04",2018,1116766,1116766
"CZ04",2019,1115685,1115685
"CZ04",2020,1115629,1115629
"CZ05",2009,NA,1512007.86883787
"CZ05",2010,1506467,1506467
"CZ05",2011,1508735,1508735
"CZ05",2012,1508867,1508867
"CZ05",2013,1507980,1507980
"CZ05",2014,1506503,1506503
"CZ05",2015,1506813,1506813
"CZ05",2016,1507209,1507209
"CZ05",2017,1508527,1508527
"CZ05",2018,1510726,1510726
"CZ05",2019,1513693,1513693
"CZ05",2020,1517999,1517999
"CZ06",2009,NA,1666424.94879684
"CZ06",2010,1671993,1671993
"CZ06",2011,1675872,1675872
"CZ06",2012,1678250,1678250
"CZ06",2013,1679857,1679857
"CZ06",2014,1680287,1680287
"CZ06",2015,1682748,1682748
"CZ06",2016,1684500,1684500
"CZ06",2017,1687764,1687764
"CZ06",2018,1692123,1692123
"CZ06",2019,1696941,1696941
"CZ06",2020,1701802,1701802
"CZ07",2009,NA,1232073.07890083
"CZ07",2010,1229931,1229931
"CZ07",2011,1229117,1229117
"CZ07",2012,1227668,1227668
"CZ07",2013,1225302,1225302
"CZ07",2014,1222655,1222655
"CZ07",2015,1220972,1220972
"CZ07",2016,1219394,1219394
"CZ07",2017,1217623,1217623
"CZ07",2018,1216234,1216234
"CZ07",2019,1215413,1215413
"CZ07",2020,1214570,1214570
"CZ08",2009,NA,1252144.64624544
"CZ08",2010,1239176,1239176
"CZ08",2011,1234705,1234705
"CZ08",2012,1230613,1230613
"CZ08",2013,1226602,1226602
"CZ08",2014,1221832,1221832
"CZ08",2015,1217676,1217676
"CZ08",2016,1213311,1213311
"CZ08",2017,1209879,1209879
"CZ08",2018,1205886,1205886
"CZ08",2019,1203299,1203299
"CZ08",2020,1200539,1200539
"DE11",2009,NA,3892106.45936097
"DE11",2010,4000848,4000848
"DE11",2011,3910637,3910637
"DE11",2012,3924922,3924922
"DE11",2013,3947568,3947568
"DE11",2014,3972881,3972881
"DE11",2015,4008288,4008288
"DE11",2016,4069533,4069533
"DE11",2017,4098278,4098278
"DE11",2018,4126688,4126688
"DE11",2019,4143418,4143418
"DE11",2020,4154223,4154223
"DE12",2009,NA,2660763.19343399
"DE12",2010,2740503,2740503
"DE12",2011,2663588,2663588
"DE12",2012,2671524,2671524
"DE12",2013,2686573,2686573
"DE12",2014,2702831,2702831
"DE12",2015,2721266,2721266
"DE12",2016,2761977,2761977
"DE12",2017,2779314,2779314
"DE12",2018,2795783,2795783
"DE12",2019,2805129,2805129
"DE12",2020,2810854,2810854
"DE13",2009,NA,2125791.71576474
"DE13",2010,2196018,2196018
"DE13",2011,2142723,2142723
"DE13",2012,2150906,2150906
"DE13",2013,2162340,2162340
"DE13",2014,2174500,2174500
"DE13",2015,2191622,2191622
"DE13",2016,2224535,2224535
"DE13",2017,2239734,2239734
"DE13",2018,2254674,2254674
"DE13",2019,2264469,2264469
"DE13",2020,2271351,2271351
"DE14",2009,NA,1762673.39428017
"DE14",2010,1807552,1807552
"DE14",2011,1761557,1761557
"DE14",2012,1765089,1765089
"DE14",2013,1772630,1772630
"DE14",2014,1781066,1781066
"DE14",2015,1795468,1795468
"DE14",2016,1823573,1823573
"DE14",2017,1834567,1834567
"DE14",2018,1846280,1846280
"DE14",2019,1856517,1856517
"DE14",2020,1863966,1863966
"DE21",2009,NA,4271841.57676352
"DE21",2010,4346465,4346465
"DE21",2011,4313946,4313946
"DE21",2012,4363176,4363176
"DE21",2013,4415649,4415649
"DE21",2014,4469342,4469342
"DE21",2015,4519979,4519979
"DE21",2016,4588944,4588944
"DE21",2017,4633323,4633323
"DE21",2018,4649534,4649534
"DE21",2019,4686163,4686163
"DE21",2020,4710865,4710865
"DE22",2009,NA,1163269.146928
"DE22",2010,1189194,1189194
"DE22",2011,1172475,1172475
"DE22",2012,1175923,1175923
"DE22",2013,1181472,1181472
"DE22",2014,1189153,1189153
"DE22",2015,1197558,1197558
"DE22",2016,1212119,1212119
"DE22",2017,1219397,1219397
"DE22",2018,1230037,1230037
"DE22",2019,1238528,1238528
"DE22",2020,1244169,1244169
"DE23",2009,NA,1047161.27881684
"DE23",2010,1081417,1081417
"DE23",2011,1071424,1071424
"DE23",2012,1072091,1072091
"DE23",2013,1074738,1074738
"DE23",2014,1077991,1077991
"DE23",2015,1082761,1082761
"DE23",2016,1092339,1092339
"DE23",2017,1098378,1098378
"DE23",2018,1104407,1104407
"DE23",2019,1109269,1109269
"DE23",2020,1112102,1112102
"DE24",2009,NA,1065071.03688981
"DE24",2010,1076400,1076400
"DE24",2011,1065322,1065322
"DE24",2012,1061573,1061573
"DE24",2013,1058711,1058711
"DE24",2014,1056365,1056365
"DE24",2015,1055955,1055955
"DE24",2016,1059358,1059358
"DE24",2017,1062394,1062394
"DE24",2018,1066840,1066840
"DE24",2019,1067482,1067482
"DE24",2020,1065371,1065371
"DE25",2009,NA,1659735.02788393
"DE25",2010,1710145,1710145
"DE25",2011,1679849,1679849
"DE25",2012,1688414,1688414
"DE25",2013,1698515,1698515
"DE25",2014,1707376,1707376
"DE25",2015,1715195,1715195
"DE25",2016,1738686,1738686
"DE25",2017,1750059,1750059
"DE25",2018,1759643,1759643
"DE25",2019,1770401,1770401
"DE25",2020,1775169,1775169
"DE26",2009,NA,1304689.91889273
"DE26",2010,1321957,1321957
"DE26",2011,1302144,1302144
"DE26",2012,1299076,1299076
"DE26",2013,1297727,1297727
"DE26",2014,1297992,1297992
"DE26",2015,1298849,1298849
"DE26",2016,1306048,1306048
"DE26",2017,1309209,1309209
"DE26",2018,1313375,1313375
"DE26",2019,1317124,1317124
"DE26",2020,1317619,1317619
"DE27",2009,NA,1737151.13992782
"DE27",2010,1784753,1784753
"DE27",2011,1778244,1778244
"DE27",2012,1783119,1783119
"DE27",2013,1792759,1792759
"DE27",2014,1806025,1806025
"DE27",2015,1821271,1821271
"DE27",2016,1846020,1846020
"DE27",2017,1857991,1857991
"DE27",2018,1873368,1873368
"DE27",2019,1887754,1887754
"DE27",2020,1899442,1899442
"DE30",2009,NA,3221897.12059058
"DE30",2010,3442675,3442675
"DE30",2011,3278346,3278346
"DE30",2012,3326002,3326002
"DE30",2013,3375222,3375222
"DE30",2014,3421829,3421829
"DE30",2015,3469849,3469849
"DE30",2016,3520031,3520031
"DE30",2017,3574830,3574830
"DE30",2018,3613495,3613495
"DE30",2019,3644826,3644826
"DE30",2020,3669491,3669491
"DE40",2009,NA,2454297.61986579
"DE40",2010,2511525,2511525
"DE40",2011,2461242,2461242
"DE40",2012,2453180,2453180
"DE40",2013,2449511,2449511
"DE40",2014,2449193,2449193
"DE40",2015,2457872,2457872
"DE40",2016,2484826,2484826
"DE40",2017,2494648,2494648
"DE40",2018,2504040,2504040
"DE40",2019,2511917,2511917
"DE40",2020,2521893,2521893
"DE50",2009,NA,640838.929449594
"DE50",2010,661716,661716
"DE50",2011,651467,651467
"DE50",2012,652182,652182
"DE50",2013,654774,654774
"DE50",2014,657391,657391
"DE50",2015,661888,661888
"DE50",2016,671489,671489
"DE50",2017,678753,678753
"DE50",2018,681032,681032
"DE50",2019,682986,682986
"DE50",2020,681202,681202
"DE60",2009,NA,1699649.23599307
"DE60",2010,1774224,1774224
"DE60",2011,1705700,1705700
"DE60",2012,1718187,1718187
"DE60",2013,1734272,1734272
"DE60",2014,1746342,1746342
"DE60",2015,1762791,1762791
"DE60",2016,1787408,1787408
"DE60",2017,1810438,1810438
"DE60",2018,1830584,1830584
"DE60",2019,1841179,1841179
"DE60",2020,1847253,1847253
"DE71",2009,NA,3699651.38703232
"DE71",2010,3792941,3792941
"DE71",2011,3734199,3734199
"DE71",2012,3763611,3763611
"DE71",2013,3791381,3791381
"DE71",2014,3822479,3822479
"DE71",2015,3863818,3863818
"DE71",2016,3922369,3922369
"DE71",2017,3951234,3951234
"DE71",2018,3978050,3978050
"DE71",2019,3998724,3998724
"DE71",2020,4019961,4019961
"DE72",2009,NA,1039518.66816626
"DE72",2010,1044269,1044269
"DE72",2011,1027159,1027159
"DE72",2012,1025525,1025525
"DE72",2013,1023277,1023277
"DE72",2014,1023150,1023150
"DE72",2015,1029020,1029020
"DE72",2016,1040091,1040091
"DE72",2017,1043643,1043643
"DE72",2018,1045807,1045807
"DE72",2019,1047262,1047262
"DE72",2020,1048646,1048646
"DE73",2009,NA,1208293.60609942
"DE73",2010,1224741,1224741
"DE73",2011,1208050,1208050
"DE73",2012,1204635,1204635
"DE73",2013,1201823,1201823
"DE73",2014,1199796,1199796
"DE73",2015,1201050,1201050
"DE73",2016,1213712,1213712
"DE73",2017,1218211,1218211
"DE73",2018,1219405,1219405
"DE73",2019,1219823,1219823
"DE73",2020,1219473,1219473
"DE80",2009,NA,1601549.02723952
"DE80",2010,1651216,1651216
"DE80",2011,1614789,1614789
"DE80",2012,1606899,1606899
"DE80",2013,1600327,1600327
"DE80",2014,1596505,1596505
"DE80",2015,1599138,1599138
"DE80",2016,1612362,1612362
"DE80",2017,1610674,1610674
"DE80",2018,1611119,1611119
"DE80",2019,1609675,1609675
"DE80",2020,1608138,1608138
"DE91",2009,NA,1586197.60662261
"DE91",2010,1616720,1616720
"DE91",2011,1579623,1579623
"DE91",2012,1575968,1575968
"DE91",2013,1574527,1574527
"DE91",2014,1574936,1574936
"DE91",2015,1579754,1579754
"DE91",2016,1598164,1598164
"DE91",2017,1595609,1595609
"DE91",2018,1595734,1595734
"DE91",2019,1596396,1596396
"DE91",2020,1594929,1594929
"DE92",2009,NA,2111355.40084489
"DE92",2010,2142440,2142440
"DE92",2011,2093945,2093945
"DE92",2012,2093431,2093431
"DE92",2013,2094931,2094931
"DE92",2014,2099079,2099079
"DE92",2015,2108413,2108413
"DE92",2016,2132290,2132290
"DE92",2017,2139976,2139976
"DE92",2018,2144120,2144120
"DE92",2019,2149805,2149805
"DE92",2020,2148238,2148238
"DE93",2009,NA,1669235.44382534
"DE93",2010,1693654,1693654
"DE93",2011,1669999,1669999
"DE93",2012,1667127,1667127
"DE93",2013,1667332,1667332
"DE93",2014,1670199,1670199
"DE93",2015,1677715,1677715
"DE93",2016,1699969,1699969
"DE93",2017,1703945,1703945
"DE93",2018,1706464,1706464
"DE93",2019,1710914,1710914
"DE93",2020,1716448,1716448
"DE94",2009,NA,2415505.62365449
"DE94",2010,2476001,2476001
"DE94",2011,2435261,2435261
"DE94",2012,2437727,2437727
"DE94",2013,2442205,2442205
"DE94",2014,2446345,2446345
"DE94",2015,2460857,2460857
"DE94",2016,2496176,2496176
"DE94",2017,2506155,2506155
"DE94",2018,2516457,2516457
"DE94",2019,2525333,2525333
"DE94",2020,2533993,2533993
"DEA1",2009,NA,5045599.30092147
"DEA1",2010,5172839,5172839
"DEA1",2011,5081231,5081231
"DEA1",2012,5077103,5077103
"DEA1",2013,5081061,5081061
"DEA1",2014,5088748,5088748
"DEA1",2015,5108290,5108290
"DEA1",2016,5173623,5173623
"DEA1",2017,5190790,5190790
"DEA1",2018,5198820,5198820
"DEA1",2019,5202321,5202321
"DEA1",2020,5207457,5207457
"DEA2",2009,NA,4282282.54021396
"DEA2",2010,4383044,4383044
"DEA2",2011,4282911,4282911
"DEA2",2012,4299064,4299064
"DEA2",2013,4315912,4315912
"DEA2",2014,4333015,4333015
"DEA2",2015,4361724,4361724
"DEA2",2016,4422371,4422371
"DEA2",2017,4439416,4439416
"DEA2",2018,4454228,4454228
"DEA2",2019,4468904,4468904
"DEA2",2020,4478847,4478847
"DEA3",2009,NA,2578652.15620619
"DEA3",2010,2597636,2597636
"DEA3",2011,2568358,2568358
"DEA3",2012,2572221,2572221
"DEA3",2013,2572390,2572390
"DEA3",2014,2574148,2574148
"DEA3",2015,2580664,2580664
"DEA3",2016,2614229,2614229
"DEA3",2017,2619376,2619376
"DEA3",2018,2621153,2621153
"DEA3",2019,2623619,2623619
"DEA3",2020,2624625,2624625
"DEA4",2009,NA,2026594.66032719
"DEA4",2010,2043212,2043212
"DEA4",2011,2031337,2031337
"DEA4",2012,2027126,2027126
"DEA4",2013,2025415,2025415
"DEA4",2014,2024392,2024392
"DEA4",2015,2029648,2029648
"DEA4",2016,2057996,2057996
"DEA4",2017,2054205,2054205
"DEA4",2018,2054343,2054343
"DEA4",2019,2055310,2055310
"DEA4",2020,2055724,2055724
"DEA5",2009,NA,3587102.2480747
"DEA5",2010,3676032,3676032
"DEA5",2011,3581355,3581355
"DEA5",2012,3569424,3569424
"DEA5",2013,3559551,3559551
"DEA5",2014,3551553,3551553
"DEA5",2015,3557772,3557772
"DEA5",2016,3597297,3597297
"DEA5",2017,3586313,3586313
"DEA5",2018,3583590,3583590
"DEA5",2019,3582497,3582497
"DEA5",2020,3580568,3580568
"DEB1",2009,NA,1466268.73616119
"DEB1",2010,1490711,1490711
"DEB1",2011,1486160,1486160
"DEB1",2012,1480166,1480166
"DEB1",2013,1476237,1476237
"DEB1",2014,1474378,1474378
"DEB1",2015,1477202,1477202
"DEB1",2016,1488308,1488308
"DEB1",2017,1492187,1492187
"DEB1",2018,1493055,1493055
"DEB1",2019,1495885,1495885
"DEB1",2020,1498223,1498223
"DEB2",2009,NA,504107.703811062
"DEB2",2010,513794,513794
"DEB2",2011,518554,518554
"DEB2",2012,518370,518370
"DEB2",2013,518289,518289
"DEB2",2014,519136,519136
"DEB2",2015,521863,521863
"DEB2",2016,532715,532715
"DEB2",2017,528728,528728
"DEB2",2018,529597,529597
"DEB2",2019,531007,531007
"DEB2",2020,533113,533113
"DEB3",2009,NA,1976011.01410042
"DEB3",2010,2008170,2008170
"DEB3",2011,1989471,1989471
"DEB3",2012,1991497,1991497
"DEB3",2013,1995752,1995752
"DEB3",2014,2000852,2000852
"DEB3",2015,2012517,2012517
"DEB3",2016,2031780,2031780
"DEB3",2017,2045138,2045138
"DEB3",2018,2051027,2051027
"DEB3",2019,2057952,2057952
"DEB3",2020,2062567,2062567
"DEC0",2009,NA,1003552.48274368
"DEC0",2010,1022585,1022585
"DEC0",2011,1001879,1001879
"DEC0",2012,997855,997855
"DEC0",2013,994287,994287
"DEC0",2014,990718,990718
"DEC0",2015,989035,989035
"DEC0",2016,995597,995597
"DEC0",2017,996651,996651
"DEC0",2018,994187,994187
"DEC0",2019,990509,990509
"DEC0",2020,986887,986887
"DED2",2009,NA,1602727.8011609
"DED2",2010,1631486,1631486
"DED2",2011,1594568,1594568
"DED2",2012,1591710,1591710
"DED2",2013,1591320,1591320
"DED2",2014,1590927,1590927
"DED2",2015,1592765,1592765
"DED2",2016,1602754,1602754
"DED2",2017,1600155,1600155
"DED2",2018,1598573,1598573
"DED2",2019,1598199,1598199
"DED2",2020,1596566,1596566
"DED4",2009,NA,1526377.57171221
"DED4",2010,NA,1504993.03356465
"DED4",2011,1505254,1505254
"DED4",2012,1491442,1491442
"DED4",2013,1480210,1480210
"DED4",2014,1468954,1468954
"DED4",2015,1463341,1463341
"DED4",2016,1465612,1465612
"DED4",2017,1454144,1454144
"DED4",2018,1444953,1444953
"DED4",2019,1436445,1436445
"DED4",2020,1426380,1426380
"DED5",2009,NA,942161.264553298
"DED5",2010,NA,950229.06609852
"DED5",2011,966434,966434
"DED5",2012,971030,971030
"DED5",2013,978674,978674
"DED5",2014,986504,986504
"DED5",2015,999168,999168
"DED5",2016,1016485,1016485
"DED5",2017,1027484,1027484
"DED5",2018,1037782,1037782
"DED5",2019,1043293,1043293
"DED5",2020,1049025,1049025
"DEE0",2009,NA,2325113.88728091
"DEE0",2010,2356219,2356219
"DEE0",2011,2297386,2297386
"DEE0",2012,2276736,2276736
"DEE0",2013,2259393,2259393
"DEE0",2014,2244577,2244577
"DEE0",2015,2235548,2235548
"DEE0",2016,2245470,2245470
"DEE0",2017,2236252,2236252
"DEE0",2018,2223081,2223081
"DEE0",2019,2208321,2208321
"DEE0",2020,2194782,2194782
"DEF0",2009,NA,2756782.32214169
"DEF0",2010,2832027,2832027
"DEF0",2011,2800134,2800134
"DEF0",2012,2802266,2802266
"DEF0",2013,2806531,2806531
"DEF0",2014,2815955,2815955
"DEF0",2015,2830864,2830864
"DEF0",2016,2858714,2858714
"DEF0",2017,2881926,2881926
"DEF0",2018,2889821,2889821
"DEF0",2019,2896712,2896712
"DEF0",2020,2903773,2903773
"DEG0",2009,NA,2203713.87088763
"DEG0",2010,2249882,2249882
"DEG0",2011,2195344,2195344
"DEG0",2012,2181603,2181603
"DEG0",2013,2170460,2170460
"DEG0",2014,2160840,2160840
"DEG0",2015,2156759,2156759
"DEG0",2016,2170714,2170714
"DEG0",2017,2158128,2158128
"DEG0",2018,2151205,2151205
"DEG0",2019,2143145,2143145
"DEG0",2020,2133378,2133378
"DK01",2009,NA,1662187.24692492
"DK01",2010,1680271,1680271
"DK01",2011,1699387,1699387
"DK01",2012,1714589,1714589
"DK01",2013,1732068,1732068
"DK01",2014,1749405,1749405
"DK01",2015,1768125,1768125
"DK01",2016,1789174,1789174
"DK01",2017,1807404,1807404
"DK01",2018,1822659,1822659
"DK01",2019,1835562,1835562
"DK01",2020,1846023,1846023
"DK02",2009,NA,801739.245763825
"DK02",2010,820564,820564
"DK02",2011,819763,819763
"DK02",2012,817907,817907
"DK02",2013,816359,816359
"DK02",2014,816726,816726
"DK02",2015,820480,820480
"DK02",2016,827499,827499
"DK02",2017,832553,832553
"DK02",2018,835024,835024
"DK02",2019,836738,836738
"DK02",2020,837359,837359
"DK03",2009,NA,1202152.480434
"DK03",2010,1200277,1200277
"DK03",2011,1200656,1200656
"DK03",2012,1201342,1201342
"DK03",2013,1201419,1201419
"DK03",2014,1202509,1202509
"DK03",2015,1205728,1205728
"DK03",2016,1211770,1211770
"DK03",2017,1217224,1217224
"DK03",2018,1220763,1220763
"DK03",2019,1223348,1223348
"DK03",2020,1223105,1223105
"DK04",2009,NA,1255331.19699419
"DK04",2010,1253998,1253998
"DK04",2011,1260993,1260993
"DK04",2012,1266682,1266682
"DK04",2013,1272510,1272510
"DK04",2014,1277538,1277538
"DK04",2015,1282750,1282750
"DK04",2016,1293309,1293309
"DK04",2017,1304253,1304253
"DK04",2018,1313596,1313596
"DK04",2019,1320678,1320678
"DK04",2020,1326340,1326340
"DK05",2009,NA,564975.362754804
"DK05",2010,579628,579628
"DK05",2011,579829,579829
"DK05",2012,579996,579996
"DK05",2013,580272,580272
"DK05",2014,581057,581057
"DK05",2015,582632,582632
"DK05",2016,585499,585499
"DK05",2017,587335,587335
"DK05",2018,589148,589148
"DK05",2019,589755,589755
"DK05",2020,589936,589936
"EE00",2009,NA,1317670.07033119
"EE00",2010,1333290,1333290
"EE00",2011,1329660,1329660
"EE00",2012,1325217,1325217
"EE00",2013,1320174,1320174
"EE00",2014,1315819,1315819
"EE00",2015,1314870,1314870
"EE00",2016,1315944,1315944
"EE00",2017,1315635,1315635
"EE00",2018,1319133,1319133
"EE00",2019,1324820,1324820
"EE00",2020,1328976,1328976
"EL30",2009,NA,4007531.03113782
"EL30",2010,4002871,4002871
"EL30",2011,3992912,3992912
"EL30",2012,3963887,3963887
"EL30",2013,3912849,3912849
"EL30",2014,3863763,3863763
"EL30",2015,3822843,3822843
"EL30",2016,3781274,3781274
"EL30",2017,3773559,3773559
"EL30",2018,3756453,3756453
"EL30",2019,3742235,3742235
"EL30",2020,3738901,3738901
"EL41",2009,NA,184995.010760244
"EL41",2010,200179,200179
"EL41",2011,200831,200831
"EL41",2012,200591,200591
"EL41",2013,199478,199478
"EL41",2014,198581,198581
"EL41",2015,197695,197695
"EL41",2016,196654,196654
"EL41",2017,203700,203700
"EL41",2018,211137,211137
"EL41",2019,221098,221098
"EL41",2020,229516,229516
"EL42",2009,NA,329022.134751005
"EL42",2010,332652,332652
"EL42",2011,333983,333983
"EL42",2012,334780,334780
"EL42",2013,334652,334652
"EL42",2014,334802,334802
"EL42",2015,334865,334865
"EL42",2016,334791,334791
"EL42",2017,338383,338383
"EL42",2018,340870,340870
"EL42",2019,344027,344027
"EL42",2020,347512,347512
"EL43",2009,NA,624289.960082073
"EL43",2010,623113,623113
"EL43",2011,627144,627144
"EL43",2012,629367,629367
"EL43",2013,630085,630085
"EL43",2014,630889,630889
"EL43",2015,631513,631513
"EL43",2016,631812,631812
"EL43",2017,632674,632674
"EL43",2018,633506,633506
"EL43",2019,634930,634930
"EL43",2020,636504,636504
"EL51",2009,NA,610629.816209265
"EL51",2010,610112,610112
"EL51",2011,611573,611573
"EL51",2012,612074,612074
"EL51",2013,610102,610102
"EL51",2014,608214,608214
"EL51",2015,606490,606490
"EL51",2016,604504,604504
"EL51",2017,602799,602799
"EL51",2018,601175,601175
"EL51",2019,599723,599723
"EL51",2020,598613,598613
"EL52",2009,NA,1931045.99023212
"EL52",2010,1921906,1921906
"EL52",2011,1925437,1925437
"EL52",2012,1922590,1922590
"EL52",2013,1912624,1912624
"EL52",2014,1903360,1903360
"EL52",2015,1893878,1893878
"EL52",2016,1883339,1883339
"EL52",2017,1880122,1880122
"EL52",2018,1875996,1875996
"EL52",2019,1873777,1873777
"EL52",2020,1872102,1872102
"EL53",2009,NA,284437.395619811
"EL53",2010,286450,286450
"EL53",2011,285899,285899
"EL53",2012,284061,284061
"EL53",2013,281324,281324
"EL53",2014,278706,278706
"EL53",2015,276423,276423
"EL53",2016,273843,273843
"EL53",2017,271488,271488
"EL53",2018,269222,269222
"EL53",2019,267008,267008
"EL53",2020,264670,264670
"EL54",2009,NA,358242.823686422
"EL54",2010,345960,345960
"EL54",2011,346503,346503
"EL54",2012,345437,345437
"EL54",2013,343128,343128
"EL54",2014,341046,341046
"EL54",2015,339142,339142
"EL54",2016,336834,336834
"EL54",2017,335250,335250
"EL54",2018,334337,334337
"EL54",2019,333696,333696
"EL54",2020,333265,333265
"EL61",2009,NA,752932.691656686
"EL61",2010,746976,746976
"EL61",2011,747690,747690
"EL61",2012,745839,745839
"EL61",2013,741593,741593
"EL61",2014,737686,737686
"EL61",2015,733663,733663
"EL61",2016,729442,729442
"EL61",2017,725874,725874
"EL61",2018,722065,722065
"EL61",2019,718640,718640
"EL61",2020,715115,715115
"EL62",2009,NA,213818.537541346
"EL62",2010,208675,208675
"EL62",2011,209221,209221
"EL62",2012,209131,209131
"EL62",2013,208241,208241
"EL62",2014,207664,207664
"EL62",2015,207059,207059
"EL62",2016,206141,206141
"EL62",2017,205431,205431
"EL62",2018,204562,204562
"EL62",2019,203869,203869
"EL62",2020,203149,203149
"EL63",2009,NA,705751.401790143
"EL63",2010,692269,692269
"EL63",2011,690904,690904
"EL63",2012,687935,687935
"EL63",2013,682583,682583
"EL63",2014,677727,677727
"EL63",2015,673263,673263
"EL63",2016,668258,668258
"EL63",2017,663970,663970
"EL63",2018,659470,659470
"EL63",2019,655189,655189
"EL63",2020,651065,651065
"EL64",2009,NA,548165.36916944
"EL64",2010,559655,559655
"EL64",2011,561693,561693
"EL64",2012,561670,561670
"EL64",2013,560093,560093
"EL64",2014,559214,559214
"EL64",2015,557753,557753
"EL64",2016,555830,555830
"EL64",2017,555761,555761
"EL64",2018,555623,555623
"EL64",2019,555960,555960
"EL64",2020,556002,556002
"EL65",2009,NA,593517.398271663
"EL65",2010,588471,588471
"EL65",2011,589602,589602
"EL65",2012,589044,589044
"EL65",2013,586863,586863
"EL65",2014,585155,585155
"EL65",2015,583431,583431
"EL65",2016,581026,581026
"EL65",2017,579182,579182
"EL65",2018,576749,576749
"EL65",2019,574447,574447
"EL65",2020,572151,572151
"ES11",2009,NA,2793659.38859238
"ES11",2010,2772466,2772466
"ES11",2011,2773411,2773411
"ES11",2012,2771916,2771916
"ES11",2013,2761989,2761989
"ES11",2014,2747226,2747226
"ES11",2015,2734656,2734656
"ES11",2016,2720102,2720102
"ES11",2017,2710216,2710216
"ES11",2018,2703149,2703149
"ES11",2019,2700441,2700441
"ES11",2020,2702592,2702592
"ES12",2009,NA,1101374.18876027
"ES12",2010,1077102,1077102
"ES12",2011,1075869,1075869
"ES12",2012,1074308,1074308
"ES12",2013,1067797,1067797
"ES12",2014,1058975,1058975
"ES12",2015,1049875,1049875
"ES12",2016,1040925,1040925
"ES12",2017,1034302,1034302
"ES12",2018,1027624,1027624
"ES12",2019,1022205,1022205
"ES12",2020,1018899,1018899
"ES13",2009,NA,602034.74825858
"ES13",2010,588512,588512
"ES13",2011,590867,590867
"ES13",2012,592383,592383
"ES13",2013,590036,590036
"ES13",2014,587682,587682
"ES13",2015,585359,585359
"ES13",2016,582504,582504
"ES13",2017,581490,581490
"ES13",2018,581294,581294
"ES13",2019,581641,581641
"ES13",2020,582388,582388
"ES21",2009,NA,2181192.04850996
"ES21",2010,2179521,2179521
"ES21",2011,2183136,2183136
"ES21",2012,2184696,2184696
"ES21",2013,2177006,2177006
"ES21",2014,2167166,2167166
"ES21",2015,2165100,2165100
"ES21",2016,2164066,2164066
"ES21",2017,2167323,2167323
"ES21",2018,2170868,2170868
"ES21",2019,2177880,2177880
"ES21",2020,2189138,2189138
"ES22",2009,NA,634002.50983266
"ES22",2010,633023,633023
"ES22",2011,637100,637100
"ES22",2012,640014,640014
"ES22",2013,638948,638948
"ES22",2014,636450,636450
"ES22",2015,636402,636402
"ES22",2016,637486,637486
"ES22",2017,640353,640353
"ES22",2018,643866,643866
"ES22",2019,649946,649946
"ES22",2020,656509,656509
"ES23",2009,NA,323810.025346972
"ES23",2010,319934,319934
"ES23",2011,320858,320858
"ES23",2012,320951,320951
"ES23",2013,318647,318647
"ES23",2014,315223,315223
"ES23",2015,313569,313569
"ES23",2016,312810,312810
"ES23",2017,312624,312624
"ES23",2018,312884,312884
"ES23",2019,313571,313571
"ES23",2020,315931,315931
"ES24",2009,NA,1355342.58638828
"ES24",2010,1344181,1344181
"ES24",2011,1344385,1344385
"ES24",2012,1343807,1343807
"ES24",2013,1338316,1338316
"ES24",2014,1331301,1331301
"ES24",2015,1326403,1326403
"ES24",2016,1318571,1318571
"ES24",2017,1316072,1316072
"ES24",2018,1313135,1313135
"ES24",2019,1320586,1320586
"ES24",2020,1330333,1330333
"ES30",2009,NA,6312500.75876721
"ES30",2010,6373546,6373546
"ES30",2011,6394252,6394252
"ES30",2012,6425522,6425522
"ES30",2013,6414620,6414620
"ES30",2014,6378297,6378297
"ES30",2015,6385298,6385298
"ES30",2016,6424275,6424275
"ES30",2017,6476838,6476838
"ES30",2018,6549520,6549520
"ES30",2019,6641649,6641649
"ES30",2020,6747068,6747068
"ES41",2009,NA,2573530.50527886
"ES41",2010,2547401,2547401
"ES41",2011,2545301,2545301
"ES41",2012,2537685,2537685
"ES41",2013,2518560,2518560
"ES41",2014,2495689,2495689
"ES41",2015,2478079,2478079
"ES41",2016,2454454,2454454
"ES41",2017,2435951,2435951
"ES41",2018,2418556,2418556
"ES41",2019,2407733,2407733
"ES41",2020,2401307,2401307
"ES42",2009,NA,2103048.67238617
"ES42",2010,2084468,2084468
"ES42",2011,2099064,2099064
"ES42",2012,2105935,2105935
"ES42",2013,2094406,2094406
"ES42",2014,2075197,2075197
"ES42",2015,2062767,2062767
"ES42",2016,2048900,2048900
"ES42",2017,2040977,2040977
"ES42",2018,2032595,2032595
"ES42",2019,2034877,2034877
"ES42",2020,2045554,2045554
"ES43",2009,NA,1122584.89860162
"ES43",2010,1099610,1099610
"ES43",2011,1102299,1102299
"ES43",2012,1104336,1104336
"ES43",2013,1100970,1100970
"ES43",2014,1096421,1096421
"ES43",2015,1091623,1091623
"ES43",2016,1084969,1084969
"ES43",2017,1077525,1077525
"ES43",2018,1070453,1070453
"ES43",2019,1065424,1065424
"ES43",2020,1061979,1061979
"ES51",2009,NA,7442848.78398134
"ES51",2010,7463488,7463488
"ES51",2011,7493263,7493263
"ES51",2012,7514991,7514991
"ES51",2013,7480921,7480921
"ES51",2014,7416237,7416237
"ES51",2015,7396991,7396991
"ES51",2016,7408290,7408290
"ES51",2017,7441284,7441284
"ES51",2018,7488718,7488718
"ES51",2019,7566431,7566431
"ES51",2020,7652348,7652348
"ES52",2009,NA,4971533.13017864
"ES52",2010,4989631,4989631
"ES52",2011,4999192,4999192
"ES52",2012,5009650,5009650
"ES52",2013,4987011,4987011
"ES52",2014,4956427,4956427
"ES52",2015,4939674,4939674
"ES52",2016,4932347,4932347
"ES52",2017,4935182,4935182
"ES52",2018,4946233,4946233
"ES52",2019,4974969,4974969
"ES52",2020,5029341,5029341
"ES53",2009,NA,1080854.45723452
"ES53",2010,1083679,1083679
"ES53",2011,1091664,1091664
"ES53",2012,1100715,1100715
"ES53",2013,1110112,1110112
"ES53",2014,1115841,1115841
"ES53",2015,1124972,1124972
"ES53",2016,1135527,1135527
"ES53",2017,1150962,1150962
"ES53",2018,1166923,1166923
"ES53",2019,1188220,1188220
"ES53",2020,1210725,1210725
"ES61",2009,NA,8302036.1996097
"ES61",2010,8276008,8276008
"ES61",2011,8332080,8332080
"ES61",2012,8377810,8377810
"ES61",2013,8393175,8393175
"ES61",2014,8388875,8388875
"ES61",2015,8399618,8399618
"ES61",2016,8403774,8403774
"ES61",2017,8408976,8408976
"ES61",2018,8410095,8410095
"ES61",2019,8427405,8427405
"ES61",2020,8478083,8478083
"ES62",2009,NA,1445406.70840309
"ES62",2010,1453543,1453543
"ES62",2011,1459075,1459075
"ES62",2012,1461925,1461925
"ES62",2013,1461983,1461983
"ES62",2014,1461803,1461803
"ES62",2015,1463773,1463773
"ES62",2016,1466474,1466474
"ES62",2017,1472991,1472991
"ES62",2018,1475569,1475569
"ES62",2019,1487663,1487663
"ES62",2020,1504869,1504869
"ES63",2009,NA,72767.8484169714
"ES63",2010,79294,79294
"ES63",2011,81621,81621
"ES63",2012,83845,83845
"ES63",2013,84539,84539
"ES63",2014,84674,84674
"ES63",2015,84692,84692
"ES63",2016,84652,84652
"ES63",2017,85034,85034
"ES63",2018,85209,85209
"ES63",2019,84829,84829
"ES63",2020,84085,84085
"ES64",2009,NA,88727.7125355261
"ES64",2010,76049,76049
"ES64",2011,78866,78866
"ES64",2012,81792,81792
"ES64",2013,83620,83620
"ES64",2014,83870,83870
"ES64",2015,84570,84570
"ES64",2016,84764,84764
"ES64",2017,84946,84946
"ES64",2018,84708,84708
"ES64",2019,84689,84689
"ES64",2020,84473,84473
"ES70",2009,NA,2022769.55124724
"ES70",2010,2045163,2045163
"ES70",2011,2064871,2064871
"ES70",2012,2085938,2085938
"ES70",2013,2105234,2105234
"ES70",2014,2114845,2114845
"ES70",2015,2126144,2126144
"ES70",2016,2135209,2135209
"ES70",2017,2154978,2154978
"ES70",2018,2177048,2177048
"ES70",2019,2206901,2206901
"ES70",2020,2236992,2236992
"FI19",2009,NA,1366839.22590185
"FI19",2010,1355168,1355168
"FI19",2011,1360041,1360041
"FI19",2012,1365259,1365259
"FI19",2013,1370384,1370384
"FI19",2014,1374403,1374403
"FI19",2015,1377281,1377281
"FI19",2016,1379116,1379116
"FI19",2017,1380593,1380593
"FI19",2018,1380365,1380365
"FI19",2019,1379749,1379749
"FI19",2020,1378652,1378652
"FI1B",2009,NA,1485971.25374172
"FI1B",2010,1517542,1517542
"FI1B",2011,1532309,1532309
"FI1B",2012,1549058,1549058
"FI1B",2013,1566835,1566835
"FI1B",2014,1585473,1585473
"FI1B",2015,1603388,1603388
"FI1B",2016,1620261,1620261
"FI1B",2017,1638293,1638293
"FI1B",2018,1655624,1655624
"FI1B",2019,1671024,1671024
"FI1B",2020,1689725,1689725
"FI1C",2009,NA,1159044.65460856
"FI1C",2010,1153839,1153839
"FI1C",2011,1156791,1156791
"FI1C",2012,1159039,1159039
"FI1C",2013,1160732,1160732
"FI1C",2014,1161882,1161882
"FI1C",2015,1161706,1161706
"FI1C",2016,1160491,1160491
"FI1C",2017,1159174,1159174
"FI1C",2018,1157001,1157001
"FI1C",2019,1152719,1152719
"FI1C",2020,1148794,1148794
"FI1D",2009,NA,1288588.81731712
"FI1D",2010,1297144,1297144
"FI1D",2011,1298128,1298128
"FI1D",2012,1299557,1299557
"FI1D",2013,1300222,1300222
"FI1D",2014,1300846,1300846
"FI1D",2015,1300462,1300462
"FI1D",2016,1298457,1298457
"FI1D",2017,1296023,1296023
"FI1D",2018,1290651,1290651
"FI1D",2019,1284638,1284638
"FI1D",2020,1278237,1278237
"FI20",2009,NA,25850.0005642435
"FI20",2010,27734,27734
"FI20",2011,28007,28007
"FI20",2012,28354,28354
"FI20",2013,28501,28501
"FI20",2014,28666,28666
"FI20",2015,28916,28916
"FI20",2016,28983,28983
"FI20",2017,29214,29214
"FI20",2018,29489,29489
"FI20",2019,29789,29789
"FI20",2020,29884,29884
"FR10",2009,NA,11756002.4715637
"FR10",2010,11786234,11786234
"FR10",2011,11852851,11852851
"FR10",2012,11898502,11898502
"FR10",2013,11959807,11959807
"FR10",2014,12027565,12027565
"FR10",2015,12082144,12082144
"FR10",2016,12117132,12117132
"FR10",2017,12174880,12174880
"FR10",2018,12213447,12213447
"FR10",2019,12252917,12252917
"FR10",2020,12291557,12291557
"FRB0",2009,NA,2550845.06890174
"FRB0",2010,2548065,2548065
"FRB0",2011,2556835,2556835
"FRB0",2012,2563586,2563586
"FRB0",2013,2570548,2570548
"FRB0",2014,2577435,2577435
"FRB0",2015,2578592,2578592
"FRB0",2016,2577866,2577866
"FRB0",2017,2576252,2576252
"FRB0",2018,2572853,2572853
"FRB0",2019,2569510,2569510
"FRB0",2020,2565726,2565726
"FRC1",2009,NA,1647203.87791693
"FRC1",2010,1642115,1642115
"FRC1",2011,1642734,1642734
"FRC1",2012,1641130,1641130
"FRC1",2013,1642687,1642687
"FRC1",2014,1642551,1642551
"FRC1",2015,1641205,1641205
"FRC1",2016,1637941,1637941
"FRC1",2017,1632887,1632887
"FRC1",2018,1628737,1628737
"FRC1",2019,1623815,1623815
"FRC1",2020,1618321,1618321
"FRC2",2009,NA,1171908.00924586
"FRC2",2010,1171763,1171763
"FRC2",2011,1173440,1173440
"FRC2",2012,1175684,1175684
"FRC2",2013,1177096,1177096
"FRC2",2014,1178072,1178072
"FRC2",2015,1179735,1179735
"FRC2",2016,1180397,1180397
"FRC2",2017,1178536,1178536
"FRC2",2018,1179070,1179070
"FRC2",2019,1177762,1177762
"FRC2",2020,1176196,1176196
"FRD1",2009,NA,1480440.82370742
"FRD1",2010,1473494,1473494
"FRD1",2011,1475684,1475684
"FRD1",2012,1477209,1477209
"FRD1",2013,1478712,1478712
"FRD1",2014,1479378,1479378
"FRD1",2015,1479484,1479484
"FRD1",2016,1477349,1477349
"FRD1",2017,1474257,1474257
"FRD1",2018,1471632,1471632
"FRD1",2019,1467715,1467715
"FRD1",2020,1463606,1463606
"FRD2",2009,NA,1838314.14827808
"FRD2",2010,1836954,1836954
"FRD2",2011,1839393,1839393
"FRD2",2012,1845547,1845547
"FRD2",2013,1849652,1849652
"FRD2",2014,1856267,1856267
"FRD2",2015,1859647,1859647
"FRD2",2016,1858580,1858580
"FRD2",2017,1856221,1856221
"FRD2",2018,1855845,1855845
"FRD2",2019,1853117,1853117
"FRD2",2020,1849826,1849826
"FRE1",2009,NA,4041700.95364998
"FRE1",2010,4038157,4038157
"FRE1",2011,4042015,4042015
"FRE1",2012,4050756,4050756
"FRE1",2013,4060741,4060741
"FRE1",2014,4076061,4076061
"FRE1",2015,4077886,4077886
"FRE1",2016,4074448,4074448
"FRE1",2017,4072379,4072379
"FRE1",2018,4072977,4072977
"FRE1",2019,4066719,4066719
"FRE1",2020,4061166,4061166
"FRE2",2009,NA,1912094.82063082
"FRE2",2010,1914844,1914844
"FRE2",2011,1918155,1918155
"FRE2",2012,1922342,1922342
"FRE2",2013,1927142,1927142
"FRE2",2014,1930095,1930095
"FRE2",2015,1932090,1932090
"FRE2",2016,1932422,1932422
"FRE2",2017,1931436,1931436
"FRE2",2018,1931131,1931131
"FRE2",2019,1929189,1929189
"FRE2",2020,1926629,1926629
"FRF1",2009,NA,1840312.10667983
"FRF1",2010,1845687,1845687
"FRF1",2011,1852325,1852325
"FRF1",2012,1859869,1859869
"FRF1",2013,1868183,1868183
"FRF1",2014,1872949,1872949
"FRF1",2015,1879265,1879265
"FRF1",2016,1884150,1884150
"FRF1",2017,1889589,1889589
"FRF1",2018,1898533,1898533
"FRF1",2019,1903646,1903646
"FRF1",2020,1908494,1908494
"FRF2",2009,NA,1342201.20978779
"FRF2",2010,1335923,1335923
"FRF2",2011,1336053,1336053
"FRF2",2012,1339270,1339270
"FRF2",2013,1339008,1339008
"FRF2",2014,1339299,1339299
"FRF2",2015,1338255,1338255
"FRF2",2016,1333248,1333248
"FRF2",2017,1328134,1328134
"FRF2",2018,1323396,1323396
"FRF2",2019,1317548,1317548
"FRF2",2020,1311830,1311830
"FRF3",2009,NA,2360572.7060698
"FRF3",2010,2350920,2350920
"FRF3",2011,2350657,2350657
"FRF3",2012,2349816,2349816
"FRF3",2013,2345197,2345197
"FRF3",2014,2342397,2342397
"FRF3",2015,2341531,2341531
"FRF3",2016,2337788,2337788
"FRF3",2017,2331863,2331863
"FRF3",2018,2328460,2328460
"FRF3",2019,2322213,2322213
"FRF3",2020,2315678,2315678
"FRG0",2009,NA,3558051.44180716
"FRG0",2010,3571495,3571495
"FRG0",2011,3601113,3601113
"FRG0",2012,3632614,3632614
"FRG0",2013,3660852,3660852
"FRG0",2014,3690833,3690833
"FRG0",2015,3718512,3718512
"FRG0",2016,3737632,3737632
"FRG0",2017,3757600,3757600
"FRG0",2018,3781423,3781423
"FRG0",2019,3800348,3800348
"FRG0",2020,3818421,3818421
"FRH0",2009,NA,3190415.63723227
"FRH0",2010,3199066,3199066
"FRH0",2011,3217767,3217767
"FRH0",2012,3237097,3237097
"FRH0",2013,3258707,3258707
"FRH0",2014,3276543,3276543
"FRH0",2015,3293850,3293850
"FRH0",2016,3306529,3306529
"FRH0",2017,3318904,3318904
"FRH0",2018,3335414,3335414
"FRH0",2019,3347004,3347004
"FRH0",2020,3358524,3358524
"FRI1",2009,NA,3205204.21243796
"FRI1",2010,3232352,3232352
"FRI1",2011,3254233,3254233
"FRI1",2012,3285970,3285970
"FRI1",2013,3316889,3316889
"FRI1",2014,3343326,3343326
"FRI1",2015,3370578,3370578
"FRI1",2016,3393297,3393297
"FRI1",2017,3414585,3414585
"FRI1",2018,3437398,3437398
"FRI1",2019,3458041,3458041
"FRI1",2020,3478538,3478538
"FRI2",2009,NA,746453.730716803
"FRI2",2010,742771,742771
"FRI2",2011,741072,741072
"FRI2",2012,738633,738633
"FRI2",2013,737509,737509
"FRI2",2014,738120,738120
"FRI2",2015,738031,738031
"FRI2",2016,736015,736015
"FRI2",2017,734528,734528
"FRI2",2018,731285,731285
"FRI2",2019,728859,728859
"FRI2",2020,726253,726253
"FRI3",2009,NA,1754126.39090186
"FRI3",2010,1770363,1770363
"FRI3",2011,1777773,1777773
"FRI3",2012,1783991,1783991
"FRI3",2013,1789779,1789779
"FRI3",2014,1797698,1797698
"FRI3",2015,1802873,1802873
"FRI3",2016,1806291,1806291
"FRI3",2017,1807865,1807865
"FRI3",2018,1811095,1811095
"FRI3",2019,1812353,1812353
"FRI3",2020,1813633,1813633
"FRJ1",2009,NA,2618371.39465155
"FRJ1",2010,2636350,2636350
"FRJ1",2011,2670046,2670046
"FRJ1",2012,2700266,2700266
"FRJ1",2013,2729721,2729721
"FRJ1",2014,2751592,2751592
"FRJ1",2015,2772683,2772683
"FRJ1",2016,2793303,2793303
"FRJ1",2017,2810383,2810383
"FRJ1",2018,2830361,2830361
"FRJ1",2019,2847554,2847554
"FRJ1",2020,2864782,2864782
"FRJ2",2009,NA,2872981.53348466
"FRJ2",2010,2881756,2881756
"FRJ2",2011,2903420,2903420
"FRJ2",2012,2926592,2926592
"FRJ2",2013,2954157,2954157
"FRJ2",2014,2979161,2979161
"FRJ2",2015,3001502,3001502
"FRJ2",2016,3015132,3015132
"FRJ2",2017,3034719,3034719
"FRJ2",2018,3055135,3055135
"FRJ2",2019,3071427,3071427
"FRJ2",2020,3087068,3087068
"FRK1",2009,NA,1330314.80687886
"FRK1",2010,1347387,1347387
"FRK1",2011,1350682,1350682
"FRK1",2012,1354104,1354104
"FRK1",2013,1357668,1357668
"FRK1",2014,1360461,1360461
"FRK1",2015,1362367,1362367
"FRK1",2016,1363392,1363392
"FRK1",2017,1364156,1364156
"FRK1",2018,1368536,1368536
"FRK1",2019,1370432,1370432
"FRK1",2020,1371820,1371820
"FRK2",2009,NA,6207612.41749897
"FRK2",2010,6230691,6230691
"FRK2",2011,6283541,6283541
"FRK2",2012,6341160,6341160
"FRK2",2013,6399927,6399927
"FRK2",2014,6460505,6460505
"FRK2",2015,6515331,6515331
"FRK2",2016,6553497,6553497
"FRK2",2017,6584131,6584131
"FRK2",2018,6625923,6625923
"FRK2",2019,6660101,6660101
"FRK2",2020,6692326,6692326
"FRL0",2009,NA,4882269.57183203
"FRL0",2010,4899155,4899155
"FRL0",2011,4916069,4916069
"FRL0",2012,4935576,4935576
"FRL0",2013,4953675,4953675
"FRL0",2014,4983438,4983438
"FRL0",2015,5007977,5007977
"FRL0",2016,5021928,5021928
"FRL0",2017,5030890,5030890
"FRL0",2018,5052832,5052832
"FRL0",2019,5065696,5065696
"FRL0",2020,5077582,5077582
"FRM0",2009,NA,297369.99364892
"FRM0",2010,309693,309693
"FRM0",2011,314486,314486
"FRM0",2012,316257,316257
"FRM0",2013,320208,320208
"FRM0",2014,324212,324212
"FRM0",2015,327283,327283
"FRM0",2016,330455,330455
"FRM0",2017,334938,334938
"FRM0",2018,338554,338554
"FRM0",2019,342256,342256
"FRM0",2020,345867,345867
"FRY1",2009,NA,450369.903836485
"FRY1",2010,NA,453174.254649843
"FRY1",2011,NA,454079.501001999
"FRY1",2012,NA,445155.388883942
"FRY1",2013,437713,437713
"FRY1",2014,435293,435293
"FRY1",2015,433674,433674
"FRY1",2016,429856,429856
"FRY1",2017,425587,425587
"FRY1",2018,421694,421694
"FRY1",2019,417161,417161
"FRY1",2020,412682,412682
"FRY2",2009,NA,402981.078156128
"FRY2",2010,394173,394173
"FRY2",2011,392291,392291
"FRY2",2012,388364,388364
"FRY2",2013,385551,385551
"FRY2",2014,383911,383911
"FRY2",2015,380877,380877
"FRY2",2016,376480,376480
"FRY2",2017,372594,372594
"FRY2",2018,368783,368783
"FRY2",2019,364413,364413
"FRY2",2020,359821,359821
"FRY3",2009,NA,220433.543038461
"FRY3",2010,229040,229040
"FRY3",2011,237549,237549
"FRY3",2012,239648,239648
"FRY3",2013,244118,244118
"FRY3",2014,252338,252338
"FRY3",2015,259865,259865
"FRY3",2016,269352,269352
"FRY3",2017,268700,268700
"FRY3",2018,276128,276128
"FRY3",2019,282107,282107
"FRY3",2020,288086,288086
"FRY4",2009,NA,837698.773540281
"FRY4",2010,821136,821136
"FRY4",2011,828581,828581
"FRY4",2012,833944,833944
"FRY4",2013,835103,835103
"FRY4",2014,842767,842767
"FRY4",2015,850727,850727
"FRY4",2016,852924,852924
"FRY4",2017,853659,853659
"FRY4",2018,855961,855961
"FRY4",2019,856547,856547
"FRY4",2020,856858,856858
"FRY5",2009,NA,197765.005507667
"FRY5",2010,NA,206013.279792559
"FRY5",2011,NA,226249.103591331
"FRY5",2012,NA,210705.413781483
"FRY5",2013,NA,224965.166037834
"FRY5",2014,223713,223713
"FRY5",2015,232189,232189
"FRY5",2016,240987,240987
"FRY5",2017,250143,250143
"FRY5",2018,259621,259621
"FRY5",2019,269186,269186
"FRY5",2020,278926,278926
"HR02",2009,NA,1321197.67820404
"HR02",2010,NA,1293648.80233164
"HR02",2011,NA,1279963.81254705
"HR02",2012,NA,1242507.12448735
"HR02",2013,NA,1211191.65368326
"HR02",2014,1193499,1193499
"HR02",2015,1177014,1177014
"HR02",2016,1155559,1155559
"HR02",2017,1131468,1131468
"HR02",2018,1100166,1100166
"HR02",2019,1078471,1078471
"HR02",2020,1060209,1060209
"HR03",2009,NA,1421237.17262843
"HR03",2010,1415971,1415971
"HR03",2011,1413426,1413426
"HR03",2012,1410551,1410551
"HR03",2013,1407798,1407798
"HR03",2014,1405908,1405908
"HR03",2015,1402229,1402229
"HR03",2016,1394290,1394290
"HR03",2017,1387363,1387363
"HR03",2018,1378339,1378339
"HR03",2019,1374071,1374071
"HR03",2020,1373802,1373802
"HR05",2009,NA,790052.397660124
"HR05",2010,NA,790220.506746456
"HR05",2011,NA,789020.399557269
"HR05",2012,NA,789995.670910796
"HR05",2013,NA,800491.058531328
"HR05",2014,796866,796866
"HR05",2015,799999,799999
"HR05",2016,801349,801349
"HR05",2017,803647,803647
"HR05",2018,803900,803900
"HR05",2019,806341,806341
"HR05",2020,809235,809235
"HR06",2009,NA,882471.611447453
"HR06",2010,NA,872168.456618943
"HR06",2011,NA,876352.611910265
"HR06",2012,NA,862862.964821968
"HR06",2013,NA,864239.604046678
"HR06",2014,850536,850536
"HR06",2015,846074,846074
"HR06",2016,839471,839471
"HR06",2017,831735,831735
"HR06",2018,823088,823088
"HR06",2019,817363,817363
"HR06",2020,814919,814919
"HU11",2009,NA,1726280.32366982
"HU11",2010,1721556,1721556
"HU11",2011,1733685,1733685
"HU11",2012,1727495,1727495
"HU11",2013,1735711,1735711
"HU11",2014,1744665,1744665
"HU11",2015,1757618,1757618
"HU11",2016,1759407,1759407
"HU11",2017,1752704,1752704
"HU11",2018,1749734,1749734
"HU11",2019,1752286,1752286
"HU11",2020,1750216,1750216
"HU12",2009,NA,1202056.77624092
"HU12",2010,1229880,1229880
"HU12",2011,1237561,1237561
"HU12",2012,1213323,1213323
"HU12",2013,1218172,1218172
"HU12",2014,1220748,1220748
"HU12",2015,1226115,1226115
"HU12",2016,1234541,1234541
"HU12",2017,1247372,1247372
"HU12",2018,1261864,1261864
"HU12",2019,1278874,1278874
"HU12",2020,1297102,1297102
"HU21",2009,NA,1107640.79567754
"HU21",2010,1098654,1098654
"HU21",2011,1094104,1094104
"HU21",2012,1079589,1079589
"HU21",2013,1074702,1074702
"HU21",2014,1069190,1069190
"HU21",2015,1063408,1063408
"HU21",2016,1060703,1060703
"HU21",2017,1056097,1056097
"HU21",2018,1055570,1055570
"HU21",2019,1058236,1058236
"HU21",2020,1060755,1060755
"HU22",2009,NA,994719.570027206
"HU22",2010,996390,996390
"HU22",2011,994698,994698
"HU22",2012,984399,984399
"HU22",2013,985279,985279
"HU22",2014,984521,984521
"HU22",2015,983925,983925
"HU22",2016,983933,983933
"HU22",2017,983251,983251
"HU22",2018,985457,985457
"HU22",2019,989343,989343
"HU22",2020,994549,994549
"HU23",2009,NA,946186.300194087
"HU23",2010,947986,947986
"HU23",2011,940585,940585
"HU23",2012,931215,931215
"HU23",2013,925180,925180
"HU23",2014,917492,917492
"HU23",2015,909130,909130
"HU23",2016,900868,900868
"HU23",2017,894223,894223
"HU23",2018,886840,886840
"HU23",2019,879596,879596
"HU23",2020,874573,874573
"HU31",2009,NA,1220874.56726494
"HU31",2010,1209142,1209142
"HU31",2011,1194697,1194697
"HU31",2012,1200831,1200831
"HU31",2013,1189441,1189441
"HU31",2014,1176894,1176894
"HU31",2015,1164813,1164813
"HU31",2016,1153714,1153714
"HU31",2017,1143902,1143902
"HU31",2018,1134945,1134945
"HU31",2019,1126360,1126360
"HU31",2020,1118577,1118577
"HU32",2009,NA,1508709.2320798
"HU32",2010,1492502,1492502
"HU32",2011,1481922,1481922
"HU32",2012,1498795,1498795
"HU32",2013,1491659,1491659
"HU32",2014,1484375,1484375
"HU32",2015,1479522,1479522
"HU32",2016,1474383,1474383
"HU32",2017,1468088,1468088
"HU32",2018,1460096,1460096
"HU32",2019,1450960,1450960
"HU32",2020,1442660,1442660
"HU33",2009,NA,1324863.26590782
"HU33",2010,1318214,1318214
"HU33",2011,1308470,1308470
"HU33",2012,1296278,1296278
"HU33",2013,1288654,1288654
"HU33",2014,1279480,1279480
"HU33",2015,1271040,1271040
"HU33",2016,1262936,1262936
"HU33",2017,1251924,1251924
"HU33",2018,1243865,1243865
"HU33",2019,1237101,1237101
"HU33",2020,1231094,1231094
"IE04",2009,NA,811454.368527717
"IE04",2010,NA,812365.325352015
"IE04",2011,NA,806514.095953223
"IE04",2012,832082,832082
"IE04",2013,834236,834236
"IE04",2014,833748,833748
"IE04",2015,833830,833830
"IE04",2016,839204,839204
"IE04",2017,848383,848383
"IE04",2018,856252,856252
"IE04",2019,867947,867947
"IE04",2020,877832,877832
"IE05",2009,NA,1511752.3728094
"IE05",2010,NA,1518196.38598553
"IE05",2011,NA,1537012.8361603
"IE05",2012,1547097,1547097
"IE05",2013,1556247,1556247
"IE05",2014,1563179,1563179
"IE05",2015,1567206,1567206
"IE05",2016,1575504,1575504
"IE05",2017,1591718,1591718
"IE05",2018,1604865,1604865
"IE05",2019,1624381,1624381
"IE05",2020,1641057,1641057
"IE06",2009,NA,2089948.12784727
"IE06",2010,NA,2123194.1919032
"IE06",2011,NA,2149128.53354142
"IE06",2012,2210108,2210108
"IE06",2013,2219296,2219296
"IE06",2014,2240925,2240925
"IE06",2015,2276591,2276591
"IE06",2016,2311578,2311578
"IE06",2017,2344282,2344282
"IE06",2018,2369275,2369275
"IE06",2019,2411912,2411912
"IE06",2020,2445551,2445551
"IS00",2009,NA,312478.069655487
"IS00",2010,317630,317630
"IS00",2011,318452,318452
"IS00",2012,319575,319575
"IS00",2013,321857,321857
"IS00",2014,325671,325671
"IS00",2015,329100,329100
"IS00",2016,332529,332529
"IS00",2017,338349,338349
"IS00",2018,348450,348450
"IS00",2019,356991,356991
"IS00",2020,364134,364134
"ITC1",2009,NA,4385981.88910142
"ITC1",2010,4362041,4362041
"ITC1",2011,4364309,4364309
"ITC1",2012,4357663,4357663
"ITC1",2013,4374052,4374052
"ITC1",2014,4436798,4436798
"ITC1",2015,4424467,4424467
"ITC1",2016,4404246,4404246
"ITC1",2017,4392526,4392526
"ITC1",2018,4375865,4375865
"ITC1",2019,4328565,4328565
"ITC1",2020,4311217,4311217
"ITC2",2009,NA,130893.963717459
"ITC2",2010,126686,126686
"ITC2",2011,126761,126761
"ITC2",2012,126620,126620
"ITC2",2013,127844,127844
"ITC2",2014,128591,128591
"ITC2",2015,128298,128298
"ITC2",2016,127329,127329
"ITC2",2017,126883,126883
"ITC2",2018,126202,126202
"ITC2",2019,125653,125653
"ITC2",2020,125034,125034
"ITC3",2009,NA,1608463.44116137
"ITC3",2010,1576443,1576443
"ITC3",2011,1574132,1574132
"ITC3",2012,1567339,1567339
"ITC3",2013,1565127,1565127
"ITC3",2014,1591939,1591939
"ITC3",2015,1583263,1583263
"ITC3",2016,1571053,1571053
"ITC3",2017,1565307,1565307
"ITC3",2018,1556981,1556981
"ITC3",2019,1532980,1532980
"ITC3",2020,1524826,1524826
"ITC4",2009,NA,9603755.76584117
"ITC4",2010,9600951,9600951
"ITC4",2011,9663872,9663872
"ITC4",2012,9700881,9700881
"ITC4",2013,9794525,9794525
"ITC4",2014,9973397,9973397
"ITC4",2015,10002615,10002615
"ITC4",2016,10008349,10008349
"ITC4",2017,10019166,10019166
"ITC4",2018,10036258,10036258
"ITC4",2019,10010833,10010833
"ITC4",2020,10027602,10027602
"ITF1",2009,NA,1318969.87774862
"ITF1",2010,1307778,1307778
"ITF1",2011,1307273,1307273
"ITF1",2012,1306416,1306416
"ITF1",2013,1312507,1312507
"ITF1",2014,1333939,1333939
"ITF1",2015,1331574,1331574
"ITF1",2016,1326513,1326513
"ITF1",2017,1322247,1322247
"ITF1",2018,1315196,1315196
"ITF1",2019,1300645,1300645
"ITF1",2020,1293941,1293941
"ITF2",2009,NA,326007.109470914
"ITF2",2010,315536,315536
"ITF2",2011,314342,314342
"ITF2",2012,313145,313145
"ITF2",2013,313341,313341
"ITF2",2014,314725,314725
"ITF2",2015,313348,313348
"ITF2",2016,312027,312027
"ITF2",2017,310449,310449
"ITF2",2018,308493,308493
"ITF2",2019,303790,303790
"ITF2",2020,300516,300516
"ITF3",2009,NA,5801861.84845369
"ITF3",2010,5758375,5758375
"ITF3",2011,5765850,5765850
"ITF3",2012,5764424,5764424
"ITF3",2013,5769750,5769750
"ITF3",2014,5869965,5869965
"ITF3",2015,5861529,5861529
"ITF3",2016,5850850,5850850
"ITF3",2017,5839084,5839084
"ITF3",2018,5826860,5826860
"ITF3",2019,5740291,5740291
"ITF3",2020,5712143,5712143
"ITF4",2009,NA,4093324.32746008
"ITF4",2010,4048007,4048007
"ITF4",2011,4053668,4053668
"ITF4",2012,4050072,4050072
"ITF4",2013,4050803,4050803
"ITF4",2014,4090266,4090266
"ITF4",2015,4090105,4090105
"ITF4",2016,4077166,4077166
"ITF4",2017,4063888,4063888
"ITF4",2018,4048242,4048242
"ITF4",2019,3975528,3975528
"ITF4",2020,3953305,3953305
"ITF5",2009,NA,588954.874232014
"ITF5",2010,581140,581140
"ITF5",2011,579358,579358
"ITF5",2012,577562,577562
"ITF5",2013,576194,576194
"ITF5",2014,578391,578391
"ITF5",2015,576619,576619
"ITF5",2016,573694,573694
"ITF5",2017,570365,570365
"ITF5",2018,567118,567118
"ITF5",2019,558587,558587
"ITF5",2020,553254,553254
"ITF6",2009,NA,2013333.64552783
"ITF6",2010,1966336,1966336
"ITF6",2011,1962856,1962856
"ITF6",2012,1958418,1958418
"ITF6",2013,1958238,1958238
"ITF6",2014,1980533,1980533
"ITF6",2015,1976631,1976631
"ITF6",2016,1970521,1970521
"ITF6",2017,1965128,1965128
"ITF6",2018,1956687,1956687
"ITF6",2019,1912021,1912021
"ITF6",2020,1894110,1894110
"ITG1",2009,NA,5096941.21085846
"ITG1",2010,4997429,4997429
"ITG1",2011,5005657,5005657
"ITG1",2012,4999854,4999854
"ITG1",2013,4999932,4999932
"ITG1",2014,5094937,5094937
"ITG1",2015,5092080,5092080
"ITG1",2016,5074261,5074261
"ITG1",2017,5056641,5056641
"ITG1",2018,5026989,5026989
"ITG1",2019,4908548,4908548
"ITG1",2020,4875290,4875290
"ITG2",2009,NA,1662165.36143673
"ITG2",2010,1641347,1641347
"ITG2",2011,1641681,1641681
"ITG2",2012,1637846,1637846
"ITG2",2013,1640379,1640379
"ITG2",2014,1663859,1663859
"ITG2",2015,1663286,1663286
"ITG2",2016,1658138,1658138
"ITG2",2017,1653135,1653135
"ITG2",2018,1648176,1648176
"ITG2",2019,1622257,1622257
"ITG2",2020,1611621,1611621
"ITH1",2009,NA,491918.917361539
"ITH1",2010,498315,498315
"ITH1",2011,501815,501815
"ITH1",2012,504708,504708
"ITH1",2013,509626,509626
"ITH1",2014,515714,515714
"ITH1",2015,518518,518518
"ITH1",2016,520891,520891
"ITH1",2017,524256,524256
"ITH1",2018,527750,527750
"ITH1",2019,530313,530313
"ITH1",2020,532644,532644
"ITH2",2009,NA,513786.372819387
"ITH2",2010,518796,518796
"ITH2",2011,522486,522486
"ITH2",2012,524877,524877
"ITH2",2013,530308,530308
"ITH2",2014,536237,536237
"ITH2",2015,537416,537416
"ITH2",2016,538223,538223
"ITH2",2017,538604,538604
"ITH2",2018,539898,539898
"ITH2",2019,543721,543721
"ITH2",2020,545425,545425
"ITH3",2009,NA,4867869.85563618
"ITH3",2010,4841933,4841933
"ITH3",2011,4851958,4851958
"ITH3",2012,4853657,4853657
"ITH3",2013,4881756,4881756
"ITH3",2014,4926818,4926818
"ITH3",2015,4927596,4927596
"ITH3",2016,4915123,4915123
"ITH3",2017,4907529,4907529
"ITH3",2018,4905037,4905037
"ITH3",2019,4884590,4884590
"ITH3",2020,4879133,4879133
"ITH4",2009,NA,1235554.20175273
"ITH4",2010,1221569,1221569
"ITH4",2011,1220849,1220849
"ITH4",2012,1217780,1217780
"ITH4",2013,1221860,1221860
"ITH4",2014,1229363,1229363
"ITH4",2015,1227122,1227122
"ITH4",2016,1221218,1221218
"ITH4",2017,1217872,1217872
"ITH4",2018,1215538,1215538
"ITH4",2019,1210414,1210414
"ITH4",2020,1206216,1206216
"ITH5",2009,NA,4316603.25561432
"ITH5",2010,4306684,4306684
"ITH5",2011,4331343,4331343
"ITH5",2012,4341240,4341240
"ITH5",2013,4377487,4377487
"ITH5",2014,4446354,4446354
"ITH5",2015,4450508,4450508
"ITH5",2016,4448146,4448146
"ITH5",2017,4448841,4448841
"ITH5",2018,4452629,4452629
"ITH5",2019,4459453,4459453
"ITH5",2020,4464119,4464119
"ITI1",2009,NA,3668836.1369469
"ITI1",2010,3657340,3657340
"ITI1",2011,3668948,3668948
"ITI1",2012,3667780,3667780
"ITI1",2013,3692828,3692828
"ITI1",2014,3750511,3750511
"ITI1",2015,3752654,3752654
"ITI1",2016,3744398,3744398
"ITI1",2017,3742437,3742437
"ITI1",2018,3736968,3736968
"ITI1",2019,3701343,3701343
"ITI1",2020,3692555,3692555
"ITI2",2009,NA,884521.854253996
"ITI2",2010,880202,880202
"ITI2",2011,884010,884010
"ITI2",2012,883215,883215
"ITI2",2013,886239,886239
"ITI2",2014,896742,896742
"ITI2",2015,894762,894762
"ITI2",2016,891181,891181
"ITI2",2017,888908,888908
"ITI2",2018,884640,884640
"ITI2",2019,873744,873744
"ITI2",2020,870165,870165
"ITI3",2009,NA,1544729.57558073
"ITI3",2010,1540272,1540272
"ITI3",2011,1541950,1541950
"ITI3",2012,1540688,1540688
"ITI3",2013,1545155,1545155
"ITI3",2014,1553138,1553138
"ITI3",2015,1550796,1550796
"ITI3",2016,1543752,1543752
"ITI3",2017,1538055,1538055
"ITI3",2018,1531753,1531753
"ITI3",2019,1520321,1520321
"ITI3",2020,1512672,1512672
"ITI4",2009,NA,5509559.77088858
"ITI4",2010,5442963,5442963
"ITI4",2011,5481572,5481572
"ITI4",2012,5500022,5500022
"ITI4",2013,5557276,5557276
"ITI4",2014,5870451,5870451
"ITI4",2015,5892425,5892425
"ITI4",2016,5888472,5888472
"ITI4",2017,5898124,5898124
"ITI4",2018,5896693,5896693
"ITI4",2019,5773076,5773076
"ITI4",2020,5755700,5755700
"LT01",2009,NA,808436.261356678
"LT01",2010,824193,824193
"LT01",2011,811515,811515
"LT01",2012,805915,805915
"LT01",2013,806308,806308
"LT01",2014,806106,806106
"LT01",2015,807523,807523
"LT01",2016,805380,805380
"LT01",2017,805173,805173
"LT01",2018,805367,805367
"LT01",2019,810538,810538
"LT01",2020,820511,820511
"LT02",2009,NA,2314934.05550672
"LT02",2010,2317783,2317783
"LT02",2011,2241073,2241073
"LT02",2012,2197726,2197726
"LT02",2013,2165597,2165597
"LT02",2014,2137366,2137366
"LT02",2015,2113739,2113739
"LT02",2016,2083178,2083178
"LT02",2017,2042731,2042731
"LT02",2018,2003534,2003534
"LT02",2019,1983646,1983646
"LT02",2020,1973579,1973579
"LU00",2009,NA,483623.329761634
"LU00",2010,502066,502066
"LU00",2011,511840,511840
"LU00",2012,524853,524853
"LU00",2013,537039,537039
"LU00",2014,549680,549680
"LU00",2015,562958,562958
"LU00",2016,576249,576249
"LU00",2017,590667,590667
"LU00",2018,602005,602005
"LU00",2019,613894,613894
"LU00",2020,626108,626108
"LV00",2009,NA,2102701.62359273
"LV00",2010,2120504,2120504
"LV00",2011,2074605,2074605
"LV00",2012,2044813,2044813
"LV00",2013,2023825,2023825
"LV00",2014,2001468,2001468
"LV00",2015,1986096,1986096
"LV00",2016,1968957,1968957
"LV00",2017,1950116,1950116
"LV00",2018,1934379,1934379
"LV00",2019,1919968,1919968
"LV00",2020,1907675,1907675
"MT00",2009,NA,389513.689252006
"MT00",2010,414027,414027
"MT00",2011,414989,414989
"MT00",2012,417546,417546
"MT00",2013,422509,422509
"MT00",2014,429424,429424
"MT00",2015,439691,439691
"MT00",2016,450415,450415
"MT00",2017,460297,460297
"MT00",2018,475701,475701
"MT00",2019,493559,493559
"MT00",2020,514564,514564
"NL11",2009,NA,582028.511748574
"NL11",2010,576668,576668
"NL11",2011,579036,579036
"NL11",2012,580875,580875
"NL11",2013,581705,581705
"NL11",2014,582728,582728
"NL11",2015,583942,583942
"NL11",2016,583721,583721
"NL11",2017,583581,583581
"NL11",2018,582944,582944
"NL11",2019,583990,583990
"NL11",2020,585866,585866
"NL12",2009,NA,653147.929308437
"NL12",2010,646305,646305
"NL12",2011,647282,647282
"NL12",2012,647214,647214
"NL12",2013,646862,646862
"NL12",2014,646317,646317
"NL12",2015,646257,646257
"NL12",2016,646040,646040
"NL12",2017,646874,646874
"NL12",2018,647268,647268
"NL12",2019,647672,647672
"NL12",2020,649957,649957
"NL13",2009,NA,491131.911624085
"NL13",2010,490981,490981
"NL13",2011,491411,491411
"NL13",2012,490807,490807
"NL13",2013,489918,489918
"NL13",2014,488988,488988
"NL13",2015,488576,488576
"NL13",2016,488629,488629
"NL13",2017,491792,491792
"NL13",2018,492100,492100
"NL13",2019,492167,492167
"NL13",2020,493682,493682
"NL21",2009,NA,1124703.07415224
"NL21",2010,1130345,1130345
"NL21",2011,1134465,1134465
"NL21",2012,1137668,1137668
"NL21",2013,1139350,1139350
"NL21",2014,1139697,1139697
"NL21",2015,1140652,1140652
"NL21",2016,1144280,1144280
"NL21",2017,1147687,1147687
"NL21",2018,1151501,1151501
"NL21",2019,1156431,1156431
"NL21",2020,1162406,1162406
"NL22",2009,NA,1986581.09829304
"NL22",2010,1998936,1998936
"NL22",2011,2004671,2004671
"NL22",2012,2010745,2010745
"NL22",2013,2015791,2015791
"NL22",2014,2019692,2019692
"NL22",2015,2026578,2026578
"NL22",2016,2035351,2035351
"NL22",2017,2047901,2047901
"NL22",2018,2060103,2060103
"NL22",2019,2071972,2071972
"NL22",2020,2085952,2085952
"NL23",2009,NA,383756.014202912
"NL23",2010,387881,387881
"NL23",2011,391967,391967
"NL23",2012,395525,395525
"NL23",2013,398441,398441
"NL23",2014,399893,399893
"NL23",2015,401791,401791
"NL23",2016,404068,404068
"NL23",2017,407818,407818
"NL23",2018,411670,411670
"NL23",2019,416546,416546
"NL23",2020,423021,423021
"NL31",2009,NA,1207880.69504597
"NL31",2010,1220910,1220910
"NL31",2011,1228794,1228794
"NL31",2012,1237117,1237117
"NL31",2013,1245294,1245294
"NL31",2014,1253672,1253672
"NL31",2015,1263572,1263572
"NL31",2016,1273613,1273613
"NL31",2017,1284504,1284504
"NL31",2018,1295484,1295484
"NL31",2019,1306912,1306912
"NL31",2020,1319231,1319231
"NL32",2009,NA,2644837.24753459
"NL32",2010,2669084,2669084
"NL32",2011,2691477,2691477
"NL32",2012,2709822,2709822
"NL32",2013,2724300,2724300
"NL32",2014,2741369,2741369
"NL32",2015,2761929,2761929
"NL32",2016,2784854,2784854
"NL32",2017,2809483,2809483
"NL32",2018,2831182,2831182
"NL32",2019,2853359,2853359
"NL32",2020,2879527,2879527
"NL33",2009,NA,3475349.12169958
"NL33",2010,3505611,3505611
"NL33",2011,3528324,3528324
"NL33",2012,3552407,3552407
"NL33",2013,3563935,3563935
"NL33",2014,3577032,3577032
"NL33",2015,3600011,3600011
"NL33",2016,3622303,3622303
"NL33",2017,3650222,3650222
"NL33",2018,3681044,3681044
"NL33",2019,3709139,3709139
"NL33",2020,3744299,3744299
"NL34",2009,NA,387748.985349252
"NL34",2010,381409,381409
"NL34",2011,381530,381530
"NL34",2012,381407,381407
"NL34",2013,381077,381077
"NL34",2014,380621,380621
"NL34",2015,380726,380726
"NL34",2016,381252,381252
"NL34",2017,381568,381568
"NL34",2018,382304,382304
"NL34",2019,383032,383032
"NL34",2020,383488,383488
"NL41",2009,NA,2417225.46341319
"NL41",2010,2444158,2444158
"NL41",2011,2454215,2454215
"NL41",2012,2463686,2463686
"NL41",2013,2471011,2471011
"NL41",2014,2479274,2479274
"NL41",2015,2488751,2488751
"NL41",2016,2498749,2498749
"NL41",2017,2512531,2512531
"NL41",2018,2528286,2528286
"NL41",2019,2544806,2544806
"NL41",2020,2562955,2562955
"NL42",2009,NA,1125975.7767181
"NL42",2010,1122701,1122701
"NL42",2011,1122627,1122627
"NL42",2012,1123075,1123075
"NL42",2013,1121891,1121891
"NL42",2014,1120006,1120006
"NL42",2015,1117941,1117941
"NL42",2016,1116260,1116260
"NL42",2017,1117546,1117546
"NL42",2018,1117198,1117198
"NL42",2019,1116137,1116137
"NL42",2020,1117201,1117201
"NO02",2009,NA,375117.257387242
"NO02",2010,375925,375925
"NO02",2011,377709,377709
"NO02",2012,379938,379938
"NO02",2013,380973,380973
"NO02",2014,382230,382230
"NO02",2015,383985,383985
"NO02",2016,384221,384221
"NO02",2017,385669,385669
"NO02",2018,386836,386836
"NO02",2019,386951,386951
"NO02",2020,387285,387285
"NO06",2009,NA,411928.303085447
"NO06",2010,422102,422102
"NO06",2011,426206,426206
"NO06",2012,431340,431340
"NO06",2013,437198,437198
"NO06",2014,441193,441193
"NO06",2015,445838,445838
"NO06",2016,449457,449457
"NO06",2017,454596,454596
"NO06",2018,458742,458742
"NO06",2019,462032,462032
"NO06",2020,465136,465136
"NO07",2009,NA,462530.621035809
"NO07",2010,465621,465621
"NO07",2011,468251,468251
"NO07",2012,470757,470757
"NO07",2013,474563,474563
"NO07",2014,478033,478033
"NO07",2015,480787,480787
"NO07",2016,481694,481694
"NO07",2017,484647,484647
"NO07",2018,486001,486001
"NO07",2019,486450,486450
"NO07",2020,484547,484547
"NO08",2009,1651964.429,1651964.429
"NO08",2010,1675599.371,1675599.371
"NO08",2011,1699234.314,1699234.314
"NO08",2012,1722869.257,1722869.257
"NO08",2013,1746504.2,1746504.2
"NO08",2014,1767154,1767154
"NO08",2015,1794873,1794873
"NO08",2016,1819124,1819124
"NO08",2017,1843734,1843734
"NO08",2018,1864684,1864684
"NO08",2019,1885790,1885790
"NO08",2020,NA,1913695.51251088
"NO09",2009,679562.4286,679562.4286
"NO09",2010,684676.9714,684676.9714
"NO09",2011,689791.5143,689791.5143
"NO09",2012,694906.0571,694906.0571
"NO09",2013,700020.6,700020.6
"NO09",2014,704441,704441
"NO09",2015,710339,710339
"NO09",2016,715755,715755
"NO09",2017,721144,721144
"NO09",2018,726204,726204
"NO09",2019,729646,729646
"NO09",2020,NA,741927.955960215
"NO0A",2009,1299214.143,1299214.143
"NO0A",2010,1307431.857,1307431.857
"NO0A",2011,1315649.571,1315649.571
"NO0A",2012,1323867.286,1323867.286
"NO0A",2013,1332085,1332085
"NO0A",2014,1334919,1334919
"NO0A",2015,1350671,1350671
"NO0A",2016,1360470,1360470
"NO0A",2017,1368527,1368527
"NO0A",2018,1373152,1373152
"NO0A",2019,1377343,1377343
"NO0A",2020,NA,1377167.80849743
"NO0B",2009,4170,4170
"NO0B",2010,4104,4104
"NO0B",2011,4034,4034
"NO0B",2012,4230,4230
"NO0B",2013,4316,4316
"NO0B",2014,4200,4200
"NO0B",2015,4370,4370
"NO0B",2016,4304,4304
"NO0B",2017,4290,4290
"NO0B",2018,4428,4428
"NO0B",2019,4516,4516
"NO0B",2020,NA,9272.43586596004
"PL21",2009,NA,3266299.36976637
"PL21",2010,3280603,3280603
"PL21",2011,3293551,3293551
"PL21",2012,3303061,3303061
"PL21",2013,3310450,3310450
"PL21",2014,3316097,3316097
"PL21",2015,3324579,3324579
"PL21",2016,3330031,3330031
"PL21",2017,3339803,3339803
"PL21",2018,3349498,3349498
"PL21",2019,3360545,3360545
"PL21",2020,3371956,3371956
"PL22",2009,NA,4613604.48015888
"PL22",2010,4590630,4590630
"PL22",2011,4585758,4585758
"PL22",2012,4576485,4576485
"PL22",2013,4566039,4566039
"PL22",2014,4548177,4548177
"PL22",2015,4535705,4535705
"PL22",2016,4520567,4520567
"PL22",2017,4510528,4510528
"PL22",2018,4500863,4500863
"PL22",2019,4488998,4488998
"PL22",2020,4475460,4475460
"PL41",2009,NA,3420943.68035756
"PL41",2010,3410721,3410721
"PL41",2011,3422705,3422705
"PL41",2012,3430702,3430702
"PL41",2013,3437751,3437751
"PL41",2014,3441440,3441440
"PL41",2015,3447689,3447689
"PL41",2016,3450966,3450966
"PL41",2017,3457473,3457473
"PL41",2018,3465605,3465605
"PL41",2019,3473172,3473172
"PL41",2020,3479525,3479525
"PL42",2009,NA,1695965.92428767
"PL42",2010,1696985,1696985
"PL42",2011,1697166,1697166
"PL42",2012,1695822,1695822
"PL42",2013,1694560,1694560
"PL42",2014,1691400,1691400
"PL42",2015,1688486,1688486
"PL42",2016,1684025,1684025
"PL42",2017,1681246,1681246
"PL42",2018,1678873,1678873
"PL42",2019,1675502,1675502
"PL42",2020,1671605,1671605
"PL43",2009,NA,1020722.86521101
"PL43",2010,1009605,1009605
"PL43",2011,1010700,1010700
"PL43",2012,1010421,1010421
"PL43",2013,1010582,1010582
"PL43",2014,1008564,1008564
"PL43",2015,1007442,1007442
"PL43",2016,1005159,1005159
"PL43",2017,1004892,1004892
"PL43",2018,1004127,1004127
"PL43",2019,1003310,1003310
"PL43",2020,1001411,1001411
"PL51",2009,NA,2886329.87850172
"PL51",2010,2876509,2876509
"PL51",2011,2878103,2878103
"PL51",2012,2876855,2876855
"PL51",2013,2875180,2875180
"PL51",2014,2869579,2869579
"PL51",2015,2868338,2868338
"PL51",2016,2864624,2864624
"PL51",2017,2866218,2866218
"PL51",2018,2865358,2865358
"PL51",2019,2865072,2865072
"PL51",2020,2864809,2864809
"PL52",2009,NA,984693.507909037
"PL52",2010,975283,975283
"PL52",2011,972986,972986
"PL52",2012,969541,969541
"PL52",2013,966167,966167
"PL52",2014,960226,960226
"PL52",2015,956913,956913
"PL52",2016,952557,952557
"PL52",2017,950710,950710
"PL52",2018,948808,948808
"PL52",2019,946038,946038
"PL52",2020,942233,942233
"PL61",2009,NA,2079003.29997509
"PL61",2010,2074489,2074489
"PL61",2011,2075129,2075129
"PL61",2012,2074398,2074398
"PL61",2013,2072655,2072655
"PL61",2014,2068417,2068417
"PL61",2015,2065846,2065846
"PL61",2016,2062006,2062006
"PL61",2017,2060575,2060575
"PL61",2018,2059748,2059748
"PL61",2019,2055433,2055433
"PL61",2020,2050976,2050976
"PL62",2009,NA,1437085.02976922
"PL62",2010,1428496,1428496
"PL62",2011,1428620,1428620
"PL62",2012,1427162,1427162
"PL62",2013,1425897,1425897
"PL62",2014,1421264,1421264
"PL62",2015,1418541,1418541
"PL62",2016,1414734,1414734
"PL62",2017,1410641,1410641
"PL62",2018,1408415,1408415
"PL62",2019,1404441,1404441
"PL62",2020,1399038,1399038
"PL63",2009,NA,2219089.52486997
"PL63",2010,2234955,2234955
"PL63",2011,2245568,2245568
"PL63",2012,2253048,2253048
"PL63",2013,2259485,2259485
"PL63",2014,2264817,2264817
"PL63",2015,2271559,2271559
"PL63",2016,2277059,2277059
"PL63",2017,2285800,2285800
"PL63",2018,2294926,2294926
"PL63",2019,2305077,2305077
"PL63",2020,2316135,2316135
"PL71",2009,NA,2532822.80575968
"PL71",2010,NA,2538204.76027682
"PL71",2011,NA,2530407.02821003
"PL71",2012,NA,2511725.60380771
"PL71",2013,NA,2509259.44299785
"PL71",2014,2498861,2498861
"PL71",2015,2489844,2489844
"PL71",2016,2479350,2479350
"PL71",2017,2471620,2471620
"PL71",2018,2462448,2462448
"PL71",2019,2453167,2453167
"PL71",2020,2442685,2442685
"PL72",2009,NA,1275542.30887752
"PL72",2010,NA,1271847.06613279
"PL72",2011,NA,1271792.1610599
"PL72",2012,NA,1260805.07048742
"PL72",2013,NA,1262690.97372906
"PL72",2014,1253041,1253041
"PL72",2015,1247951,1247951
"PL72",2016,1241895,1241895
"PL72",2017,1237518,1237518
"PL72",2018,1232016,1232016
"PL72",2019,1226243,1226243
"PL72",2020,1218743,1218743
"PL81",2009,NA,2155661.77499121
"PL81",2010,NA,2148939.32622427
"PL81",2011,NA,2136131.49538934
"PL81",2012,NA,2134619.75049875
"PL81",2013,NA,2133207.30933208
"PL81",2014,2134413,2134413
"PL81",2015,2126310,2126310
"PL81",2016,2118528,2118528
"PL81",2017,2112787,2112787
"PL81",2018,2105442,2105442
"PL81",2019,2097294,2097294
"PL81",2020,2088292,2088292
"PL82",2009,NA,2007686.61052723
"PL82",2010,NA,2022451.66516755
"PL82",2011,NA,2027271.3825414
"PL82",2012,NA,2034532.86628869
"PL82",2013,NA,2043634.43387521
"PL82",2014,2083546,2083546
"PL82",2015,2084264,2084264
"PL82",2016,2083496,2083496
"PL82",2017,2084722,2084722
"PL82",2018,2085877,2085877
"PL82",2019,2086135,2086135
"PL82",2020,2084447,2084447
"PL84",2009,NA,1292587.09575889
"PL84",2010,NA,1273025.36487099
"PL84",2011,NA,1260596.70686386
"PL84",2012,NA,1239775.38097978
"PL84",2013,NA,1222898.99311104
"PL84",2014,1165447,1165447
"PL84",2015,1162369,1162369
"PL84",2016,1158945,1158945
"PL84",2017,1156947,1156947
"PL84",2018,1154856,1154856
"PL84",2019,1152074,1152074
"PL84",2020,1149389,1149389
"PL91",2009,NA,2826242.77009085
"PL91",2010,NA,2848832.34423425
"PL91",2011,NA,2868905.2992133
"PL91",2012,NA,2888579.50810748
"PL91",2013,NA,2914571.30786966
"PL91",2014,2937140,2937140
"PL91",2015,2960058,2960058
"PL91",2016,2979942,2979942
"PL91",2017,3002278,3002278
"PL91",2018,3025034,3025034
"PL91",2019,3053104,3053104
"PL91",2020,3082399,3082399
"PL92",2009,NA,2376370.45000218
"PL92",2010,NA,2366873.00272367
"PL92",2011,NA,2365348.75849401
"PL92",2012,NA,2356303.94801707
"PL92",2013,NA,2363138.86324888
"PL92",2014,2355427,2355427
"PL92",2015,2349720,2349720
"PL92",2016,2343325,2343325
"PL92",2017,2339206,2339206
"PL92",2018,2334793,2334793
"PL92",2019,2327207,2327207
"PL92",2020,2319035,2319035
"PT11",2009,NA,3716058.01779425
"PT11",2010,3705980,3705980
"PT11",2011,3693585,3693585
"PT11",2012,3687224,3687224
"PT11",2013,3666234,3666234
"PT11",2014,3644195,3644195
"PT11",2015,3621785,3621785
"PT11",2016,3603778,3603778
"PT11",2017,3584575,3584575
"PT11",2018,3576205,3576205
"PT11",2019,3572583,3572583
"PT11",2020,3575338,3575338
"PT15",2009,NA,453222.348745393
"PT15",2010,445824,445824
"PT15",2011,451304,451304
"PT15",2012,446140,446140
"PT15",2013,444390,444390
"PT15",2014,442358,442358
"PT15",2015,441468,441468
"PT15",2016,441929,441929
"PT15",2017,441469,441469
"PT15",2018,439617,439617
"PT15",2019,438864,438864
"PT15",2020,438406,438406
"PT16",2009,NA,2343883.10883611
"PT16",2010,2337787,2337787
"PT16",2011,2331642,2331642
"PT16",2012,2316169,2316169
"PT16",2013,2298938,2298938
"PT16",2014,2281164,2281164
"PT16",2015,2263992,2263992
"PT16",2016,2256364,2256364
"PT16",2017,2243934,2243934
"PT16",2018,2231346,2231346
"PT16",2019,2216569,2216569
"PT16",2020,2217285,2217285
"PT17",2009,NA,2813982.46747786
"PT17",2010,2808205,2808205
"PT17",2011,2822761,2822761
"PT17",2012,2827050,2827050
"PT17",2013,2818388,2818388
"PT17",2014,2807525,2807525
"PT17",2015,2809168,2809168
"PT17",2016,2812678,2812678
"PT17",2017,2821349,2821349
"PT17",2018,2833679,2833679
"PT17",2019,2846332,2846332
"PT17",2020,2863272,2863272
"PT18",2009,NA,787668.932637031
"PT18",2010,762068,762068
"PT18",2011,758707,758707
"PT18",2012,754385,754385
"PT18",2013,748699,748699
"PT18",2014,743306,743306
"PT18",2015,733370,733370
"PT18",2016,724391,724391
"PT18",2017,718087,718087
"PT18",2018,711950,711950
"PT18",2019,705478,705478
"PT18",2020,704558,704558
"PT20",2009,NA,253490.944751698
"PT20",2010,246900,246900
"PT20",2011,246757,246757
"PT20",2012,247194,247194
"PT20",2013,247549,247549
"PT20",2014,247440,247440
"PT20",2015,246353,246353
"PT20",2016,245766,245766
"PT20",2017,245283,245283
"PT20",2018,243862,243862
"PT20",2019,242846,242846
"PT20",2020,242796,242796
"PT30",2009,NA,263365.779234404
"PT30",2010,266715,266715
"PT30",2011,267965,267965
"PT30",2012,264236,264236
"PT30",2013,263091,263091
"PT30",2014,261313,261313
"PT30",2015,258686,258686
"PT30",2016,256424,256424
"PT30",2017,254876,254876
"PT30",2018,254368,254368
"PT30",2019,253945,253945
"PT30",2020,254254,254254
"RO11",2009,NA,2709225.48204171
"RO11",2010,2719719,2719719
"RO11",2011,2717532,2717532
"RO11",2012,2598877,2598877
"RO11",2013,2594823,2594823
"RO11",2014,2590220,2590220
"RO11",2015,2585543,2585543
"RO11",2016,2576567,2576567
"RO11",2017,2568282,2568282
"RO11",2018,2560504,2560504
"RO11",2019,2552112,2552112
"RO11",2020,2547429,2547429
"RO12",2009,NA,2494054.67916487
"RO12",2010,2524418,2524418
"RO12",2011,2522692,2522692
"RO12",2012,2360578,2360578
"RO12",2013,2359405,2359405
"RO12",2014,2355312,2355312
"RO12",2015,2350147,2350147
"RO12",2016,2341964,2341964
"RO12",2017,2332785,2332785
"RO12",2018,2325371,2325371
"RO12",2019,2318272,2318272
"RO12",2020,2314826,2314826
"RO21",2009,NA,3522499.36149246
"RO21",2010,3712396,3712396
"RO21",2011,3703283,3703283
"RO21",2012,3294204,3294204
"RO21",2013,3278798,3278798
"RO21",2014,3273367,3273367
"RO21",2015,3269598,3269598
"RO21",2016,3256734,3256734
"RO21",2017,3239540,3239540
"RO21",2018,3222732,3222732
"RO21",2019,3198564,3198564
"RO21",2020,3184215,3184215
"RO22",2009,NA,2737730.47575305
"RO22",2010,2811218,2811218
"RO22",2011,2802532,2802532
"RO22",2012,2538949,2538949
"RO22",2013,2523354,2523354
"RO22",2014,2509094,2509094
"RO22",2015,2492352,2492352
"RO22",2016,2469868,2469868
"RO22",2017,2447270,2447270
"RO22",2018,2423059,2423059
"RO22",2019,2396171,2396171
"RO22",2020,2377101,2377101
"RO31",2009,NA,3279382.25710734
"RO31",2010,3267270,3267270
"RO31",2011,3253712,3253712
"RO31",2012,3128799,3128799
"RO31",2013,3108150,3108150
"RO31",2014,3085095,3085095
"RO31",2015,3061286,3061286
"RO31",2016,3031555,3031555
"RO31",2017,3003394,3003394
"RO31",2018,2965415,2965415
"RO31",2019,2929832,2929832
"RO31",2020,2901376,2901376
"RO32",2009,NA,2253325.15511268
"RO32",2010,2261698,2261698
"RO32",2011,2267419,2267419
"RO32",2012,2279145,2279145
"RO32",2013,2282244,2282244
"RO32",2014,2282968,2282968
"RO32",2015,2284200,2284200
"RO32",2016,2288203,2288203
"RO32",2017,2287208,2287208
"RO32",2018,2302291,2302291
"RO32",2019,2315173,2315173
"RO32",2020,2322002,2322002
"RO41",2009,NA,2247899.58795679
"RO41",2010,2246033,2246033
"RO41",2011,2232814,2232814
"RO41",2012,2067357,2067357
"RO41",2013,2048702,2048702
"RO41",2014,2033360,2033360
"RO41",2015,2015766,2015766
"RO41",2016,1993482,1993482
"RO41",2017,1972979,1972979
"RO41",2018,1949813,1949813
"RO41",2019,1926860,1926860
"RO41",2020,1910409,1910409
"RO42",2009,NA,1897555.58169833
"RO42",2010,1919434,1919434
"RO42",2011,1913831,1913831
"RO42",2012,1828087,1828087
"RO42",2013,1824598,1824598
"RO42",2014,1817895,1817895
"RO42",2015,1811755,1811755
"RO42",2016,1802212,1802212
"RO42",2017,1792491,1792491
"RO42",2018,1784296,1784296
"RO42",2019,1777474,1777474
"RO42",2020,1771480,1771480
"SE11",2009,NA,1968305.16026682
"SE11",2010,2019182,2019182
"SE11",2011,2054343,2054343
"SE11",2012,2091473,2091473
"SE11",2013,2127006,2127006
"SE11",2014,2163042,2163042
"SE11",2015,2198044,2198044
"SE11",2016,2231439,2231439
"SE11",2017,2269060,2269060
"SE11",2018,2308143,2308143
"SE11",2019,2344124,2344124
"SE11",2020,2377081,2377081
"SE12",2009,NA,1524260.36021141
"SE12",2010,1558292,1558292
"SE12",2011,1569248,1569248
"SE12",2012,1578097,1578097
"SE12",2013,1589821,1589821
"SE12",2014,1605347,1605347
"SE12",2015,1621566,1621566
"SE12",2016,1638825,1638825
"SE12",2017,1664145,1664145
"SE12",2018,1687810,1687810
"SE12",2019,1708813,1708813
"SE12",2020,1727398,1727398
"SE21",2009,NA,797158.649320381
"SE21",2010,810066,810066
"SE21",2011,811611,811611
"SE21",2012,812948,812948
"SE21",2013,815792,815792
"SE21",2014,819426,819426
"SE21",2015,826243,826243
"SE21",2016,834276,834276
"SE21",2017,847667,847667
"SE21",2018,856887,856887
"SE21",2019,864630,864630
"SE21",2020,870200,870200
"SE22",2009,NA,1365648.72276532
"SE22",2010,1383653,1383653
"SE22",2011,1396556,1396556
"SE22",2012,1405912,1405912
"SE22",2013,1415403,1415403
"SE22",2014,1426826,1426826
"SE22",2015,1443065,1443065
"SE22",2016,1459880,1459880
"SE22",2017,1483018,1483018
"SE22",2018,1504060,1504060
"SE22",2019,1521848,1521848
"SE22",2020,1537433,1537433
"SE23",2009,NA,1831382.99627589
"SE23",2010,1866283,1866283
"SE23",2011,1879781,1879781
"SE23",2012,1892328,1892328
"SE23",2013,1904563,1904563
"SE23",2014,1921924,1921924
"SE23",2015,1942677,1942677
"SE23",2016,1963466,1963466
"SE23",2017,1992116,1992116
"SE23",2018,2015607,2015607
"SE23",2019,2039166,2039166
"SE23",2020,2059729,2059729
"SE31",2009,NA,821103.786914274
"SE31",2010,825931,825931
"SE31",2011,826820,826820
"SE31",2012,825431,825431
"SE31",2013,826272,826272
"SE31",2014,829134,829134
"SE31",2015,833585,833585
"SE31",2016,838747,838747
"SE31",2017,848451,848451
"SE31",2018,852201,852201
"SE31",2019,855220,855220
"SE31",2020,857762,857762
"SE32",2009,NA,359554.201006502
"SE32",2010,369708,369708
"SE32",2011,369316,369316
"SE32",2012,368454,368454
"SE32",2013,368182,368182
"SE32",2014,368617,368617
"SE32",2015,369826,369826
"SE32",2016,371273,371273
"SE32",2017,374245,374245
"SE32",2018,375774,375774
"SE32",2019,375733,375733
"SE32",2020,376157,376157
"SE33",2009,NA,505598.729529065
"SE33",2010,507567,507567
"SE33",2011,507895,507895
"SE33",2012,508212,508212
"SE33",2013,508854,508854
"SE33",2014,510548,510548
"SE33",2015,512349,512349
"SE33",2016,513111,513111
"SE33",2017,516451,516451
"SE33",2018,519760,519760
"SE33",2019,520651,520651
"SE33",2020,521829,521829
"SI03",2009,NA,1101188.24061474
"SI03",2010,1099674,1099674
"SI03",2011,1098506,1098506
"SI03",2012,1099196,1099196
"SI03",2013,1097198,1097198
"SI03",2014,1094709,1094709
"SI03",2015,1093545,1093545
"SI03",2016,1092193,1092193
"SI03",2017,1091159,1091159
"SI03",2018,1089717,1089717
"SI03",2019,1094435,1094435
"SI03",2020,1100012,1100012
"SI04",2009,NA,946486.072635939
"SI04",2010,947302,947302
"SI04",2011,951683,951683
"SI04",2012,956300,956300
"SI04",2013,961623,961623
"SI04",2014,966376,966376
"SI04",2015,969329,969329
"SI04",2016,971995,971995
"SI04",2017,974736,974736
"SI04",2018,977163,977163
"SI04",2019,986473,986473
"SI04",2020,995849,995849
"SK01",2009,NA,594721.196188561
"SK01",2010,597999,597999
"SK01",2011,599931,599931
"SK01",2012,606537,606537
"SK01",2013,612682,612682
"SK01",2014,618380,618380
"SK01",2015,625167,625167
"SK01",2016,633288,633288
"SK01",2017,641892,641892
"SK01",2018,650838,650838
"SK01",2019,659598,659598
"SK01",2020,669592,669592
"SK02",2009,NA,1847065.44059213
"SK02",2010,1842763,1842763
"SK02",2011,1838786,1838786
"SK02",2012,1839259,1839259
"SK02",2013,1838136,1838136
"SK02",2014,1836664,1836664
"SK02",2015,1834832,1834832
"SK02",2016,1832159,1832159
"SK02",2017,1830751,1830751
"SK02",2018,1828428,1828428
"SK02",2019,1826145,1826145
"SK02",2020,1823792,1823792
"SK03",2009,NA,1348812.41026397
"SK03",2010,1350286,1350286
"SK03",2011,1349286,1349286
"SK03",2012,1349729,1349729
"SK03",2013,1348611,1348611
"SK03",2014,1347233,1347233
"SK03",2015,1345808,1345808
"SK03",2016,1343458,1343458
"SK03",2017,1342287,1342287
"SK03",2018,1340811,1340811
"SK03",2019,1339242,1339242
"SK03",2020,1336785,1336785
"SK04",2009,NA,1602205.79945634
"SK04",2010,1599362,1599362
"SK04",2011,1604443,1604443
"SK04",2012,1608797,1608797
"SK04",2013,1611407,1611407
"SK04",2014,1613672,1613672
"SK04",2015,1615542,1615542
"SK04",2016,1617347,1617347
"SK04",2017,1620413,1620413
"SK04",2018,1623043,1623043
"SK04",2019,1625436,1625436
"SK04",2020,1627704,1627704
"UKC1",2009,NA,1165260.41989437
"UKC1",2010,1168781,1168781
"UKC1",2011,1173646,1173646
"UKC1",2012,1177121,1177121
"UKC1",2013,1179963,1179963
"UKC1",2014,1183175,1183175
"UKC1",2015,1186123,1186123
"UKC1",2016,1190177,1190177
"UKC1",2017,1194437,1194437
"UKC1",2018,1197992,1197992
"UKC1",2019,1201543,1201543
"UKC1",2020,NA,1202387.38127082
"UKC2",2009,NA,1406082.19746375
"UKC2",2010,1412315,1412315
"UKC2",2011,1417980,1417980
"UKC2",2012,1422315,1422315
"UKC2",2013,1426640,1426640
"UKC2",2014,1431607,1431607
"UKC2",2015,1435643,1435643
"UKC2",2016,1440477,1440477
"UKC2",2017,1446249,1446249
"UKC2",2018,1450223,1450223
"UKC2",2019,1455437,1455437
"UKC2",2020,NA,1470188.20663268
"UKD1",2009,NA,490993.128890462
"UKD1",2010,500458,500458
"UKD1",2011,499952,499952
"UKD1",2012,499524,499524
"UKD1",2013,498860,498860
"UKD1",2014,498463,498463
"UKD1",2015,498545,498545
"UKD1",2016,498745,498745
"UKD1",2017,498641,498641
"UKD1",2018,498216,498216
"UKD1",2019,498083,498083
"UKD1",2020,NA,501418.502030894
"UKD3",2009,NA,2638130.1200302
"UKD3",2010,2651011,2651011
"UKD3",2011,2673791,2673791
"UKD3",2012,2693358,2693358
"UKD3",2013,2707445,2707445
"UKD3",2014,2721819,2721819
"UKD3",2015,2741974,2741974
"UKD3",2016,2767348,2767348
"UKD3",2017,2789735,2789735
"UKD3",2018,2808080,2808080
"UKD3",2019,2822003,2822003
"UKD3",2020,NA,2844827.20401797
"UKD4",2009,NA,1452105.60923938
"UKD4",2010,1455120,1455120
"UKD4",2011,1459318,1459318
"UKD4",2012,1463274,1463274
"UKD4",2013,1466592,1466592
"UKD4",2014,1469371,1469371
"UKD4",2015,1473818,1473818
"UKD4",2016,1480296,1480296
"UKD4",2017,1487102,1487102
"UKD4",2018,1490434,1490434
"UKD4",2019,1495318,1495318
"UKD4",2020,NA,1502573.9250949
"UKD6",2009,NA,890169.074573317
"UKD6",2010,898513,898513
"UKD6",2011,901375,901375
"UKD6",2012,904677,904677
"UKD6",2013,907796,907796
"UKD6",2014,911368,911368
"UKD6",2015,915471,915471
"UKD6",2016,919711,919711
"UKD6",2017,924261,924261
"UKD6",2018,927799,927799
"UKD6",2019,931347,931347
"UKD6",2020,NA,928713.848167235
"UKD7",2009,NA,1489557.40728756
"UKD7",2010,1498042,1498042
"UKD7",2011,1503567,1503567
"UKD7",2012,1509368,1509368
"UKD7",2013,1513266,1513266
"UKD7",2014,1517171,1517171
"UKD7",2015,1524173,1524173
"UKD7",2016,1533376,1533376
"UKD7",2017,1541473,1541473
"UKD7",2018,1547607,1547607
"UKD7",2019,1553324,1553324
"UKD7",2020,NA,1558957.28290249
"UKE1",2009,NA,921335.785109201
"UKE1",2010,914144,914144
"UKE1",2011,916612,916612
"UKE1",2012,919564,919564
"UKE1",2013,921510,921510
"UKE1",2014,922928,922928
"UKE1",2015,924558,924558
"UKE1",2016,926818,926818
"UKE1",2017,929189,929189
"UKE1",2018,931065,931065
"UKE1",2019,932645,932645
"UKE1",2020,NA,927027.926713836
"UKE2",2009,NA,793565.944770255
"UKE2",2010,791442,791442
"UKE2",2011,796538,796538
"UKE2",2012,801039,801039
"UKE2",2013,804925,804925
"UKE2",2014,807558,807558
"UKE2",2015,810048,810048
"UKE2",2016,814066,814066
"UKE2",2017,818141,818141
"UKE2",2018,820874,820874
"UKE2",2019,824054,824054
"UKE2",2020,NA,839593.666185612
"UKE3",2009,NA,1312442.8152125
"UKE3",2010,1328405,1328405
"UKE3",2011,1338373,1338373
"UKE3",2012,1348096,1348096
"UKE3",2013,1355465,1355465
"UKE3",2014,1362340,1362340
"UKE3",2015,1370817,1370817
"UKE3",2016,1380458,1380458
"UKE3",2017,1389426,1389426
"UKE3",2018,1397266,1397266
"UKE3",2019,1404971,1404971
"UKE3",2020,NA,1406206.56361974
"UKE4",2009,NA,2199471.78100112
"UKE4",2010,2205139,2205139
"UKE4",2011,2220015,2220015
"UKE4",2012,2233863,2233863
"UKE4",2013,2245499,2245499
"UKE4",2014,2256217,2256217
"UKE4",2015,2269744,2269744
"UKE4",2016,2286357,2286357
"UKE4",2017,2301000,2301000
"UKE4",2018,2313390,2313390
"UKE4",2019,2324560,2324560
"UKE4",2020,NA,2342714.20856676
"UKF1",2009,NA,2069499.25789638
"UKF1",2010,2090780,2090780
"UKF1",2011,2104311,2104311
"UKF1",2012,2116662,2116662
"UKF1",2013,2129007,2129007
"UKF1",2014,2141903,2141903
"UKF1",2015,2155431,2155431
"UKF1",2016,2170611,2170611
"UKF1",2017,2187643,2187643
"UKF1",2018,2199851,2199851
"UKF1",2019,2210381,2210381
"UKF1",2020,NA,2228196.73506033
"UKF2",2009,NA,1656740.31714607
"UKF2",2010,1689857,1689857
"UKF2",2011,1704627,1704627
"UKF2",2012,1719017,1719017
"UKF2",2013,1732295,1732295
"UKF2",2014,1747794,1747794
"UKF2",2015,1767307,1767307
"UKF2",2016,1789613,1789613
"UKF2",2017,1812852,1812852
"UKF2",2018,1828762,1828762
"UKF2",2019,1843764,1843764
"UKF2",2020,NA,1863181.19813256
"UKF3",2009,NA,689322.549631386
"UKF3",2010,708733,708733
"UKF3",2011,713322,713322
"UKF3",2012,716973,716973
"UKF3",2013,721847,721847
"UKF3",2014,728205,728205
"UKF3",2015,734643,734643
"UKF3",2016,741087,741087
"UKF3",2017,747996,747996
"UKF3",2018,752671,752671
"UKF3",2019,756920,756920
"UKF3",2020,NA,763148.824255519
"UKG1",2009,NA,1279915.84196787
"UKG1",2010,1288952,1288952
"UKG1",2011,1293901,1293901
"UKG1",2012,1299764,1299764
"UKG1",2013,1305682,1305682
"UKG1",2014,1312357,1312357
"UKG1",2015,1319504,1319504
"UKG1",2016,1327386,1327386
"UKG1",2017,1338055,1338055
"UKG1",2018,1344393,1344393
"UKG1",2019,1352539,1352539
"UKG1",2020,NA,1346448.62992134
"UKG2",2009,NA,1550169.36900583
"UKG2",2010,1558437,1558437
"UKG2",2011,1567473,1567473
"UKG2",2012,1575136,1575136
"UKG2",2013,1581454,1581454
"UKG2",2014,1588088,1588088
"UKG2",2015,1594600,1594600
"UKG2",2016,1603003,1603003
"UKG2",2017,1613788,1613788
"UKG2",2018,1619877,1619877
"UKG2",2019,1626956,1626956
"UKG2",2020,NA,1630536.20089193
"UKG3",2009,NA,2669355.08571487
"UKG3",2010,2699492,2699492
"UKG3",2011,2725810,2725810
"UKG3",2012,2750805,2750805
"UKG3",2013,2771841,2771841
"UKG3",2014,2793881,2793881
"UKG3",2015,2820216,2820216
"UKG3",2016,2852553,2852553
"UKG3",2017,2883905,2883905
"UKG3",2018,2908821,2908821
"UKG3",2019,2928377,2928377
"UKG3",2020,NA,2965318.01892626
"UKH1",2009,NA,2337232.58027931
"UKH1",2010,2361712,2361712
"UKH1",2011,2385006,2385006
"UKH1",2012,2403234,2403234
"UKH1",2013,2416785,2416785
"UKH1",2014,2434456,2434456
"UKH1",2015,2456564,2456564
"UKH1",2016,2475882,2475882
"UKH1",2017,2493326,2493326
"UKH1",2018,2509078,2509078
"UKH1",2019,2521676,2521676
"UKH1",2020,NA,2550868.58116289
"UKH2",2009,NA,1678556.81623688
"UKH2",2010,1706697,1706697
"UKH2",2011,1726575,1726575
"UKH2",2012,1745325,1745325
"UKH2",2013,1763546,1763546
"UKH2",2014,1784776,1784776
"UKH2",2015,1806939,1806939
"UKH2",2016,1827766,1827766
"UKH2",2017,1841673,1841673
"UKH2",2018,1859787,1859787
"UKH2",2019,1871847,1871847
"UKH2",2020,NA,1896600.73768544
"UKH3",2009,NA,1677147.80413233
"UKH3",2010,1711120,1711120
"UKH3",2011,1723421,1723421
"UKH3",2012,1735578,1735578
"UKH3",2013,1748546,1748546
"UKH3",2014,1765271,1765271
"UKH3",2015,1782982,1782982
"UKH3",2016,1798750,1798750
"UKH3",2017,1813609,1813609
"UKH3",2018,1828948,1828948
"UKH3",2019,1841887,1841887
"UKH3",2020,NA,1848542.65007819
"UKI0",2009,NA,7912016.3599292
"UKI0",2010,8002621,8002621
"UKI0",2011,8133525,8133525
"UKI0",2012,8256568,8256568
"UKI0",2013,8363095,8363095
"UKI0",2014,8478369,8478369
"UKI0",2015,8603110,8603110
"UKI0",2016,8718245,8718245
"UKI0",2017,8797265,8797265
"UKI0",2018,8899823,8899823
"UKI0",2019,8982256,8982256
"UKI0",2020,NA,9136447.38844136
"UKJ1",2009,NA,2223631.82378302
"UKJ1",2010,2242650,2242650
"UKJ1",2011,2264895,2264895
"UKJ1",2012,2284847,2284847
"UKJ1",2013,2304318,2304318
"UKJ1",2014,2325301,2325301
"UKJ1",2015,2347205,2347205
"UKJ1",2016,2368548,2368548
"UKJ1",2017,2385514,2385514
"UKJ1",2018,2402507,2402507
"UKJ1",2019,2417428,2417428
"UKJ1",2020,NA,2441084.0808884
"UKJ2",2009,NA,2683276.63381543
"UKJ2",2010,2709001,2709001
"UKJ2",2011,2733391,2733391
"UKJ2",2012,2755648,2755648
"UKJ2",2013,2778314,2778314
"UKJ2",2014,2802800,2802800
"UKJ2",2015,2827820,2827820
"UKJ2",2016,2852269,2852269
"UKJ2",2017,2871387,2871387
"UKJ2",2018,2892767,2892767
"UKJ2",2019,2909838,2909838
"UKJ2",2020,NA,2941593.66309095
"UKJ3",2009,NA,1874106.20107209
"UKJ3",2010,1877812,1877812
"UKJ3",2011,1894162,1894162
"UKJ3",2012,1908507,1908507
"UKJ3",2013,1920223,1920223
"UKJ3",2014,1932133,1932133
"UKJ3",2015,1946199,1946199
"UKJ3",2016,1961230,1961230
"UKJ3",2017,1973952,1973952
"UKJ3",2018,1985074,1985074
"UKJ3",2019,1993050,1993050
"UKJ3",2020,NA,2000966.75593649
"UKJ4",2009,NA,1684227.77777794
"UKJ4",2010,1705146,1705146
"UKJ4",2011,1723082,1723082
"UKJ4",2012,1739802,1739802
"UKJ4",2013,1756070,1756070
"UKJ4",2014,1773140,1773140
"UKJ4",2015,1790347,1790347
"UKJ4",2016,1807834,1807834
"UKJ4",2017,1824794,1824794
"UKJ4",2018,1840563,1840563
"UKJ4",2019,1854717,1854717
"UKJ4",2020,NA,1872150.99812183
"UKK1",2009,NA,2309618.8634706
"UKK1",2010,2324183,2324183
"UKK1",2011,2342716,2342716
"UKK1",2012,2362209,2362209
"UKK1",2013,2382428,2382428
"UKK1",2014,2404752,2404752
"UKK1",2015,2429519,2429519
"UKK1",2016,2453872,2453872
"UKK1",2017,2474784,2474784
"UKK1",2018,2496022,2496022
"UKK1",2019,2516568,2516568
"UKK1",2020,NA,2549159.32672548
"UKK2",2009,NA,1262272.38450625
"UKK2",2010,1261896,1261896
"UKK2",2011,1271821,1271821
"UKK2",2012,1280933,1280933
"UKK2",2013,1288448,1288448
"UKK2",2014,1295993,1295993
"UKK2",2015,1304470,1304470
"UKK2",2016,1313859,1313859
"UKK2",2017,1322286,1322286
"UKK2",2018,1329868,1329868
"UKK2",2019,1336003,1336003
"UKK2",2020,NA,1342288.40865006
"UKK3",2009,NA,517335.578034503
"UKK3",2010,530325,530325
"UKK3",2011,534024,534024
"UKK3",2012,538254,538254
"UKK3",2013,542252,542252
"UKK3",2014,546137,546137
"UKK3",2015,550437,550437
"UKK3",2016,555014,555014
"UKK3",2017,560526,560526
"UKK3",2018,564588,564588
"UKK3",2019,568612,568612
"UKK3",2020,NA,569239.169414278
"UKK4",2009,NA,1119127.15652042
"UKK4",2010,1127629,1127629
"UKK4",2011,1132530,1132530
"UKK4",2012,1138922,1138922
"UKK4",2013,1145447,1145447
"UKK4",2014,1153568,1153568
"UKK4",2015,1162981,1162981
"UKK4",2016,1171558,1171558
"UKK4",2017,1180517,1180517
"UKK4",2018,1187825,1187825
"UKK4",2019,1195198,1195198
"UKK4",2020,NA,1191909.35313326
"UKL1",2009,NA,1917158.79033549
"UKL1",2010,1924712,1924712
"UKL1",2011,1930295,1930295
"UKL1",2012,1936308,1936308
"UKL1",2013,1940620,1940620
"UKL1",2014,1944635,1944635
"UKL1",2015,1948946,1948946
"UKL1",2016,1954376,1954376
"UKL1",2017,1960764,1960764
"UKL1",2018,1963646,1963646
"UKL1",2019,1968383,1968383
"UKL1",2020,NA,1975939.70652253
"UKL2",2009,NA,1106362.04036843
"UKL2",2010,1119494,1119494
"UKL2",2011,1126355,1126355
"UKL2",2012,1132607,1132607
"UKL2",2013,1137738,1137738
"UKL2",2014,1142724,1142724
"UKL2",2015,1146757,1146757
"UKL2",2016,1151846,1151846
"UKL2",2017,1158491,1158491
"UKL2",2018,1162876,1162876
"UKL2",2019,1168000,1168000
"UKL2",2020,NA,1179643.11638579
"UKM5",2009,NA,472426.514329351
"UKM5",2010,468596,468596
"UKM5",2011,473634,473634
"UKM5",2012,478294,478294
"UKM5",2013,482660,482660
"UKM5",2014,487150,487150
"UKM5",2015,490875,490875
"UKM5",2016,492173,492173
"UKM5",2017,491323,491323
"UKM5",2018,494624,494624
"UKM5",2019,495365,495365
"UKM5",2020,NA,497699.659023194
"UKM6",2009,NA,461856.895256059
"UKM6",2010,463388,463388
"UKM6",2011,465794,465794
"UKM6",2012,466605,466605
"UKM6",2013,466737,466737
"UKM6",2014,467326,467326
"UKM6",2015,467889,467889
"UKM6",2016,468903,468903
"UKM6",2017,469420,469420
"UKM6",2018,470743,470743
"UKM6",2019,470990,470990
"UKM6",2020,NA,466271.984671696
"UKM7",2009,NA,1874891.03046757
"UKM7",2010,NA,1893058.23862896
"UKM7",2011,NA,1912435.42036775
"UKM7",2012,1915517,1915517
"UKM7",2013,1924614,1924614
"UKM7",2014,1933992,1933992
"UKM7",2015,1946564,1946564
"UKM7",2016,1961928,1961928
"UKM7",2017,1976392,1976392
"UKM7",2018,1988307,1988307
"UKM7",2019,1998699,1998699
"UKM7",2020,NA,2020853.99471496
"UKM8",2009,NA,1469731.4222139
"UKM8",2010,NA,1486775.01900224
"UKM8",2011,NA,1484102.84705074
"UKM8",2012,1499887,1499887
"UKM8",2013,1500987,1500987
"UKM8",2014,1504303,1504303
"UKM8",2015,1510438,1510438
"UKM8",2016,1520628,1520628
"UKM8",2017,1531216,1531216
"UKM8",2018,1536415,1536415
"UKM8",2019,1541998,1541998
"UKM8",2020,NA,1559927.05607061
"UKM9",2009,NA,946521.916403175
"UKM9",2010,NA,945986.638357706
"UKM9",2011,NA,952458.813552132
"UKM9",2012,946492,946492
"UKM9",2013,945666,945666
"UKM9",2014,944842,944842
"UKM9",2015,944507,944507
"UKM9",2016,945233,945233
"UKM9",2017,946372,946372
"UKM9",2018,946837,946837
"UKM9",2019,947186,947186
"UKM9",2020,NA,942120.081902995
"UKN0",2009,NA,1792210.31721238
"UKN0",2010,1799019,1799019
"UKN0",2011,1809539,1809539
"UKN0",2012,1818995,1818995
"UKN0",2013,1826761,1826761
"UKN0",2014,1835290,1835290
"UKN0",2015,1846229,1846229
"UKN0",2016,1857048,1857048
"UKN0",2017,1866638,1866638
"UKN0",2018,1875957,1875957
"UKN0",2019,NA,1882731.35701762
"UKN0",2020,NA,1903896.41796219
