"nuts2","year","n_res"
"AT12",2009,207
"AT13",2009,3222
"AT21",2009,117
"AT22",2009,881
"AT31",2009,293
"AT32",2009,236
"AT33",2009,618
"AT34",2009,23
"BE10",2009,1592
"BE21",2009,653
"BE22",2009,208
"BE23",2009,1397
"BE24",2009,1741
"BE25",2009,89
"BE31",2009,496
"BE32",2009,106
"BE33",2009,392
"BE34",2009,3
"BE35",2009,144
"BG31",2009,38
"BG32",2009,121
"BG33",2009,204
"BG34",2009,54
"BG41",2009,1235
"BG42",2009,237
"CH01",2009,2774
"CH02",2009,1087
"CH03",2009,921
"CH04",2009,2344
"CH05",2009,148
"CH06",2009,108
"CH07",2009,141
"CY00",2009,700
"CZ01",2009,3007
"CZ02",2009,58
"CZ03",2009,364
"CZ04",2009,45
"CZ05",2009,358
"CZ06",2009,1157
"CZ07",2009,586
"CZ08",2009,264
"DE11",2009,734
"DE12",2009,2021
"DE13",2009,919
"DE14",2009,902
"DE21",2009,2337
"DE22",2009,47
"DE23",2009,214
"DE24",2009,304
"DE25",2009,536
"DE26",2009,359
"DE27",2009,103
"DE30",2009,2814
"DE40",2009,691
"DE50",2009,762
"DE60",2009,1005
"DE71",2009,1091
"DE72",2009,539
"DE73",2009,168
"DE80",2009,410
"DE91",2009,1123
"DE92",2009,638
"DE93",2009,0
"DE94",2009,305
"DEA1",2009,678
"DEA2",2009,2327
"DEA3",2009,342
"DEA4",2009,337
"DEA5",2009,881
"DEB1",2009,34
"DEB2",2009,125
"DEB3",2009,702
"DEC0",2009,315
"DED2",2009,880
"DED4",2009,253
"DED5",2009,629
"DEE0",2009,554
"DEF0",2009,807
"DEG0",2009,672
"DK01",2009,3950
"DK02",2009,326
"DK03",2009,827
"DK04",2009,1419
"DK05",2009,481
"EE00",2009,728
"EL30",2009,2785
"EL41",2009,140
"EL42",2009,0
"EL43",2009,596
"EL51",2009,268
"EL52",2009,1583
"EL53",2009,51
"EL54",2009,263
"EL61",2009,259
"EL62",2009,35
"EL63",2009,779
"EL64",2009,37
"EL65",2009,36
"ES11",2009,2935
"ES12",2009,999
"ES13",2009,456
"ES21",2009,2210
"ES22",2009,883
"ES23",2009,165
"ES24",2009,1312
"ES30",2009,12615
"ES41",2009,3281
"ES42",2009,982
"ES43",2009,712
"ES51",2009,12876
"ES52",2009,4803
"ES53",2009,400
"ES61",2009,8718
"ES62",2009,1160
"ES63",2009,13
"ES64",2009,11
"ES70",2009,1038
"FI19",2009,1422
"FI1B",2009,2489
"FI1C",2009,856
"FI1D",2009,1073
"FI20",2009,0
"FR10",2009,9649
"FRB0",2009,487
"FRC1",2009,307
"FRC2",2009,211
"FRD1",2009,254
"FRD2",2009,219
"FRE1",2009,898
"FRE2",2009,223
"FRF1",2009,950
"FRF2",2009,170
"FRF3",2009,692
"FRG0",2009,797
"FRH0",2009,993
"FRI1",2009,935
"FRI2",2009,141
"FRI3",2009,321
"FRJ1",2009,1217
"FRJ2",2009,1508
"FRK1",2009,327
"FRK2",2009,3158
"FRL0",2009,1553
"FRM0",2009,30
"FRY1",2009,0
"FRY2",2009,0
"FRY3",2009,0
"FRY4",2009,0
"FRY5",2009,0
"HR02",2009,200
"HR03",2009,817
"HR05",2009,1801
"HR06",2009,51
"HU11",2009,2036
"HU12",2009,353
"HU21",2009,70
"HU22",2009,50
"HU23",2009,240
"HU31",2009,91
"HU32",2009,332
"HU33",2009,435
"IE04",2009,593
"IE05",2009,1141
"IE06",2009,3127
"IS00",2009,438
"ITC1",2009,1732
"ITC2",2009,10
"ITC3",2009,743
"ITC4",2009,5833
"ITF1",2009,480
"ITF2",2009,117
"ITF3",2009,2109
"ITF4",2009,1089
"ITF5",2009,93
"ITF6",2009,505
"ITG1",2009,1524
"ITG2",2009,485
"ITH1",2009,301
"ITH2",2009,174
"ITH3",2009,2175
"ITH4",2009,1019
"ITH5",2009,2899
"ITI1",2009,3646
"ITI2",2009,3
"ITI3",2009,624
"ITI4",2009,5208
"LT01",2009,707
"LT02",2009,617
"LU00",2009,263
"LV00",2009,834
"MT00",2009,266
"NL11",2009,972
"NL12",2009,44
"NL13",2009,16
"NL21",2009,624
"NL22",2009,1720
"NL23",2009,18
"NL31",2009,1614
"NL32",2009,2429
"NL33",2009,3039
"NL34",2009,20
"NL41",2009,804
"NL42",2009,679
"NO02",2009,46
"NO06",2009,798
"NO07",2009,359
"NO08",2009,1692
"NO09",2009,116
"NO0A",2009,915
"NO0B",2009,8
"PL21",2009,3181
"PL22",2009,1941
"PL41",2009,1927
"PL42",2009,588
"PL43",2009,123
"PL51",2009,1916
"PL52",2009,235
"PL61",2009,770
"PL62",2009,455
"PL63",2009,1434
"PL71",2009,1529
"PL72",2009,157
"PL81",2009,1256
"PL82",2009,345
"PL84",2009,490
"PL91",2009,4865
"PL92",2009,168
"PT11",2009,9242
"PT15",2009,659
"PT16",2009,17111
"PT17",2009,1250
"PT18",2009,711
"PT20",2009,286
"PT30",2009,254
"RO11",2009,953
"RO12",2009,277
"RO21",2009,631
"RO22",2009,206
"RO31",2009,94
"RO32",2009,1968
"RO41",2009,131
"RO42",2009,420
"SE11",2009,3073
"SE12",2009,2368
"SE21",2009,1680
"SE22",2009,1695
"SE23",2009,426
"SE31",2009,201
"SE32",2009,88
"SE33",2009,850
"SI03",2009,117
"SI04",2009,900
"SK01",2009,692
"SK02",2009,175
"SK03",2009,194
"SK04",2009,338
"UKC1",2009,752
"UKC2",2009,1343
"UKD1",2009,51
"UKD3",2009,3109
"UKD4",2009,814
"UKD6",2009,217
"UKD7",2009,1398
"UKE1",2009,326
"UKE2",2009,1038
"UKE3",2009,1719
"UKE4",2009,2453
"UKF1",2009,2122
"UKF2",2009,30
"UKF3",2009,184
"UKG1",2009,2910
"UKG2",2009,391
"UKG3",2009,1826
"UKH1",2009,4678
"UKH2",2009,354
"UKH3",2009,528
"UKI0",2009,12792
"UKJ1",2009,5251
"UKJ2",2009,1818
"UKJ3",2009,1633
"UKJ4",2009,578
"UKK1",2009,1657
"UKK2",2009,739
"UKK3",2009,83
"UKK4",2009,1018
"UKL1",2009,1080
"UKL2",2009,1373
"UKM5",2009,821
"UKM6",2009,32
"UKM7",2009,3747
"UKM8",2009,2147
"UKM9",2009,22
"UKN0",2009,985
"AT11",2009,7
"AT12",2010,263
"AT13",2010,3604
"AT21",2010,127
"AT22",2010,982
"AT31",2010,346
"AT32",2010,278
"AT33",2010,674
"AT34",2010,24
"BE10",2010,1804
"BE21",2010,753
"BE22",2010,233
"BE23",2010,1688
"BE24",2010,2019
"BE25",2010,99
"BE31",2010,549
"BE32",2010,120
"BE33",2010,459
"BE34",2010,3
"BE35",2010,157
"BG31",2010,47
"BG32",2010,127
"BG33",2010,223
"BG34",2010,56
"BG41",2010,1320
"BG42",2010,270
"CH01",2010,3191
"CH02",2010,1257
"CH03",2010,1043
"CH04",2010,2719
"CH05",2010,187
"CH06",2010,130
"CH07",2010,164
"CY00",2010,788
"CZ01",2010,3357
"CZ02",2010,63
"CZ03",2010,399
"CZ04",2010,51
"CZ05",2010,385
"CZ06",2010,1291
"CZ07",2010,661
"CZ08",2010,280
"DE11",2010,797
"DE12",2010,2303
"DE13",2010,1019
"DE14",2010,1003
"DE21",2010,2723
"DE22",2010,58
"DE23",2010,245
"DE24",2010,346
"DE25",2010,630
"DE26",2010,438
"DE27",2010,127
"DE30",2010,3224
"DE40",2010,836
"DE50",2010,851
"DE60",2010,1173
"DE71",2010,1278
"DE72",2010,619
"DE73",2010,185
"DE80",2010,468
"DE91",2010,1313
"DE92",2010,729
"DE93",2010,0
"DE94",2010,324
"DEA1",2010,805
"DEA2",2010,2683
"DEA3",2010,363
"DEA4",2010,381
"DEA5",2010,968
"DEB1",2010,42
"DEB2",2010,127
"DEB3",2010,799
"DEC0",2010,334
"DED2",2010,991
"DED4",2010,301
"DED5",2010,694
"DEE0",2010,685
"DEF0",2010,895
"DEG0",2010,758
"DK01",2010,4563
"DK02",2010,500
"DK03",2010,949
"DK04",2010,1637
"DK05",2010,581
"EE00",2010,810
"EL30",2010,2932
"EL41",2010,154
"EL42",2010,0
"EL43",2010,633
"EL51",2010,297
"EL52",2010,1625
"EL53",2010,58
"EL54",2010,293
"EL61",2010,283
"EL62",2010,38
"EL63",2010,813
"EL64",2010,42
"EL65",2010,40
"ES11",2010,3243
"ES12",2010,1141
"ES13",2010,505
"ES21",2010,2492
"ES22",2010,950
"ES23",2010,199
"ES24",2010,1485
"ES30",2010,13828
"ES41",2010,3577
"ES42",2010,1131
"ES43",2010,804
"ES51",2010,14528
"ES52",2010,5402
"ES53",2010,460
"ES61",2010,9833
"ES62",2010,1361
"ES63",2010,15
"ES64",2010,13
"ES70",2010,1149
"FI19",2010,1605
"FI1B",2010,2801
"FI1C",2010,971
"FI1D",2010,1179
"FI20",2010,0
"FR10",2010,10632
"FRB0",2010,511
"FRC1",2010,320
"FRC2",2010,219
"FRD1",2010,283
"FRD2",2010,260
"FRE1",2010,994
"FRE2",2010,263
"FRF1",2010,1059
"FRF2",2010,181
"FRF3",2010,756
"FRG0",2010,833
"FRH0",2010,1115
"FRI1",2010,1089
"FRI2",2010,153
"FRI3",2010,351
"FRJ1",2010,1316
"FRJ2",2010,1594
"FRK1",2010,386
"FRK2",2010,3457
"FRL0",2010,1737
"FRM0",2010,32
"FRY1",2010,0
"FRY2",2010,0
"FRY3",2010,0
"FRY4",2010,0
"FRY5",2010,0
"HR02",2010,204
"HR03",2010,849
"HR05",2010,1875
"HR06",2010,59
"HU11",2010,2200
"HU12",2010,391
"HU21",2010,79
"HU22",2010,65
"HU23",2010,242
"HU31",2010,90
"HU32",2010,353
"HU33",2010,456
"IE04",2010,672
"IE05",2010,1278
"IE06",2010,3439
"IS00",2010,486
"ITC1",2010,1997
"ITC2",2010,9
"ITC3",2010,850
"ITC4",2010,6456
"ITF1",2010,510
"ITF2",2010,131
"ITF3",2010,2299
"ITF4",2010,1168
"ITF5",2010,103
"ITF6",2010,535
"ITG1",2010,1617
"ITG2",2010,538
"ITH1",2010,359
"ITH2",2010,192
"ITH3",2010,2448
"ITH4",2010,1125
"ITH5",2010,3195
"ITI1",2010,3947
"ITI2",2010,1
"ITI3",2010,704
"ITI4",2010,5702
"LT01",2010,754
"LT02",2010,683
"LU00",2010,305
"LV00",2010,897
"MT00",2010,297
"NL11",2010,1131
"NL12",2010,50
"NL13",2010,20
"NL21",2010,699
"NL22",2010,1963
"NL23",2010,18
"NL31",2010,1799
"NL32",2010,2772
"NL33",2010,3442
"NL34",2010,23
"NL41",2010,901
"NL42",2010,800
"NO02",2010,53
"NO06",2010,913
"NO07",2010,405
"NO08",2010,1822
"NO09",2010,144
"NO0A",2010,999
"NO0B",2010,13
"PL21",2010,3485
"PL22",2010,2095
"PL41",2010,2111
"PL42",2010,615
"PL43",2010,127
"PL51",2010,2108
"PL52",2010,256
"PL61",2010,800
"PL62",2010,474
"PL63",2010,1555
"PL71",2010,1620
"PL72",2010,169
"PL81",2010,1340
"PL82",2010,362
"PL84",2010,523
"PL91",2010,5415
"PL92",2010,179
"PT11",2010,10248
"PT15",2010,698
"PT16",2010,18689
"PT17",2010,1343
"PT18",2010,802
"PT20",2010,333
"PT30",2010,284
"RO11",2010,1008
"RO12",2010,275
"RO21",2010,629
"RO22",2010,199
"RO31",2010,101
"RO32",2010,2037
"RO41",2010,138
"RO42",2010,425
"SE11",2010,3448
"SE12",2010,2708
"SE21",2010,1888
"SE22",2010,1877
"SE23",2010,455
"SE31",2010,225
"SE32",2010,106
"SE33",2010,926
"SI03",2010,130
"SI04",2010,1036
"SK01",2010,738
"SK02",2010,174
"SK03",2010,198
"SK04",2010,363
"UKC1",2010,884
"UKC2",2010,1519
"UKD1",2010,49
"UKD3",2010,3479
"UKD4",2010,908
"UKD6",2010,241
"UKD7",2010,1543
"UKE1",2010,400
"UKE2",2010,1205
"UKE3",2010,1946
"UKE4",2010,2672
"UKF1",2010,2444
"UKF2",2010,29
"UKF3",2010,206
"UKG1",2010,3301
"UKG2",2010,435
"UKG3",2010,1986
"UKH1",2010,5246
"UKH2",2010,384
"UKH3",2010,582
"UKI0",2010,14485
"UKJ1",2010,5796
"UKJ2",2010,2021
"UKJ3",2010,1825
"UKJ4",2010,692
"UKK1",2010,1873
"UKK2",2010,846
"UKK3",2010,102
"UKK4",2010,1193
"UKL1",2010,1234
"UKL2",2010,1523
"UKM5",2010,920
"UKM6",2010,34
"UKM7",2010,4204
"UKM8",2010,2419
"UKM9",2010,26
"UKN0",2010,1087
"AT11",2010,10
"AT12",2011,292
"AT13",2011,3926
"AT21",2011,138
"AT22",2011,1073
"AT31",2011,366
"AT32",2011,318
"AT33",2011,741
"AT34",2011,29
"BE10",2011,1968
"BE21",2011,872
"BE22",2011,277
"BE23",2011,1908
"BE24",2011,2298
"BE25",2011,115
"BE31",2011,593
"BE32",2011,130
"BE33",2011,496
"BE34",2011,3
"BE35",2011,169
"BG31",2011,47
"BG32",2011,140
"BG33",2011,237
"BG34",2011,58
"BG41",2011,1346
"BG42",2011,297
"CH01",2011,3592
"CH02",2011,1485
"CH03",2011,1189
"CH04",2011,3119
"CH05",2011,206
"CH06",2011,157
"CH07",2011,188
"CY00",2011,938
"CZ01",2011,3656
"CZ02",2011,71
"CZ03",2011,446
"CZ04",2011,58
"CZ05",2011,428
"CZ06",2011,1442
"CZ07",2011,705
"CZ08",2011,303
"DE11",2011,922
"DE12",2011,2554
"DE13",2011,1131
"DE14",2011,1113
"DE21",2011,3141
"DE22",2011,63
"DE23",2011,269
"DE24",2011,394
"DE25",2011,808
"DE26",2011,478
"DE27",2011,162
"DE30",2011,3542
"DE40",2011,930
"DE50",2011,956
"DE60",2011,1306
"DE71",2011,1469
"DE72",2011,697
"DE73",2011,201
"DE80",2011,507
"DE91",2011,1488
"DE92",2011,810
"DE93",2011,0
"DE94",2011,369
"DEA1",2011,930
"DEA2",2011,3085
"DEA3",2011,400
"DEA4",2011,449
"DEA5",2011,1106
"DEB1",2011,42
"DEB2",2011,132
"DEB3",2011,932
"DEC0",2011,348
"DED2",2011,1100
"DED4",2011,328
"DED5",2011,751
"DEE0",2011,735
"DEF0",2011,1027
"DEG0",2011,891
"DK01",2011,5138
"DK02",2011,564
"DK03",2011,1045
"DK04",2011,1831
"DK05",2011,656
"EE00",2011,885
"EL30",2011,2972
"EL41",2011,138
"EL42",2011,0
"EL43",2011,626
"EL51",2011,306
"EL52",2011,1682
"EL53",2011,61
"EL54",2011,311
"EL61",2011,284
"EL62",2011,41
"EL63",2011,833
"EL64",2011,41
"EL65",2011,38
"ES11",2011,3420
"ES12",2011,1227
"ES13",2011,543
"ES21",2011,2684
"ES22",2011,1038
"ES23",2011,229
"ES24",2011,1584
"ES30",2011,15071
"ES41",2011,3786
"ES42",2011,1196
"ES43",2011,886
"ES51",2011,15550
"ES52",2011,5866
"ES53",2011,514
"ES61",2011,10625
"ES62",2011,1475
"ES63",2011,12
"ES64",2011,15
"ES70",2011,1212
"FI19",2011,1782
"FI1B",2011,3103
"FI1C",2011,1124
"FI1D",2011,1341
"FI20",2011,0
"FR10",2011,11425
"FRB0",2011,528
"FRC1",2011,332
"FRC2",2011,223
"FRD1",2011,309
"FRD2",2011,298
"FRE1",2011,1104
"FRE2",2011,277
"FRF1",2011,1112
"FRF2",2011,203
"FRF3",2011,845
"FRG0",2011,889
"FRH0",2011,1200
"FRI1",2011,1170
"FRI2",2011,180
"FRI3",2011,397
"FRJ1",2011,1453
"FRJ2",2011,1723
"FRK1",2011,414
"FRK2",2011,3704
"FRL0",2011,1921
"FRM0",2011,34
"FRY1",2011,0
"FRY2",2011,0
"FRY3",2011,0
"FRY4",2011,0
"FRY5",2011,0
"HR02",2011,218
"HR03",2011,925
"HR05",2011,2019
"HR06",2011,63
"HU11",2011,2288
"HU12",2011,427
"HU21",2011,87
"HU22",2011,69
"HU23",2011,265
"HU31",2011,95
"HU32",2011,378
"HU33",2011,460
"IE04",2011,731
"IE05",2011,1401
"IE06",2011,3755
"IS00",2011,516
"ITC1",2011,2215
"ITC2",2011,9
"ITC3",2011,944
"ITC4",2011,7185
"ITF1",2011,548
"ITF2",2011,135
"ITF3",2011,2432
"ITF4",2011,1212
"ITF5",2011,115
"ITF6",2011,566
"ITG1",2011,1700
"ITG2",2011,600
"ITH1",2011,417
"ITH2",2011,240
"ITH3",2011,2708
"ITH4",2011,1186
"ITH5",2011,3503
"ITI1",2011,4239
"ITI2",2011,1
"ITI3",2011,750
"ITI4",2011,6050
"LT01",2011,795
"LT02",2011,709
"LU00",2011,384
"LV00",2011,964
"MT00",2011,306
"NL11",2011,1308
"NL12",2011,53
"NL13",2011,24
"NL21",2011,780
"NL22",2011,2201
"NL23",2011,21
"NL31",2011,1935
"NL32",2011,3084
"NL33",2011,3783
"NL34",2011,24
"NL41",2011,1009
"NL42",2011,874
"NO02",2011,62
"NO06",2011,1010
"NO07",2011,434
"NO08",2011,2038
"NO09",2011,169
"NO0A",2011,1091
"NO0B",2011,15
"PL21",2011,3707
"PL22",2011,2258
"PL41",2011,2244
"PL42",2011,676
"PL43",2011,127
"PL51",2011,2262
"PL52",2011,280
"PL61",2011,821
"PL62",2011,520
"PL63",2011,1626
"PL71",2011,1690
"PL72",2011,181
"PL81",2011,1438
"PL82",2011,372
"PL84",2011,560
"PL91",2011,5880
"PL92",2011,195
"PT11",2011,11137
"PT15",2011,732
"PT16",2011,19772
"PT17",2011,1446
"PT18",2011,835
"PT20",2011,351
"PT30",2011,310
"RO11",2011,1066
"RO12",2011,295
"RO21",2011,649
"RO22",2011,218
"RO31",2011,97
"RO32",2011,2145
"RO41",2011,132
"RO42",2011,432
"SE11",2011,3821
"SE12",2011,2898
"SE21",2011,2023
"SE22",2011,2141
"SE23",2011,512
"SE31",2011,229
"SE32",2011,119
"SE33",2011,1009
"SI03",2011,156
"SI04",2011,1136
"SK01",2011,793
"SK02",2011,185
"SK03",2011,213
"SK04",2011,394
"UKC1",2011,979
"UKC2",2011,1706
"UKD1",2011,48
"UKD3",2011,3917
"UKD4",2011,1056
"UKD6",2011,258
"UKD7",2011,1699
"UKE1",2011,433
"UKE2",2011,1415
"UKE3",2011,2120
"UKE4",2011,2980
"UKF1",2011,2691
"UKF2",2011,30
"UKF3",2011,235
"UKG1",2011,3605
"UKG2",2011,455
"UKG3",2011,2175
"UKH1",2011,5761
"UKH2",2011,421
"UKH3",2011,624
"UKI0",2011,16106
"UKJ1",2011,6288
"UKJ2",2011,2195
"UKJ3",2011,2076
"UKJ4",2011,760
"UKK1",2011,2029
"UKK2",2011,939
"UKK3",2011,119
"UKK4",2011,1375
"UKL1",2011,1434
"UKL2",2011,1671
"UKM5",2011,999
"UKM6",2011,39
"UKM7",2011,4746
"UKM8",2011,2659
"UKM9",2011,32
"UKN0",2011,1104
"AT11",2011,8
"AT12",2012,320
"AT13",2012,4289
"AT21",2012,161
"AT22",2012,1205
"AT31",2012,413
"AT32",2012,340
"AT33",2012,810
"AT34",2012,38
"BE10",2012,2233
"BE21",2012,1000
"BE22",2012,315
"BE23",2012,2205
"BE24",2012,2683
"BE25",2012,113
"BE31",2012,663
"BE32",2012,147
"BE33",2012,548
"BE34",2012,5
"BE35",2012,186
"BG31",2012,49
"BG32",2012,142
"BG33",2012,262
"BG34",2012,58
"BG41",2012,1373
"BG42",2012,299
"CH01",2012,4057
"CH02",2012,1660
"CH03",2012,1303
"CH04",2012,3565
"CH05",2012,225
"CH06",2012,174
"CH07",2012,205
"CY00",2012,1097
"CZ01",2012,3997
"CZ02",2012,78
"CZ03",2012,468
"CZ04",2012,54
"CZ05",2012,457
"CZ06",2012,1567
"CZ07",2012,764
"CZ08",2012,317
"DE11",2012,1026
"DE12",2012,2885
"DE13",2012,1253
"DE14",2012,1261
"DE21",2012,3470
"DE22",2012,72
"DE23",2012,292
"DE24",2012,456
"DE25",2012,920
"DE26",2012,511
"DE27",2012,175
"DE30",2012,3971
"DE40",2012,1001
"DE50",2012,1038
"DE60",2012,1495
"DE71",2012,1627
"DE72",2012,751
"DE73",2012,231
"DE80",2012,546
"DE91",2012,1707
"DE92",2012,887
"DE93",2012,0
"DE94",2012,410
"DEA1",2012,1076
"DEA2",2012,3429
"DEA3",2012,441
"DEA4",2012,486
"DEA5",2012,1225
"DEB1",2012,44
"DEB2",2012,137
"DEB3",2012,1037
"DEC0",2012,394
"DED2",2012,1242
"DED4",2012,334
"DED5",2012,810
"DEE0",2012,786
"DEF0",2012,1162
"DEG0",2012,993
"DK01",2012,5750
"DK02",2012,632
"DK03",2012,1223
"DK04",2012,2012
"DK05",2012,724
"EE00",2012,995
"EL30",2012,3064
"EL41",2012,142
"EL42",2012,0
"EL43",2012,668
"EL51",2012,302
"EL52",2012,1738
"EL53",2012,68
"EL54",2012,336
"EL61",2012,290
"EL62",2012,52
"EL63",2012,864
"EL64",2012,42
"EL65",2012,41
"ES11",2012,3637
"ES12",2012,1294
"ES13",2012,584
"ES21",2012,2905
"ES22",2012,1109
"ES23",2012,272
"ES24",2012,1689
"ES30",2012,15873
"ES41",2012,3980
"ES42",2012,1204
"ES43",2012,885
"ES51",2012,16748
"ES52",2012,6227
"ES53",2012,526
"ES61",2012,11314
"ES62",2012,1545
"ES63",2012,16
"ES64",2012,19
"ES70",2012,1261
"FI19",2012,1911
"FI1B",2012,3406
"FI1C",2012,1211
"FI1D",2012,1461
"FI20",2012,0
"FR10",2012,12372
"FRB0",2012,561
"FRC1",2012,348
"FRC2",2012,263
"FRD1",2012,339
"FRD2",2012,327
"FRE1",2012,1184
"FRE2",2012,289
"FRF1",2012,1214
"FRF2",2012,223
"FRF3",2012,885
"FRG0",2012,979
"FRH0",2012,1363
"FRI1",2012,1238
"FRI2",2012,183
"FRI3",2012,423
"FRJ1",2012,1556
"FRJ2",2012,1813
"FRK1",2012,466
"FRK2",2012,4030
"FRL0",2012,2095
"FRM0",2012,30
"FRY1",2012,0
"FRY2",2012,0
"FRY3",2012,0
"FRY4",2012,0
"FRY5",2012,0
"HR02",2012,227
"HR03",2012,998
"HR05",2012,2058
"HR06",2012,63
"HU11",2012,2455
"HU12",2012,468
"HU21",2012,88
"HU22",2012,67
"HU23",2012,268
"HU31",2012,94
"HU32",2012,386
"HU33",2012,504
"IE04",2012,815
"IE05",2012,1547
"IE06",2012,4062
"IS00",2012,558
"ITC1",2012,2411
"ITC2",2012,8
"ITC3",2012,1054
"ITC4",2012,7736
"ITF1",2012,593
"ITF2",2012,156
"ITF3",2012,2598
"ITF4",2012,1308
"ITF5",2012,126
"ITF6",2012,579
"ITG1",2012,1737
"ITG2",2012,700
"ITH1",2012,485
"ITH2",2012,302
"ITH3",2012,2864
"ITH4",2012,1247
"ITH5",2012,3909
"ITI1",2012,4693
"ITI2",2012,2
"ITI3",2012,801
"ITI4",2012,6449
"LT01",2012,868
"LT02",2012,757
"LU00",2012,444
"LV00",2012,1039
"MT00",2012,317
"NL11",2012,1461
"NL12",2012,54
"NL13",2012,31
"NL21",2012,861
"NL22",2012,2459
"NL23",2012,23
"NL31",2012,2114
"NL32",2012,3333
"NL33",2012,4138
"NL34",2012,28
"NL41",2012,1092
"NL42",2012,986
"NO02",2012,74
"NO06",2012,1097
"NO07",2012,488
"NO08",2012,2250
"NO09",2012,195
"NO0A",2012,1182
"NO0B",2012,18
"PL21",2012,3920
"PL22",2012,2408
"PL41",2012,2393
"PL42",2012,697
"PL43",2012,130
"PL51",2012,2431
"PL52",2012,311
"PL61",2012,898
"PL62",2012,540
"PL63",2012,1740
"PL71",2012,1760
"PL72",2012,192
"PL81",2012,1564
"PL82",2012,420
"PL84",2012,572
"PL91",2012,6324
"PL92",2012,200
"PT11",2012,11735
"PT15",2012,751
"PT16",2012,20821
"PT17",2012,1547
"PT18",2012,855
"PT20",2012,368
"PT30",2012,318
"RO11",2012,1112
"RO12",2012,307
"RO21",2012,634
"RO22",2012,226
"RO31",2012,94
"RO32",2012,2201
"RO41",2012,134
"RO42",2012,440
"SE11",2012,4157
"SE12",2012,3140
"SE21",2012,2216
"SE22",2012,2284
"SE23",2012,515
"SE31",2012,259
"SE32",2012,128
"SE33",2012,1074
"SI03",2012,166
"SI04",2012,1217
"SK01",2012,857
"SK02",2012,195
"SK03",2012,233
"SK04",2012,411
"UKC1",2012,1055
"UKC2",2012,1878
"UKD1",2012,50
"UKD3",2012,4356
"UKD4",2012,1179
"UKD6",2012,288
"UKD7",2012,1885
"UKE1",2012,476
"UKE2",2012,1583
"UKE3",2012,2382
"UKE4",2012,3214
"UKF1",2012,2994
"UKF2",2012,30
"UKF3",2012,298
"UKG1",2012,4036
"UKG2",2012,489
"UKG3",2012,2371
"UKH1",2012,6285
"UKH2",2012,482
"UKH3",2012,635
"UKI0",2012,17693
"UKJ1",2012,6951
"UKJ2",2012,2369
"UKJ3",2012,2270
"UKJ4",2012,843
"UKK1",2012,2265
"UKK2",2012,1050
"UKK3",2012,133
"UKK4",2012,1550
"UKL1",2012,1567
"UKL2",2012,1869
"UKM5",2012,1051
"UKM6",2012,44
"UKM7",2012,5220
"UKM8",2012,2966
"UKM9",2012,31
"UKN0",2012,1194
"AT11",2012,9
"AT12",2013,336
"AT13",2013,4612
"AT21",2013,163
"AT22",2013,1244
"AT31",2013,445
"AT32",2013,354
"AT33",2013,863
"AT34",2013,37
"BE10",2013,2438
"BE21",2013,1129
"BE22",2013,350
"BE23",2013,2406
"BE24",2013,2981
"BE25",2013,117
"BE31",2013,690
"BE32",2013,166
"BE33",2013,597
"BE34",2013,6
"BE35",2013,212
"BG31",2013,50
"BG32",2013,158
"BG33",2013,265
"BG34",2013,66
"BG41",2013,1386
"BG42",2013,303
"CH01",2013,4497
"CH02",2013,1829
"CH03",2013,1454
"CH04",2013,3939
"CH05",2013,246
"CH06",2013,189
"CH07",2013,237
"CY00",2013,1161
"CZ01",2013,4320
"CZ02",2013,80
"CZ03",2013,503
"CZ04",2013,59
"CZ05",2013,497
"CZ06",2013,1666
"CZ07",2013,864
"CZ08",2013,340
"DE11",2013,1146
"DE12",2013,3111
"DE13",2013,1354
"DE14",2013,1420
"DE21",2013,3824
"DE22",2013,73
"DE23",2013,324
"DE24",2013,472
"DE25",2013,994
"DE26",2013,552
"DE27",2013,187
"DE30",2013,4258
"DE40",2013,1101
"DE50",2013,1117
"DE60",2013,1625
"DE71",2013,1777
"DE72",2013,792
"DE73",2013,250
"DE80",2013,573
"DE91",2013,1834
"DE92",2013,982
"DE93",2013,0
"DE94",2013,463
"DEA1",2013,1192
"DEA2",2013,3748
"DEA3",2013,464
"DEA4",2013,520
"DEA5",2013,1359
"DEB1",2013,49
"DEB2",2013,134
"DEB3",2013,1106
"DEC0",2013,441
"DED2",2013,1351
"DED4",2013,340
"DED5",2013,895
"DEE0",2013,810
"DEF0",2013,1234
"DEG0",2013,1016
"DK01",2013,6264
"DK02",2013,668
"DK03",2013,1375
"DK04",2013,2202
"DK05",2013,787
"EE00",2013,1026
"EL30",2013,3049
"EL41",2013,151
"EL42",2013,0
"EL43",2013,698
"EL51",2013,309
"EL52",2013,1750
"EL53",2013,68
"EL54",2013,347
"EL61",2013,295
"EL62",2013,52
"EL63",2013,881
"EL64",2013,40
"EL65",2013,48
"ES11",2013,3747
"ES12",2013,1330
"ES13",2013,587
"ES21",2013,3043
"ES22",2013,1139
"ES23",2013,329
"ES24",2013,1719
"ES30",2013,16453
"ES41",2013,4131
"ES42",2013,1209
"ES43",2013,895
"ES51",2013,17484
"ES52",2013,6560
"ES53",2013,545
"ES61",2013,11685
"ES62",2013,1623
"ES63",2013,20
"ES64",2013,21
"ES70",2013,1326
"FI19",2013,2017
"FI1B",2013,3627
"FI1C",2013,1301
"FI1D",2013,1542
"FI20",2013,0
"FR10",2013,13018
"FRB0",2013,569
"FRC1",2013,366
"FRC2",2013,266
"FRD1",2013,350
"FRD2",2013,344
"FRE1",2013,1322
"FRE2",2013,309
"FRF1",2013,1280
"FRF2",2013,234
"FRF3",2013,896
"FRG0",2013,1039
"FRH0",2013,1409
"FRI1",2013,1351
"FRI2",2013,207
"FRI3",2013,435
"FRJ1",2013,1639
"FRJ2",2013,1918
"FRK1",2013,473
"FRK2",2013,4320
"FRL0",2013,2235
"FRM0",2013,34
"FRY1",2013,0
"FRY2",2013,0
"FRY3",2013,0
"FRY4",2013,0
"FRY5",2013,0
"HR02",2013,246
"HR03",2013,1049
"HR05",2013,2074
"HR06",2013,68
"HU11",2013,2517
"HU12",2013,509
"HU21",2013,101
"HU22",2013,75
"HU23",2013,283
"HU31",2013,98
"HU32",2013,400
"HU33",2013,513
"IE04",2013,867
"IE05",2013,1703
"IE06",2013,4378
"IS00",2013,593
"ITC1",2013,2498
"ITC2",2013,7
"ITC3",2013,1109
"ITC4",2013,7957
"ITF1",2013,616
"ITF2",2013,150
"ITF3",2013,2721
"ITF4",2013,1319
"ITF5",2013,116
"ITF6",2013,562
"ITG1",2013,1781
"ITG2",2013,706
"ITH1",2013,540
"ITH2",2013,337
"ITH3",2013,3100
"ITH4",2013,1306
"ITH5",2013,4031
"ITI1",2013,4763
"ITI2",2013,2
"ITI3",2013,830
"ITI4",2013,6699
"LT01",2013,908
"LT02",2013,761
"LU00",2013,532
"LV00",2013,1087
"MT00",2013,327
"NL11",2013,1623
"NL12",2013,67
"NL13",2013,33
"NL21",2013,946
"NL22",2013,2593
"NL23",2013,22
"NL31",2013,2261
"NL32",2013,3568
"NL33",2013,4449
"NL34",2013,28
"NL41",2013,1195
"NL42",2013,1100
"NO02",2013,89
"NO06",2013,1160
"NO07",2013,521
"NO08",2013,2369
"NO09",2013,200
"NO0A",2013,1259
"NO0B",2013,21
"PL21",2013,4166
"PL22",2013,2506
"PL41",2013,2556
"PL42",2013,737
"PL43",2013,141
"PL51",2013,2555
"PL52",2013,324
"PL61",2013,940
"PL62",2013,565
"PL63",2013,1822
"PL71",2013,1776
"PL72",2013,199
"PL81",2013,1609
"PL82",2013,430
"PL84",2013,601
"PL91",2013,6772
"PL92",2013,211
"PT11",2013,12324
"PT15",2013,795
"PT16",2013,21840
"PT17",2013,1608
"PT18",2013,894
"PT20",2013,353
"PT30",2013,337
"RO11",2013,1157
"RO12",2013,316
"RO21",2013,642
"RO22",2013,233
"RO31",2013,85
"RO32",2013,2216
"RO41",2013,132
"RO42",2013,458
"SE11",2013,4273
"SE12",2013,3321
"SE21",2013,2341
"SE22",2013,2375
"SE23",2013,502
"SE31",2013,246
"SE32",2013,133
"SE33",2013,1138
"SI03",2013,185
"SI04",2013,1227
"SK01",2013,889
"SK02",2013,206
"SK03",2013,261
"SK04",2013,429
"UKC1",2013,1192
"UKC2",2013,2084
"UKD1",2013,55
"UKD3",2013,4816
"UKD4",2013,1295
"UKD6",2013,308
"UKD7",2013,2082
"UKE1",2013,511
"UKE2",2013,1717
"UKE3",2013,2622
"UKE4",2013,3420
"UKF1",2013,3250
"UKF2",2013,33
"UKF3",2013,354
"UKG1",2013,4413
"UKG2",2013,526
"UKG3",2013,2570
"UKH1",2013,6781
"UKH2",2013,519
"UKH3",2013,659
"UKI0",2013,19274
"UKJ1",2013,7560
"UKJ2",2013,2522
"UKJ3",2013,2492
"UKJ4",2013,925
"UKK1",2013,2406
"UKK2",2013,1124
"UKK3",2013,163
"UKK4",2013,1744
"UKL1",2013,1672
"UKL2",2013,2040
"UKM5",2013,1137
"UKM6",2013,48
"UKM7",2013,5705
"UKM8",2013,3277
"UKM9",2013,35
"UKN0",2013,1279
"AT11",2013,13
"AT12",2014,381
"AT13",2014,4761
"AT21",2014,185
"AT22",2014,1353
"AT31",2014,472
"AT32",2014,383
"AT33",2014,922
"AT34",2014,38
"BE10",2014,2609
"BE21",2014,1249
"BE22",2014,376
"BE23",2014,2606
"BE24",2014,3247
"BE25",2014,112
"BE31",2014,701
"BE32",2014,170
"BE33",2014,632
"BE34",2014,9
"BE35",2014,218
"BG31",2014,54
"BG32",2014,153
"BG33",2014,262
"BG34",2014,72
"BG41",2014,1412
"BG42",2014,295
"CH01",2014,4823
"CH02",2014,1975
"CH03",2014,1605
"CH04",2014,4279
"CH05",2014,257
"CH06",2014,192
"CH07",2014,263
"CY00",2014,1224
"CZ01",2014,4533
"CZ02",2014,88
"CZ03",2014,529
"CZ04",2014,61
"CZ05",2014,505
"CZ06",2014,1769
"CZ07",2014,924
"CZ08",2014,343
"DE11",2014,1226
"DE12",2014,3345
"DE13",2014,1433
"DE14",2014,1498
"DE21",2014,4119
"DE22",2014,78
"DE23",2014,324
"DE24",2014,484
"DE25",2014,1054
"DE26",2014,579
"DE27",2014,198
"DE30",2014,4497
"DE40",2014,1163
"DE50",2014,1186
"DE60",2014,1725
"DE71",2014,1856
"DE72",2014,851
"DE73",2014,264
"DE80",2014,596
"DE91",2014,1945
"DE92",2014,1018
"DE93",2014,0
"DE94",2014,481
"DEA1",2014,1301
"DEA2",2014,3987
"DEA3",2014,493
"DEA4",2014,552
"DEA5",2014,1440
"DEB1",2014,49
"DEB2",2014,141
"DEB3",2014,1167
"DEC0",2014,459
"DED2",2014,1438
"DED4",2014,359
"DED5",2014,937
"DEE0",2014,821
"DEF0",2014,1314
"DEG0",2014,1041
"DK01",2014,6802
"DK02",2014,720
"DK03",2014,1487
"DK04",2014,2283
"DK05",2014,877
"EE00",2014,1090
"EL30",2014,3164
"EL41",2014,142
"EL42",2014,0
"EL43",2014,701
"EL51",2014,302
"EL52",2014,1786
"EL53",2014,68
"EL54",2014,367
"EL61",2014,303
"EL62",2014,48
"EL63",2014,857
"EL64",2014,41
"EL65",2014,42
"ES11",2014,3890
"ES12",2014,1357
"ES13",2014,624
"ES21",2014,3228
"ES22",2014,1144
"ES23",2014,380
"ES24",2014,1797
"ES30",2014,17068
"ES41",2014,4282
"ES42",2014,1292
"ES43",2014,905
"ES51",2014,18080
"ES52",2014,6853
"ES53",2014,574
"ES61",2014,12374
"ES62",2014,1672
"ES63",2014,20
"ES64",2014,18
"ES70",2014,1380
"FI19",2014,2154
"FI1B",2014,3813
"FI1C",2014,1363
"FI1D",2014,1669
"FI20",2014,0
"FR10",2014,13524
"FRB0",2014,608
"FRC1",2014,348
"FRC2",2014,288
"FRD1",2014,365
"FRD2",2014,359
"FRE1",2014,1406
"FRE2",2014,308
"FRF1",2014,1337
"FRF2",2014,240
"FRF3",2014,936
"FRG0",2014,1122
"FRH0",2014,1522
"FRI1",2014,1441
"FRI2",2014,218
"FRI3",2014,455
"FRJ1",2014,1713
"FRJ2",2014,2003
"FRK1",2014,490
"FRK2",2014,4551
"FRL0",2014,2316
"FRM0",2014,35
"FRY1",2014,0
"FRY2",2014,0
"FRY3",2014,0
"FRY4",2014,0
"FRY5",2014,0
"HR02",2014,262
"HR03",2014,1074
"HR05",2014,2074
"HR06",2014,68
"HU11",2014,2541
"HU12",2014,557
"HU21",2014,103
"HU22",2014,89
"HU23",2014,274
"HU31",2014,93
"HU32",2014,397
"HU33",2014,545
"IE04",2014,921
"IE05",2014,1824
"IE06",2014,4605
"IS00",2014,616
"ITC1",2014,2771
"ITC2",2014,8
"ITC3",2014,1206
"ITC4",2014,8396
"ITF1",2014,664
"ITF2",2014,151
"ITF3",2014,2844
"ITF4",2014,1378
"ITF5",2014,129
"ITF6",2014,596
"ITG1",2014,1833
"ITG2",2014,764
"ITH1",2014,592
"ITH2",2014,402
"ITH3",2014,3429
"ITH4",2014,1423
"ITH5",2014,4252
"ITI1",2014,4943
"ITI2",2014,2
"ITI3",2014,864
"ITI4",2014,6923
"LT01",2014,942
"LT02",2014,790
"LU00",2014,579
"LV00",2014,1096
"MT00",2014,336
"NL11",2014,1705
"NL12",2014,65
"NL13",2014,43
"NL21",2014,996
"NL22",2014,2744
"NL23",2014,25
"NL31",2014,2399
"NL32",2014,3774
"NL33",2014,4715
"NL34",2014,38
"NL41",2014,1296
"NL42",2014,1126
"NO02",2014,91
"NO06",2014,1270
"NO07",2014,563
"NO08",2014,2496
"NO09",2014,206
"NO0A",2014,1360
"NO0B",2014,29
"PL21",2014,4363
"PL22",2014,2571
"PL41",2014,2721
"PL42",2014,777
"PL43",2014,162
"PL51",2014,2733
"PL52",2014,342
"PL61",2014,1007
"PL62",2014,582
"PL63",2014,1936
"PL71",2014,1839
"PL72",2014,207
"PL81",2014,1647
"PL82",2014,471
"PL84",2014,618
"PL91",2014,7052
"PL92",2014,227
"PT11",2014,12451
"PT15",2014,802
"PT16",2014,21869
"PT17",2014,1605
"PT18",2014,882
"PT20",2014,328
"PT30",2014,344
"RO11",2014,1187
"RO12",2014,309
"RO21",2014,625
"RO22",2014,229
"RO31",2014,80
"RO32",2014,2245
"RO41",2014,130
"RO42",2014,468
"SE11",2014,4445
"SE12",2014,3499
"SE21",2014,2479
"SE22",2014,2474
"SE23",2014,517
"SE31",2014,266
"SE32",2014,123
"SE33",2014,1152
"SI03",2014,200
"SI04",2014,1263
"SK01",2014,910
"SK02",2014,217
"SK03",2014,258
"SK04",2014,440
"UKC1",2014,1270
"UKC2",2014,2256
"UKD1",2014,71
"UKD3",2014,5224
"UKD4",2014,1392
"UKD6",2014,321
"UKD7",2014,2170
"UKE1",2014,562
"UKE2",2014,1851
"UKE3",2014,2802
"UKE4",2014,3686
"UKF1",2014,3428
"UKF2",2014,38
"UKF3",2014,404
"UKG1",2014,4704
"UKG2",2014,559
"UKG3",2014,2748
"UKH1",2014,7163
"UKH2",2014,569
"UKH3",2014,702
"UKI0",2014,20591
"UKJ1",2014,7951
"UKJ2",2014,2661
"UKJ3",2014,2630
"UKJ4",2014,1000
"UKK1",2014,2575
"UKK2",2014,1188
"UKK3",2014,173
"UKK4",2014,1836
"UKL1",2014,1743
"UKL2",2014,2132
"UKM5",2014,1187
"UKM6",2014,49
"UKM7",2014,6011
"UKM8",2014,3547
"UKM9",2014,36
"UKN0",2014,1360
"AT11",2014,15
"AT12",2015,444
"AT13",2015,4955
"AT21",2015,197
"AT22",2015,1356
"AT31",2015,478
"AT32",2015,397
"AT33",2015,979
"AT34",2015,31
"BE10",2015,2723
"BE21",2015,1310
"BE22",2015,382
"BE23",2015,2710
"BE24",2015,3364
"BE25",2015,116
"BE31",2015,713
"BE32",2015,187
"BE33",2015,654
"BE34",2015,7
"BE35",2015,221
"BG31",2015,49
"BG32",2015,155
"BG33",2015,282
"BG34",2015,73
"BG41",2015,1383
"BG42",2015,283
"CH01",2015,5218
"CH02",2015,2022
"CH03",2015,1689
"CH04",2015,4457
"CH05",2015,279
"CH06",2015,214
"CH07",2015,274
"CY00",2015,1310
"CZ01",2015,4676
"CZ02",2015,107
"CZ03",2015,542
"CZ04",2015,59
"CZ05",2015,518
"CZ06",2015,1824
"CZ07",2015,967
"CZ08",2015,356
"DE11",2015,1285
"DE12",2015,3424
"DE13",2015,1453
"DE14",2015,1530
"DE21",2015,4269
"DE22",2015,95
"DE23",2015,327
"DE24",2015,496
"DE25",2015,1080
"DE26",2015,601
"DE27",2015,202
"DE30",2015,4623
"DE40",2015,1212
"DE50",2015,1219
"DE60",2015,1857
"DE71",2015,1910
"DE72",2015,869
"DE73",2015,277
"DE80",2015,597
"DE91",2015,2056
"DE92",2015,1058
"DE93",2015,0
"DE94",2015,506
"DEA1",2015,1393
"DEA2",2015,4185
"DEA3",2015,519
"DEA4",2015,573
"DEA5",2015,1520
"DEB1",2015,52
"DEB2",2015,143
"DEB3",2015,1199
"DEC0",2015,490
"DED2",2015,1485
"DED4",2015,355
"DED5",2015,933
"DEE0",2015,838
"DEF0",2015,1384
"DEG0",2015,1097
"DK01",2015,7099
"DK02",2015,755
"DK03",2015,1522
"DK04",2015,2329
"DK05",2015,928
"EE00",2015,1114
"EL30",2015,3081
"EL41",2015,145
"EL42",2015,0
"EL43",2015,680
"EL51",2015,276
"EL52",2015,1719
"EL53",2015,72
"EL54",2015,344
"EL61",2015,312
"EL62",2015,50
"EL63",2015,817
"EL64",2015,47
"EL65",2015,42
"ES11",2015,3888
"ES12",2015,1372
"ES13",2015,641
"ES21",2015,3287
"ES22",2015,1120
"ES23",2015,437
"ES24",2015,1750
"ES30",2015,17323
"ES41",2015,4297
"ES42",2015,1380
"ES43",2015,906
"ES51",2015,18136
"ES52",2015,6995
"ES53",2015,588
"ES61",2015,12538
"ES62",2015,1729
"ES63",2015,24
"ES64",2015,14
"ES70",2015,1386
"FI19",2015,2203
"FI1B",2015,3959
"FI1C",2015,1401
"FI1D",2015,1683
"FI20",2015,0
"FR10",2015,13847
"FRB0",2015,634
"FRC1",2015,355
"FRC2",2015,293
"FRD1",2015,356
"FRD2",2015,361
"FRE1",2015,1434
"FRE2",2015,307
"FRF1",2015,1356
"FRF2",2015,256
"FRF3",2015,951
"FRG0",2015,1138
"FRH0",2015,1584
"FRI1",2015,1466
"FRI2",2015,218
"FRI3",2015,458
"FRJ1",2015,1801
"FRJ2",2015,2056
"FRK1",2015,502
"FRK2",2015,4678
"FRL0",2015,2370
"FRM0",2015,36
"FRY1",2015,0
"FRY2",2015,0
"FRY3",2015,0
"FRY4",2015,0
"FRY5",2015,0
"HR02",2015,259
"HR03",2015,1098
"HR05",2015,2072
"HR06",2015,68
"HU11",2015,2565
"HU12",2015,590
"HU21",2015,98
"HU22",2015,90
"HU23",2015,278
"HU31",2015,101
"HU32",2015,393
"HU33",2015,541
"IE04",2015,979
"IE05",2015,1835
"IE06",2015,4793
"IS00",2015,607
"ITC1",2015,2794
"ITC2",2015,11
"ITC3",2015,1221
"ITC4",2015,8549
"ITF1",2015,696
"ITF2",2015,144
"ITF3",2015,2890
"ITF4",2015,1386
"ITF5",2015,127
"ITF6",2015,601
"ITG1",2015,1804
"ITG2",2015,763
"ITH1",2015,605
"ITH2",2015,444
"ITH3",2015,3534
"ITH4",2015,1418
"ITH5",2015,4204
"ITI1",2015,4924
"ITI2",2015,2
"ITI3",2015,829
"ITI4",2015,6815
"LT01",2015,948
"LT02",2015,819
"LU00",2015,642
"LV00",2015,1083
"MT00",2015,332
"NL11",2015,1750
"NL12",2015,68
"NL13",2015,45
"NL21",2015,1002
"NL22",2015,2854
"NL23",2015,23
"NL31",2015,2467
"NL32",2015,3869
"NL33",2015,4904
"NL34",2015,38
"NL41",2015,1345
"NL42",2015,1202
"NO02",2015,100
"NO06",2015,1309
"NO07",2015,608
"NO08",2015,2556
"NO09",2015,203
"NO0A",2015,1413
"NO0B",2015,24
"PL21",2015,4523
"PL22",2015,2630
"PL41",2015,2783
"PL42",2015,785
"PL43",2015,162
"PL51",2015,2812
"PL52",2015,347
"PL61",2015,1025
"PL62",2015,564
"PL63",2015,1990
"PL71",2015,1887
"PL72",2015,217
"PL81",2015,1692
"PL82",2015,488
"PL84",2015,626
"PL91",2015,7247
"PL92",2015,236
"PT11",2015,12361
"PT15",2015,774
"PT16",2015,21604
"PT17",2015,1591
"PT18",2015,848
"PT20",2015,319
"PT30",2015,333
"RO11",2015,1165
"RO12",2015,311
"RO21",2015,610
"RO22",2015,222
"RO31",2015,84
"RO32",2015,2215
"RO41",2015,125
"RO42",2015,458
"SE11",2015,4491
"SE12",2015,3599
"SE21",2015,2526
"SE22",2015,2486
"SE23",2015,537
"SE31",2015,280
"SE32",2015,117
"SE33",2015,1196
"SI03",2015,206
"SI04",2015,1218
"SK01",2015,919
"SK02",2015,221
"SK03",2015,271
"SK04",2015,448
"UKC1",2015,1293
"UKC2",2015,2345
"UKD1",2015,72
"UKD3",2015,5506
"UKD4",2015,1430
"UKD6",2015,328
"UKD7",2015,2322
"UKE1",2015,574
"UKE2",2015,1946
"UKE3",2015,2871
"UKE4",2015,3835
"UKF1",2015,3635
"UKF2",2015,41
"UKF3",2015,448
"UKG1",2015,4919
"UKG2",2015,581
"UKG3",2015,2874
"UKH1",2015,7549
"UKH2",2015,586
"UKH3",2015,696
"UKI0",2015,21557
"UKJ1",2015,8125
"UKJ2",2015,2747
"UKJ3",2015,2769
"UKJ4",2015,1015
"UKK1",2015,2659
"UKK2",2015,1259
"UKK3",2015,188
"UKK4",2015,1870
"UKL1",2015,1781
"UKL2",2015,2189
"UKM5",2015,1213
"UKM6",2015,51
"UKM7",2015,6188
"UKM8",2015,3699
"UKM9",2015,38
"UKN0",2015,1369
"AT11",2015,18
"AT12",2016,485
"AT13",2016,4891
"AT21",2016,195
"AT22",2016,1365
"AT31",2016,472
"AT32",2016,360
"AT33",2016,997
"AT34",2016,32
"BE10",2016,2709
"BE21",2016,1315
"BE22",2016,384
"BE23",2016,2642
"BE24",2016,3353
"BE25",2016,127
"BE31",2016,695
"BE32",2016,193
"BE33",2016,635
"BE34",2016,6
"BE35",2016,202
"BG31",2016,49
"BG32",2016,153
"BG33",2016,282
"BG34",2016,74
"BG41",2016,1357
"BG42",2016,309
"CH01",2016,5306
"CH02",2016,2107
"CH03",2016,1733
"CH04",2016,4582
"CH05",2016,280
"CH06",2016,214
"CH07",2016,280
"CY00",2016,1304
"CZ01",2016,4619
"CZ02",2016,114
"CZ03",2016,538
"CZ04",2016,58
"CZ05",2016,516
"CZ06",2016,1799
"CZ07",2016,979
"CZ08",2016,356
"DE11",2016,1276
"DE12",2016,3464
"DE13",2016,1457
"DE14",2016,1509
"DE21",2016,4328
"DE22",2016,103
"DE23",2016,338
"DE24",2016,488
"DE25",2016,1058
"DE26",2016,587
"DE27",2016,198
"DE30",2016,4660
"DE40",2016,1229
"DE50",2016,1218
"DE60",2016,1869
"DE71",2016,1955
"DE72",2016,848
"DE73",2016,273
"DE80",2016,579
"DE91",2016,2028
"DE92",2016,1074
"DE93",2016,2
"DE94",2016,532
"DEA1",2016,1419
"DEA2",2016,4245
"DEA3",2016,513
"DEA4",2016,549
"DEA5",2016,1542
"DEB1",2016,51
"DEB2",2016,150
"DEB3",2016,1210
"DEC0",2016,499
"DED2",2016,1499
"DED4",2016,333
"DED5",2016,914
"DEE0",2016,816
"DEF0",2016,1394
"DEG0",2016,1051
"DK01",2016,7073
"DK02",2016,659
"DK03",2016,1557
"DK04",2016,2338
"DK05",2016,899
"EE00",2016,1109
"EL30",2016,2927
"EL41",2016,142
"EL42",2016,0
"EL43",2016,624
"EL51",2016,254
"EL52",2016,1638
"EL53",2016,73
"EL54",2016,290
"EL61",2016,296
"EL62",2016,50
"EL63",2016,773
"EL64",2016,48
"EL65",2016,45
"ES11",2016,3757
"ES12",2016,1347
"ES13",2016,675
"ES21",2016,3265
"ES22",2016,1075
"ES23",2016,473
"ES24",2016,1697
"ES30",2016,16925
"ES41",2016,4223
"ES42",2016,1339
"ES43",2016,848
"ES51",2016,17584
"ES52",2016,6846
"ES53",2016,552
"ES61",2016,12175
"ES62",2016,1688
"ES63",2016,21
"ES64",2016,17
"ES70",2016,1367
"FI19",2016,2220
"FI1B",2016,3940
"FI1C",2016,1381
"FI1D",2016,1676
"FI20",2016,0
"FR10",2016,13701
"FRB0",2016,626
"FRC1",2016,353
"FRC2",2016,280
"FRD1",2016,347
"FRD2",2016,334
"FRE1",2016,1435
"FRE2",2016,310
"FRF1",2016,1323
"FRF2",2016,262
"FRF3",2016,912
"FRG0",2016,1148
"FRH0",2016,1532
"FRI1",2016,1482
"FRI2",2016,220
"FRI3",2016,456
"FRJ1",2016,1817
"FRJ2",2016,2074
"FRK1",2016,487
"FRK2",2016,4716
"FRL0",2016,2333
"FRM0",2016,34
"FRY1",2016,0
"FRY2",2016,0
"FRY3",2016,0
"FRY4",2016,0
"FRY5",2016,0
"HR02",2016,244
"HR03",2016,1063
"HR05",2016,1959
"HR06",2016,53
"HU11",2016,2468
"HU12",2016,599
"HU21",2016,92
"HU22",2016,88
"HU23",2016,273
"HU31",2016,108
"HU32",2016,378
"HU33",2016,529
"IE04",2016,977
"IE05",2016,1828
"IE06",2016,4733
"IS00",2016,629
"ITC1",2016,2728
"ITC2",2016,12
"ITC3",2016,1178
"ITC4",2016,8253
"ITF1",2016,684
"ITF2",2016,132
"ITF3",2016,2776
"ITF4",2016,1302
"ITF5",2016,118
"ITF6",2016,536
"ITG1",2016,1700
"ITG2",2016,713
"ITH1",2016,608
"ITH2",2016,465
"ITH3",2016,3525
"ITH4",2016,1386
"ITH5",2016,4102
"ITI1",2016,4790
"ITI2",2016,3
"ITI3",2016,805
"ITI4",2016,6608
"LT01",2016,912
"LT02",2016,783
"LU00",2016,684
"LV00",2016,1037
"MT00",2016,321
"NL11",2016,1760
"NL12",2016,73
"NL13",2016,40
"NL21",2016,1007
"NL22",2016,2814
"NL23",2016,22
"NL31",2016,2440
"NL32",2016,3814
"NL33",2016,4933
"NL34",2016,38
"NL41",2016,1431
"NL42",2016,1221
"NO02",2016,99
"NO06",2016,1328
"NO07",2016,630
"NO08",2016,2603
"NO09",2016,199
"NO0A",2016,1394
"NO0B",2016,30
"PL21",2016,4577
"PL22",2016,2630
"PL41",2016,2697
"PL42",2016,789
"PL43",2016,174
"PL51",2016,2807
"PL52",2016,351
"PL61",2016,1009
"PL62",2016,558
"PL63",2016,1991
"PL71",2016,1861
"PL72",2016,225
"PL81",2016,1680
"PL82",2016,484
"PL84",2016,613
"PL91",2016,7360
"PL92",2016,242
"PT11",2016,11849
"PT15",2016,708
"PT16",2016,20449
"PT17",2016,1476
"PT18",2016,783
"PT20",2016,313
"PT30",2016,304
"RO11",2016,1136
"RO12",2016,285
"RO21",2016,605
"RO22",2016,217
"RO31",2016,82
"RO32",2016,2095
"RO41",2016,126
"RO42",2016,448
"SE11",2016,4382
"SE12",2016,3531
"SE21",2016,2491
"SE22",2016,2411
"SE23",2016,499
"SE31",2016,273
"SE32",2016,118
"SE33",2016,1128
"SI03",2016,202
"SI04",2016,1161
"SK01",2016,872
"SK02",2016,212
"SK03",2016,273
"SK04",2016,464
"UKC1",2016,1285
"UKC2",2016,2375
"UKD1",2016,70
"UKD3",2016,5449
"UKD4",2016,1438
"UKD6",2016,323
"UKD7",2016,2335
"UKE1",2016,516
"UKE2",2016,1912
"UKE3",2016,2815
"UKE4",2016,3805
"UKF1",2016,3616
"UKF2",2016,38
"UKF3",2016,468
"UKG1",2016,4825
"UKG2",2016,569
"UKG3",2016,2857
"UKH1",2016,7639
"UKH2",2016,565
"UKH3",2016,716
"UKI0",2016,21827
"UKJ1",2016,8142
"UKJ2",2016,2748
"UKJ3",2016,2768
"UKJ4",2016,1032
"UKK1",2016,2642
"UKK2",2016,1252
"UKK3",2016,196
"UKK4",2016,1867
"UKL1",2016,1757
"UKL2",2016,2130
"UKM5",2016,1169
"UKM6",2016,49
"UKM7",2016,6141
"UKM8",2016,3653
"UKM9",2016,38
"UKN0",2016,1388
"AT11",2016,20
"AT12",2017,458
"AT13",2017,4710
"AT21",2017,185
"AT22",2017,1336
"AT31",2017,457
"AT32",2017,360
"AT33",2017,953
"AT34",2017,30
"BE10",2017,2681
"BE21",2017,1269
"BE22",2017,342
"BE23",2017,2495
"BE24",2017,3245
"BE25",2017,134
"BE31",2017,669
"BE32",2017,181
"BE33",2017,613
"BE34",2017,7
"BE35",2017,199
"BG31",2017,50
"BG32",2017,149
"BG33",2017,271
"BG34",2017,69
"BG41",2017,1292
"BG42",2017,288
"CH01",2017,5279
"CH02",2017,2033
"CH03",2017,1692
"CH04",2017,4480
"CH05",2017,280
"CH06",2017,203
"CH07",2017,278
"CY00",2017,1261
"CZ01",2017,4609
"CZ02",2017,119
"CZ03",2017,533
"CZ04",2017,60
"CZ05",2017,510
"CZ06",2017,1727
"CZ07",2017,1000
"CZ08",2017,344
"DE11",2017,1217
"DE12",2017,3328
"DE13",2017,1402
"DE14",2017,1416
"DE21",2017,4233
"DE22",2017,93
"DE23",2017,326
"DE24",2017,467
"DE25",2017,1013
"DE26",2017,564
"DE27",2017,195
"DE30",2017,4527
"DE40",2017,1218
"DE50",2017,1198
"DE60",2017,1847
"DE71",2017,1946
"DE72",2017,801
"DE73",2017,260
"DE80",2017,567
"DE91",2017,1946
"DE92",2017,1052
"DE93",2017,1
"DE94",2017,545
"DEA1",2017,1352
"DEA2",2017,4122
"DEA3",2017,489
"DEA4",2017,538
"DEA5",2017,1487
"DEB1",2017,44
"DEB2",2017,153
"DEB3",2017,1148
"DEC0",2017,468
"DED2",2017,1477
"DED4",2017,310
"DED5",2017,925
"DEE0",2017,756
"DEF0",2017,1382
"DEG0",2017,997
"DK01",2017,6832
"DK02",2017,629
"DK03",2017,1498
"DK04",2017,2245
"DK05",2017,872
"EE00",2017,1076
"EL30",2017,2664
"EL41",2017,143
"EL42",2017,0
"EL43",2017,569
"EL51",2017,228
"EL52",2017,1536
"EL53",2017,77
"EL54",2017,257
"EL61",2017,278
"EL62",2017,51
"EL63",2017,726
"EL64",2017,50
"EL65",2017,47
"ES11",2017,3544
"ES12",2017,1261
"ES13",2017,656
"ES21",2017,3072
"ES22",2017,1015
"ES23",2017,515
"ES24",2017,1631
"ES30",2017,16109
"ES41",2017,3959
"ES42",2017,1291
"ES43",2017,816
"ES51",2017,16456
"ES52",2017,6495
"ES53",2017,544
"ES61",2017,11702
"ES62",2017,1648
"ES63",2017,22
"ES64",2017,19
"ES70",2017,1287
"FI19",2017,2185
"FI1B",2017,3785
"FI1C",2017,1374
"FI1D",2017,1625
"FI20",2017,0
"FR10",2017,13253
"FRB0",2017,615
"FRC1",2017,348
"FRC2",2017,280
"FRD1",2017,332
"FRD2",2017,316
"FRE1",2017,1358
"FRE2",2017,306
"FRF1",2017,1260
"FRF2",2017,252
"FRF3",2017,857
"FRG0",2017,1097
"FRH0",2017,1526
"FRI1",2017,1433
"FRI2",2017,200
"FRI3",2017,427
"FRJ1",2017,1725
"FRJ2",2017,1952
"FRK1",2017,484
"FRK2",2017,4423
"FRL0",2017,2269
"FRM0",2017,35
"FRY1",2017,0
"FRY2",2017,0
"FRY3",2017,0
"FRY4",2017,0
"FRY5",2017,0
"HR02",2017,235
"HR03",2017,1034
"HR05",2017,1839
"HR06",2017,58
"HU11",2017,2364
"HU12",2017,610
"HU21",2017,83
"HU22",2017,90
"HU23",2017,270
"HU31",2017,99
"HU32",2017,359
"HU33",2017,493
"IE04",2017,934
"IE05",2017,1710
"IE06",2017,4534
"IS00",2017,616
"ITC1",2017,2691
"ITC2",2017,17
"ITC3",2017,1139
"ITC4",2017,7966
"ITF1",2017,693
"ITF2",2017,121
"ITF3",2017,2590
"ITF4",2017,1251
"ITF5",2017,124
"ITF6",2017,501
"ITG1",2017,1622
"ITG2",2017,698
"ITH1",2017,582
"ITH2",2017,444
"ITH3",2017,3399
"ITH4",2017,1284
"ITH5",2017,4001
"ITI1",2017,4495
"ITI2",2017,4
"ITI3",2017,745
"ITI4",2017,6340
"LT01",2017,889
"LT02",2017,737
"LU00",2017,726
"LV00",2017,1016
"MT00",2017,306
"NL11",2017,1732
"NL12",2017,69
"NL13",2017,37
"NL21",2017,961
"NL22",2017,2701
"NL23",2017,20
"NL31",2017,2359
"NL32",2017,3743
"NL33",2017,4839
"NL34",2017,38
"NL41",2017,1431
"NL42",2017,1191
"NO02",2017,94
"NO06",2017,1282
"NO07",2017,621
"NO08",2017,2554
"NO09",2017,188
"NO0A",2017,1361
"NO0B",2017,25
"PL21",2017,4536
"PL22",2017,2569
"PL41",2017,2662
"PL42",2017,789
"PL43",2017,181
"PL51",2017,2790
"PL52",2017,363
"PL61",2017,996
"PL62",2017,555
"PL63",2017,1968
"PL71",2017,1830
"PL72",2017,231
"PL81",2017,1656
"PL82",2017,487
"PL84",2017,612
"PL91",2017,7289
"PL92",2017,250
"PT11",2017,11121
"PT15",2017,658
"PT16",2017,19095
"PT17",2017,1340
"PT18",2017,726
"PT20",2017,295
"PT30",2017,296
"RO11",2017,1103
"RO12",2017,275
"RO21",2017,575
"RO22",2017,192
"RO31",2017,75
"RO32",2017,1985
"RO41",2017,122
"RO42",2017,413
"SE11",2017,4168
"SE12",2017,3314
"SE21",2017,2439
"SE22",2017,2217
"SE23",2017,483
"SE31",2017,271
"SE32",2017,105
"SE33",2017,1076
"SI03",2017,172
"SI04",2017,1064
"SK01",2017,843
"SK02",2017,218
"SK03",2017,268
"SK04",2017,450
"UKC1",2017,1207
"UKC2",2017,2259
"UKD1",2017,69
"UKD3",2017,5093
"UKD4",2017,1398
"UKD6",2017,309
"UKD7",2017,2209
"UKE1",2017,455
"UKE2",2017,1842
"UKE3",2017,2642
"UKE4",2017,3650
"UKF1",2017,3404
"UKF2",2017,34
"UKF3",2017,460
"UKG1",2017,4575
"UKG2",2017,543
"UKG3",2017,2724
"UKH1",2017,7356
"UKH2",2017,554
"UKH3",2017,718
"UKI0",2017,21117
"UKJ1",2017,7817
"UKJ2",2017,2605
"UKJ3",2017,2633
"UKJ4",2017,989
"UKK1",2017,2531
"UKK2",2017,1213
"UKK3",2017,189
"UKK4",2017,1748
"UKL1",2017,1658
"UKL2",2017,2030
"UKM5",2017,1062
"UKM6",2017,52
"UKM7",2017,5899
"UKM8",2017,3415
"UKM9",2017,33
"UKN0",2017,1318
"AT11",2017,20
"AT12",2018,456
"AT13",2018,4320
"AT21",2018,168
"AT22",2018,1261
"AT31",2018,427
"AT32",2018,349
"AT33",2018,857
"AT34",2018,29
"BE10",2018,2542
"BE21",2018,1220
"BE22",2018,320
"BE23",2018,2305
"BE24",2018,2988
"BE25",2018,133
"BE31",2018,631
"BE32",2018,162
"BE33",2018,549
"BE34",2018,4
"BE35",2018,185
"BG31",2018,49
"BG32",2018,136
"BG33",2018,246
"BG34",2018,64
"BG41",2018,1202
"BG42",2018,266
"CH01",2018,4947
"CH02",2018,1894
"CH03",2018,1561
"CH04",2018,4127
"CH05",2018,280
"CH06",2018,203
"CH07",2018,276
"CY00",2018,1177
"CZ01",2018,4261
"CZ02",2018,117
"CZ03",2018,495
"CZ04",2018,62
"CZ05",2018,497
"CZ06",2018,1604
"CZ07",2018,961
"CZ08",2018,328
"DE11",2018,1139
"DE12",2018,3109
"DE13",2018,1227
"DE14",2018,1325
"DE21",2018,3916
"DE22",2018,82
"DE23",2018,300
"DE24",2018,428
"DE25",2018,920
"DE26",2018,518
"DE27",2018,181
"DE30",2018,4297
"DE40",2018,1166
"DE50",2018,1076
"DE60",2018,1732
"DE71",2018,1823
"DE72",2018,700
"DE73",2018,222
"DE80",2018,539
"DE91",2018,1790
"DE92",2018,964
"DE93",2018,1
"DE94",2018,511
"DEA1",2018,1257
"DEA2",2018,3828
"DEA3",2018,461
"DEA4",2018,504
"DEA5",2018,1372
"DEB1",2018,43
"DEB2",2018,145
"DEB3",2018,1052
"DEC0",2018,438
"DED2",2018,1343
"DED4",2018,301
"DED5",2018,854
"DEE0",2018,712
"DEF0",2018,1261
"DEG0",2018,922
"DK01",2018,6212
"DK02",2018,568
"DK03",2018,1375
"DK04",2018,2059
"DK05",2018,780
"EE00",2018,1001
"EL30",2018,2471
"EL41",2018,129
"EL42",2018,0
"EL43",2018,511
"EL51",2018,212
"EL52",2018,1392
"EL53",2018,68
"EL54",2018,201
"EL61",2018,261
"EL62",2018,47
"EL63",2018,639
"EL64",2018,46
"EL65",2018,50
"ES11",2018,3253
"ES12",2018,1089
"ES13",2018,626
"ES21",2018,2810
"ES22",2018,953
"ES23",2018,551
"ES24",2018,1520
"ES30",2018,14754
"ES41",2018,3708
"ES42",2018,1198
"ES43",2018,753
"ES51",2018,14785
"ES52",2018,5893
"ES53",2018,512
"ES61",2018,10716
"ES62",2018,1432
"ES63",2018,20
"ES64",2018,14
"ES70",2018,1164
"FI19",2018,2064
"FI1B",2018,3572
"FI1C",2018,1281
"FI1D",2018,1536
"FI20",2018,0
"FR10",2018,12320
"FRB0",2018,559
"FRC1",2018,319
"FRC2",2018,264
"FRD1",2018,322
"FRD2",2018,304
"FRE1",2018,1290
"FRE2",2018,286
"FRF1",2018,1164
"FRF2",2018,231
"FRF3",2018,772
"FRG0",2018,1052
"FRH0",2018,1426
"FRI1",2018,1358
"FRI2",2018,181
"FRI3",2018,389
"FRJ1",2018,1651
"FRJ2",2018,1832
"FRK1",2018,451
"FRK2",2018,4073
"FRL0",2018,2126
"FRM0",2018,37
"FRY1",2018,0
"FRY2",2018,0
"FRY3",2018,0
"FRY4",2018,0
"FRY5",2018,0
"HR02",2018,212
"HR03",2018,946
"HR05",2018,1660
"HR06",2018,55
"HU11",2018,2196
"HU12",2018,566
"HU21",2018,73
"HU22",2018,81
"HU23",2018,261
"HU31",2018,100
"HU32",2018,354
"HU33",2018,447
"IE04",2018,855
"IE05",2018,1594
"IE06",2018,4230
"IS00",2018,559
"ITC1",2018,2472
"ITC2",2018,15
"ITC3",2018,1055
"ITC4",2018,7365
"ITF1",2018,653
"ITF2",2018,111
"ITF3",2018,2446
"ITF4",2018,1170
"ITF5",2018,118
"ITF6",2018,455
"ITG1",2018,1524
"ITG2",2018,632
"ITH1",2018,554
"ITH2",2018,390
"ITH3",2018,3199
"ITH4",2018,1196
"ITH5",2018,3642
"ITI1",2018,4093
"ITI2",2018,3
"ITI3",2018,695
"ITI4",2018,5856
"LT01",2018,807
"LT02",2018,693
"LU00",2018,695
"LV00",2018,964
"MT00",2018,272
"NL11",2018,1610
"NL12",2018,69
"NL13",2018,33
"NL21",2018,888
"NL22",2018,2452
"NL23",2018,25
"NL31",2018,2203
"NL32",2018,3536
"NL33",2018,4606
"NL34",2018,31
"NL41",2018,1437
"NL42",2018,1085
"NO02",2018,89
"NO06",2018,1229
"NO07",2018,582
"NO08",2018,2404
"NO09",2018,187
"NO0A",2018,1307
"NO0B",2018,20
"PL21",2018,4482
"PL22",2018,2455
"PL41",2018,2570
"PL42",2018,779
"PL43",2018,179
"PL51",2018,2692
"PL52",2018,351
"PL61",2018,959
"PL62",2018,528
"PL63",2018,1915
"PL71",2018,1779
"PL72",2018,238
"PL81",2018,1651
"PL82",2018,457
"PL84",2018,595
"PL91",2018,7084
"PL92",2018,244
"PT11",2018,9974
"PT15",2018,583
"PT16",2018,16860
"PT17",2018,1244
"PT18",2018,666
"PT20",2018,261
"PT30",2018,267
"RO11",2018,1044
"RO12",2018,259
"RO21",2018,528
"RO22",2018,175
"RO31",2018,67
"RO32",2018,1830
"RO41",2018,116
"RO42",2018,399
"SE11",2018,3890
"SE12",2018,3078
"SE21",2018,2294
"SE22",2018,2051
"SE23",2018,437
"SE31",2018,262
"SE32",2018,94
"SE33",2018,991
"SI03",2018,166
"SI04",2018,998
"SK01",2018,799
"SK02",2018,217
"SK03",2018,261
"SK04",2018,434
"UKC1",2018,1083
"UKC2",2018,2088
"UKD1",2018,71
"UKD3",2018,4582
"UKD4",2018,1281
"UKD6",2018,300
"UKD7",2018,2029
"UKE1",2018,408
"UKE2",2018,1690
"UKE3",2018,2401
"UKE4",2018,3267
"UKF1",2018,3154
"UKF2",2018,32
"UKF3",2018,423
"UKG1",2018,4167
"UKG2",2018,511
"UKG3",2018,2537
"UKH1",2018,6825
"UKH2",2018,510
"UKH3",2018,676
"UKI0",2018,19712
"UKJ1",2018,7170
"UKJ2",2018,2385
"UKJ3",2018,2385
"UKJ4",2018,921
"UKK1",2018,2317
"UKK2",2018,1094
"UKK3",2018,175
"UKK4",2018,1581
"UKL1",2018,1514
"UKL2",2018,1859
"UKM5",2018,966
"UKM6",2018,51
"UKM7",2018,5384
"UKM8",2018,3138
"UKM9",2018,30
"UKN0",2018,1215
"AT11",2018,21
"AT12",2019,402
"AT13",2019,3830
"AT21",2019,156
"AT22",2019,1078
"AT31",2019,394
"AT32",2019,311
"AT33",2019,737
"AT34",2019,23
"BE10",2019,2290
"BE21",2019,1117
"BE22",2019,292
"BE23",2019,2006
"BE24",2019,2639
"BE25",2019,113
"BE31",2019,537
"BE32",2019,152
"BE33",2019,498
"BE34",2019,7
"BE35",2019,160
"BG31",2019,45
"BG32",2019,123
"BG33",2019,219
"BG34",2019,55
"BG41",2019,1136
"BG42",2019,252
"CH01",2019,4499
"CH02",2019,1639
"CH03",2019,1410
"CH04",2019,3650
"CH05",2019,264
"CH06",2019,199
"CH07",2019,253
"CY00",2019,1029
"CZ01",2019,3921
"CZ02",2019,105
"CZ03",2019,454
"CZ04",2019,56
"CZ05",2019,454
"CZ06",2019,1460
"CZ07",2019,894
"CZ08",2019,286
"DE11",2019,1001
"DE12",2019,2710
"DE13",2019,1089
"DE14",2019,1159
"DE21",2019,3524
"DE22",2019,66
"DE23",2019,273
"DE24",2019,376
"DE25",2019,827
"DE26",2019,451
"DE27",2019,169
"DE30",2019,3895
"DE40",2019,1043
"DE50",2019,922
"DE60",2019,1527
"DE71",2019,1600
"DE72",2019,626
"DE73",2019,205
"DE80",2019,488
"DE91",2019,1570
"DE92",2019,887
"DE93",2019,0
"DE94",2019,456
"DEA1",2019,1131
"DEA2",2019,3383
"DEA3",2019,405
"DEA4",2019,455
"DEA5",2019,1201
"DEB1",2019,39
"DEB2",2019,134
"DEB3",2019,976
"DEC0",2019,390
"DED2",2019,1186
"DED4",2019,279
"DED5",2019,774
"DEE0",2019,632
"DEF0",2019,1146
"DEG0",2019,805
"DK01",2019,5472
"DK02",2019,494
"DK03",2019,1204
"DK04",2019,1834
"DK05",2019,670
"EE00",2019,912
"EL30",2019,2143
"EL41",2019,117
"EL42",2019,0
"EL43",2019,443
"EL51",2019,186
"EL52",2019,1258
"EL53",2019,72
"EL54",2019,172
"EL61",2019,264
"EL62",2019,43
"EL63",2019,567
"EL64",2019,44
"EL65",2019,49
"ES11",2019,2939
"ES12",2019,952
"ES13",2019,578
"ES21",2019,2504
"ES22",2019,854
"ES23",2019,523
"ES24",2019,1334
"ES30",2019,13183
"ES41",2019,3259
"ES42",2019,1051
"ES43",2019,704
"ES51",2019,13050
"ES52",2019,5295
"ES53",2019,470
"ES61",2019,9439
"ES62",2019,1283
"ES63",2019,19
"ES64",2019,12
"ES70",2019,1047
"FI19",2019,1839
"FI1B",2019,3233
"FI1C",2019,1134
"FI1D",2019,1302
"FI20",2019,0
"FR10",2019,11082
"FRB0",2019,515
"FRC1",2019,293
"FRC2",2019,237
"FRD1",2019,290
"FRD2",2019,289
"FRE1",2019,1177
"FRE2",2019,257
"FRF1",2019,1043
"FRF2",2019,210
"FRF3",2019,721
"FRG0",2019,935
"FRH0",2019,1261
"FRI1",2019,1198
"FRI2",2019,158
"FRI3",2019,357
"FRJ1",2019,1459
"FRJ2",2019,1681
"FRK1",2019,401
"FRK2",2019,3630
"FRL0",2019,1894
"FRM0",2019,35
"FRY1",2019,0
"FRY2",2019,0
"FRY3",2019,0
"FRY4",2019,0
"FRY5",2019,0
"HR02",2019,184
"HR03",2019,814
"HR05",2019,1469
"HR06",2019,45
"HU11",2019,2008
"HU12",2019,483
"HU21",2019,69
"HU22",2019,78
"HU23",2019,233
"HU31",2019,92
"HU32",2019,320
"HU33",2019,409
"IE04",2019,763
"IE05",2019,1436
"IE06",2019,3810
"IS00",2019,503
"ITC1",2019,2237
"ITC2",2019,14
"ITC3",2019,931
"ITC4",2019,6620
"ITF1",2019,573
"ITF2",2019,112
"ITF3",2019,2211
"ITF4",2019,1067
"ITF5",2019,115
"ITF6",2019,405
"ITG1",2019,1433
"ITG2",2019,597
"ITH1",2019,484
"ITH2",2019,350
"ITH3",2019,2896
"ITH4",2019,1004
"ITH5",2019,3233
"ITI1",2019,3674
"ITI2",2019,2
"ITI3",2019,638
"ITI4",2019,5365
"LT01",2019,695
"LT02",2019,567
"LU00",2019,650
"LV00",2019,855
"MT00",2019,239
"NL11",2019,1486
"NL12",2019,62
"NL13",2019,22
"NL21",2019,804
"NL22",2019,2173
"NL23",2019,23
"NL31",2019,1985
"NL32",2019,3147
"NL33",2019,4173
"NL34",2019,28
"NL41",2019,1357
"NL42",2019,973
"NO02",2019,72
"NO06",2019,1099
"NO07",2019,541
"NO08",2019,2160
"NO09",2019,173
"NO0A",2019,1171
"NO0B",2019,24
"PL21",2019,4187
"PL22",2019,2289
"PL41",2019,2321
"PL42",2019,727
"PL43",2019,169
"PL51",2019,2449
"PL52",2019,326
"PL61",2019,907
"PL62",2019,488
"PL63",2019,1724
"PL71",2019,1632
"PL72",2019,233
"PL81",2019,1508
"PL82",2019,413
"PL84",2019,529
"PL91",2019,6495
"PL92",2019,224
"PT11",2019,8549
"PT15",2019,503
"PT16",2019,14563
"PT17",2019,1026
"PT18",2019,579
"PT20",2019,228
"PT30",2019,230
"RO11",2019,923
"RO12",2019,229
"RO21",2019,479
"RO22",2019,167
"RO31",2019,63
"RO32",2019,1630
"RO41",2019,111
"RO42",2019,362
"SE11",2019,3510
"SE12",2019,2838
"SE21",2019,2074
"SE22",2019,1831
"SE23",2019,414
"SE31",2019,239
"SE32",2019,91
"SE33",2019,891
"SI03",2019,148
"SI04",2019,894
"SK01",2019,734
"SK02",2019,218
"SK03",2019,234
"SK04",2019,424
"UKC1",2019,915
"UKC2",2019,1883
"UKD1",2019,61
"UKD3",2019,3995
"UKD4",2019,1088
"UKD6",2019,277
"UKD7",2019,1791
"UKE1",2019,363
"UKE2",2019,1446
"UKE3",2019,2171
"UKE4",2019,2906
"UKF1",2019,2824
"UKF2",2019,27
"UKF3",2019,380
"UKG1",2019,3665
"UKG2",2019,457
"UKG3",2019,2282
"UKH1",2019,6077
"UKH2",2019,453
"UKH3",2019,611
"UKI0",2019,17652
"UKJ1",2019,6338
"UKJ2",2019,2129
"UKJ3",2019,2086
"UKJ4",2019,817
"UKK1",2019,2080
"UKK2",2019,957
"UKK3",2019,154
"UKK4",2019,1421
"UKL1",2019,1287
"UKL2",2019,1636
"UKM5",2019,860
"UKM6",2019,41
"UKM7",2019,4691
"UKM8",2019,2723
"UKM9",2019,24
"UKN0",2019,1083
"AT11",2019,21
"AT12",2020,338
"AT13",2020,3287
"AT21",2020,120
"AT22",2020,954
"AT31",2020,350
"AT32",2020,267
"AT33",2020,630
"AT34",2020,20
"BE10",2020,2005
"BE21",2020,938
"BE22",2020,254
"BE23",2020,1755
"BE24",2020,2283
"BE25",2020,99
"BE31",2020,478
"BE32",2020,120
"BE33",2020,426
"BE34",2020,5
"BE35",2020,141
"BG31",2020,42
"BG32",2020,110
"BG33",2020,212
"BG34",2020,54
"BG41",2020,1091
"BG42",2020,240
"CH01",2020,4035
"CH02",2020,1400
"CH03",2020,1255
"CH04",2020,3110
"CH05",2020,229
"CH06",2020,176
"CH07",2020,208
"CY00",2020,863
"CZ01",2020,3637
"CZ02",2020,110
"CZ03",2020,428
"CZ04",2020,53
"CZ05",2020,426
"CZ06",2020,1345
"CZ07",2020,870
"CZ08",2020,272
"DE11",2020,875
"DE12",2020,2319
"DE13",2020,922
"DE14",2020,1014
"DE21",2020,3022
"DE22",2020,56
"DE23",2020,250
"DE24",2020,342
"DE25",2020,737
"DE26",2020,377
"DE27",2020,147
"DE30",2020,3368
"DE40",2020,947
"DE50",2020,776
"DE60",2020,1338
"DE71",2020,1420
"DE72",2020,545
"DE73",2020,180
"DE80",2020,422
"DE91",2020,1365
"DE92",2020,800
"DE93",2020,0
"DE94",2020,419
"DEA1",2020,986
"DEA2",2020,2959
"DEA3",2020,344
"DEA4",2020,392
"DEA5",2020,1071
"DEB1",2020,38
"DEB2",2020,124
"DEB3",2020,834
"DEC0",2020,325
"DED2",2020,1008
"DED4",2020,244
"DED5",2020,712
"DEE0",2020,574
"DEF0",2020,997
"DEG0",2020,698
"DK01",2020,4838
"DK02",2020,423
"DK03",2020,1049
"DK04",2020,1618
"DK05",2020,584
"EE00",2020,811
"EL30",2020,1876
"EL41",2020,114
"EL42",2020,0
"EL43",2020,375
"EL51",2020,155
"EL52",2020,1121
"EL53",2020,60
"EL54",2020,152
"EL61",2020,224
"EL62",2020,35
"EL63",2020,467
"EL64",2020,30
"EL65",2020,44
"ES11",2020,2538
"ES12",2020,845
"ES13",2020,470
"ES21",2020,2165
"ES22",2020,761
"ES23",2020,467
"ES24",2020,1154
"ES30",2020,11257
"ES41",2020,2818
"ES42",2020,885
"ES43",2020,608
"ES51",2020,11091
"ES52",2020,4546
"ES53",2020,415
"ES61",2020,8032
"ES62",2020,1123
"ES63",2020,14
"ES64",2020,12
"ES70",2020,925
"FI19",2020,1623
"FI1B",2020,2837
"FI1C",2020,1003
"FI1D",2020,1142
"FI20",2020,0
"FR10",2020,9692
"FRB0",2020,460
"FRC1",2020,262
"FRC2",2020,226
"FRD1",2020,231
"FRD2",2020,268
"FRE1",2020,1060
"FRE2",2020,236
"FRF1",2020,925
"FRF2",2020,187
"FRF3",2020,654
"FRG0",2020,825
"FRH0",2020,1136
"FRI1",2020,1041
"FRI2",2020,143
"FRI3",2020,300
"FRJ1",2020,1327
"FRJ2",2020,1479
"FRK1",2020,339
"FRK2",2020,3176
"FRL0",2020,1710
"FRM0",2020,33
"FRY1",2020,0
"FRY2",2020,0
"FRY3",2020,0
"FRY4",2020,0
"FRY5",2020,0
"HR02",2020,173
"HR03",2020,740
"HR05",2020,1358
"HR06",2020,46
"HU11",2020,1810
"HU12",2020,429
"HU21",2020,60
"HU22",2020,74
"HU23",2020,234
"HU31",2020,90
"HU32",2020,295
"HU33",2020,387
"IE04",2020,661
"IE05",2020,1236
"IE06",2020,3246
"IS00",2020,436
"ITC1",2020,1978
"ITC2",2020,15
"ITC3",2020,802
"ITC4",2020,5882
"ITF1",2020,492
"ITF2",2020,99
"ITF3",2020,2055
"ITF4",2020,954
"ITF5",2020,105
"ITF6",2020,370
"ITG1",2020,1321
"ITG2",2020,549
"ITH1",2020,407
"ITH2",2020,285
"ITH3",2020,2519
"ITH4",2020,897
"ITH5",2020,2846
"ITI1",2020,3220
"ITI2",2020,3
"ITI3",2020,551
"ITI4",2020,4853
"LT01",2020,615
"LT02",2020,505
"LU00",2020,547
"LV00",2020,778
"MT00",2020,194
"NL11",2020,1295
"NL12",2020,49
"NL13",2020,22
"NL21",2020,716
"NL22",2020,1924
"NL23",2020,22
"NL31",2020,1743
"NL32",2020,2798
"NL33",2020,3723
"NL34",2020,24
"NL41",2020,1258
"NL42",2020,847
"NO02",2020,73
"NO06",2020,979
"NO07",2020,460
"NO08",2020,1908
"NO09",2020,162
"NO0A",2020,1050
"NO0B",2020,19
"PL21",2020,3867
"PL22",2020,2078
"PL41",2020,2100
"PL42",2020,661
"PL43",2020,146
"PL51",2020,2218
"PL52",2020,323
"PL61",2020,824
"PL62",2020,472
"PL63",2020,1598
"PL71",2020,1492
"PL72",2020,203
"PL81",2020,1405
"PL82",2020,385
"PL84",2020,506
"PL91",2020,5783
"PL92",2020,206
"PT11",2020,7144
"PT15",2020,410
"PT16",2020,12037
"PT17",2020,846
"PT18",2020,478
"PT20",2020,207
"PT30",2020,192
"RO11",2020,834
"RO12",2020,220
"RO21",2020,461
"RO22",2020,153
"RO31",2020,56
"RO32",2020,1482
"RO41",2020,104
"RO42",2020,344
"SE11",2020,3170
"SE12",2020,2587
"SE21",2020,1854
"SE22",2020,1643
"SE23",2020,387
"SE31",2020,221
"SE32",2020,85
"SE33",2020,806
"SI03",2020,137
"SI04",2020,824
"SK01",2020,679
"SK02",2020,211
"SK03",2020,226
"SK04",2020,402
"UKC1",2020,799
"UKC2",2020,1631
"UKD1",2020,54
"UKD3",2020,3482
"UKD4",2020,959
"UKD6",2020,237
"UKD7",2020,1547
"UKE1",2020,318
"UKE2",2020,1247
"UKE3",2020,1871
"UKE4",2020,2546
"UKF1",2020,2424
"UKF2",2020,20
"UKF3",2020,326
"UKG1",2020,3148
"UKG2",2020,389
"UKG3",2020,2027
"UKH1",2020,5297
"UKH2",2020,402
"UKH3",2020,560
"UKI0",2020,15273
"UKJ1",2020,5568
"UKJ2",2020,1862
"UKJ3",2020,1808
"UKJ4",2020,700
"UKK1",2020,1832
"UKK2",2020,839
"UKK3",2020,138
"UKK4",2020,1210
"UKL1",2020,1105
"UKL2",2020,1419
"UKM5",2020,745
"UKM6",2020,35
"UKM7",2020,4120
"UKM8",2020,2397
"UKM9",2020,22
"UKN0",2020,939
"AT11",2020,19
